Primary inputs at basic prices;C.I.F./F.O.B. Adjustments on imports;Direct purchases abroad by residents;Direct purchases in domestic markets by non-residents ;Primary inputs at basic prices;Net tax on products;Primary inputs at purchase prices;Gross Value Added;Compensation of employees;Other taxes on production;Other subsidies on production;Gross operating surplus;Consumption of fixed capital formation;Net operating Surplus;Total Intermediate Consumption;Households final consumption expenditures;Government final consumption expenditures;Non profit institutions serving household final consumption expenditures;Final consumption expenditures;Fixed capital Formation;Change in inventories;Gross capital formation;Export of goods;Petroleum Exports;Export of services;Total Export;Final Demand;Total imports;Total Output 
57291016,67;0;0;0;57291016,67;-2025250,546;55265766,12;81923528,85;8887176,363;2594507,772;2870534,571;73312379,28;2016227,092;71296152,19;111150323,9;43609933,99;1583155,005;9509,136697;45202598,13;9260286,063;3493218,573;12753504,64;2305238,122;0;6507,15725;2311745,279;60267848,05;34228876,94;137189295
93623,51199;0;0;0;93623,51199;2867,923624;96491,43561;110402,6059;26730,24765;11979,49669;31019,78606;102712,6476;11026,86162;91685,78602;267325,7503;129723,5314;0;0;129723,5314;0;3898,815277;3898,815277;4529,12061;0;0;4529,12061;138151,4673;198583,176;206894,0415
6416425,867;0;0;0;6416425,867;177467,2322;6593893,1;5660301,431;629139,7183;61099,19498;351337,0488;5321399,567;954863,9052;4366535,662;2651148,339;10084698,17;539203,0306;68,84415678;10623970,04;345,8792567;-406765,8484;-406419,9691;66043,95055;0;14,83601146;66058,78656;10283608,86;680562,668;12254194,53
558,1754353;0;0;0;558,1754353;17,83224052;576,0076758;1954,648324;544,32;380,095464;55,28236609;1085,515226;349,5629726;735,9522537;199630,3935;6281,565478;0;0;6281,565478;0;-59356,28065;-59356,28065;623,5172609;1095,243379;0;1718,76064;-51355,95454;145743,783;2530,656
106731258,5;0;0;0;106731258,5;3440977,057;110172235,6;787082757,8;44917055,15;141756,6444;0;742023946;45253230,06;696770715,9;270724778;209261,8346;0;0;209261,8346;0;22486043,82;22486043,82;0;603835267,5;0;603835267,5;626530573,1;357,796;897254993,3
1491709,82;0;0;0;1491709,82;64167,75773;1555877,578;3644479,526;590671,2121;104423,5087;107408,4794;3056793,285;898495,3422;2158297,942;6937943,672;1926,565813;0;0;1926,565813;261,7472796;-3738282,727;-3738020,979;2703720,14;0;10,38077797;2703730,521;-1032363,893;705222,6754;5200357,104
4352927,671;0;0;0;4352927,671;130454,1855;4483381,856;7538248,741;549754,0947;52488,67049;213200,6108;7149206,586;1702121,092;5447085,495;10877635,56;10629,04875;0;16,35989718;10645,40865;41731,01296;1279726,082;1321457,095;665427,1047;5138,597352;76,51823965;670642,2203;2002744,724;858749,6827;12021630,6
2250420,715;0;0;0;2250420,715;63817,8819;2314238,597;3007355,93;763859,5667;270270,152;95059,97363;2068286,185;1123873,015;944413,1698;5953942,684;526618,5736;0;545,1295971;527163,7032;49991,73717;0;49991,73717;0;0;2137,743847;2137,743847;579293,1842;1211641,342;5321594,526
54487469,82;0;0;0;54487469,82;-5685,695776;54481784,13;47348948,76;8466815,458;1755127,93;1500752,539;38627757,91;4166895,144;34460862,77;32835296,51;106842721,3;6316649,876;501,6484907;113159872,8;4106,916529;-2885469,7;-2881362,783;12094592,76;0;550,6192567;12095143,38;122373653,4;53378217;101830732,9
7771729,835;0;0;0;7771729,835;231801,4289;8003531,264;6173707,038;1885012,003;255126,4966;155435,7461;4189004,285;237543,7009;3951460,584;6524780,161;7740383,372;568827,7313;0;8309211,103;0;-412803,3036;-412803,3036;497636,8614;0;10,09486477;497646,9563;8394054,756;741596,6144;14177238,3
17513,79136;0;0;0;17513,79136;511,160151;18024,95151;90002,15437;10924,00933;1920,648544;2545,487216;79702,98371;3515,872691;76187,11102;1548238,546;852595,4007;0;1,580138209;852596,9809;0;50854,38821;50854,38821;12875,09403;0;0,240302716;12875,33433;916326,7034;2356538,144;108027,1059
6365629,588;0;0;0;6365629,588;240744,6278;6606374,216;6230915,06;772761,1824;105215,5934;141316,6721;5494254,956;720220,1455;4774034,81;6887445,02;10999246,95;2067,208095;99,80552217;11001413,97;3091,801305;-210142,2791;-207050,4778;1667506,745;0;64,78186785;1667571,527;12461935,02;6512090,76;12837289,28
5363245,79;0;0;0;5363245,79;270921,7699;5634167,56;6701418,717;1773064,638;525528,3144;189532,9624;4592358,727;631999,6583;3960359,069;3498215,584;21598971,1;1326949,016;107,9089711;22926028,02;1221950,793;193218,3076;1415169,1;496961,236;0;132,2698802;497093,5058;24838290,63;16000919,94;12335586,28
365752,9806;0;0;0;365752,9806;8093,31451;373846,2951;341940,265;102036,0044;18817,75788;10556,9502;231643,4529;117491,094;114152,3589;807706,4006;4032631,917;281137,4911;0;4313769,408;313160,6164;23252,9043;336413,5207;378566,1326;0;0,080261636;378566,2128;5028749,141;5120668,982;715786,5601
4999838,923;0;0;0;4999838,923;133895,4797;5133734,403;3714626,038;846370,0957;754865,0362;105058,9493;2218449,855;131624,8599;2086824,996;13095998,55;115587,8019;0;14,18148038;115601,9834;349,7780501;-104584,35;-104234,5719;483789,3669;0;14,16544032;483803,5324;495170,9439;4742809,048;8848360,441
9064369,325;0;0;0;9064369,325;253495,8884;9317865,213;11514554,87;1727137,429;189153,5776;325660,5836;9923924,451;1378201,69;8545722,761;19638277,13;3816435,102;0;64,54327424;3816499,646;76,27591383;95293,2777;95369,55361;2355603,35;0;132,3454271;2355735,695;6267604,894;5073461,936;20832420,09
4754008,525;0;0;0;4754008,525;127138,255;4881146,78;4242984,075;794222,6911;192932,1767;120002,2426;3375831,45;277147,1251;3098684,325;8573734,032;1630233,313;0;4,755751079;1630238,068;111,5040118;41236,15784;41347,66185;1024431,17;0;127,3803731;1024558,551;2696144,281;2145747,459;9124130,854
334781959;0;0;0;334781959;3641650,286;338423609,2;132845365,5;12301791,24;129166,227;0;120414408;26537097,94;93877310,05;295407976,8;62394627,15;0;0;62394627,15;0;-10875133,92;-10875133,92;95621,22596;151568673;0;151664294,2;203183787,5;27322789,56;471268974,7
118403044,4;0;0;0;118403044,4;1837616,46;120240660,8;110847285,7;21967995,82;848813,8001;3135039,594;91165515,71;13460357,95;77705157,76;92505963,21;21842975,31;32315,65978;138,963878;21875429,93;3156,925436;10042099,05;10045255,98;163606197;2374350,216;54,62770908;165980601,8;197901287,8;59319304,41;231087946,6
3676849,599;0;0;0;3676849,599;68827,5693;3745677,168;2173478,892;950300,6045;165721,2473;61471,43941;1118928,479;140536,5104;978391,9689;7722005,562;3591822,313;5534,815798;0;3597357,129;0;109444,8068;109444,8068;1259208,211;0;17,26260937;1259225,473;4966027,409;6768876,912;5919156,06
10632863,76;0;0;0;10632863,76;215751,3372;10848615,1;11573312,78;1552506,893;291932,3089;327322,3733;10056195,95;1499720,693;8556475,254;27342501,42;5451679,633;0;66,26991644;5451745,903;1479115,222;-1645206,928;-166091,7063;4857475,894;0;0,045238656;4857475,939;10143130,14;15063703,68;22421927,88
24960608,27;0;0;0;24960608,27;634417,4839;25595025,76;19892267,05;6915815,919;868724,593;562603,2466;12670329,78;4799349,883;7870979,898;40692589,17;5099046,692;0;134,02995;5099180,722;2953745,255;-545,3505391;2953199,904;3520641,362;0;119,0501886;3520760,412;11573141,04;6778437,406;45487292,8
24327640,97;0;0;0;24327640,97;735615,3906;25063256,36;13773766,92;4069421,889;340153,3359;264542,2682;9628733,962;2833145,527;6795588,435;56839213,32;264315,8989;0;57,72572086;264373,6247;11009078;4272190,691;15281268,7;21323558,95;0;591,1281747;21324150,08;36869792,4;54871982,45;38837023,28
16563263,93;0;0;0;16563263,93;1077919,108;17641183,04;18358746,81;4371347,254;778725,8027;519231,4549;13727905,21;1147052,676;12580852,53;10667425,73;3983154,761;0;27,04227821;3983181,803;33656319,92;30214,84628;33686534,77;3770404,907;0;2246,025095;3772650,932;41442367,5;16109863,39;35999929,85
579155,9446;0;0;0;579155,9446;9797,624977;588953,5696;499728,9288;104819,8475;237894,998;81134,75829;238148,8416;237527,0853;621,7563319;2979335,665;7797060,271;0;0;7797060,271;22215574,38;200920,5556;22416494,94;4165650,733;0;0;4165650,733;34379205,94;36269859,11;1088682,498
16916409,89;0;0;0;16916409,89;407395,734;17323805,62;11343594,73;2182292,563;500693,6391;320825,3255;8981433,857;2479604,862;6501828,995;13590750,39;3388398,682;0;36,77381029;3388435,456;52103509,79;1444540,963;53548050,75;4157957,589;0;5,95832735;4157963,547;61094449,75;46017799,8;28667400,35
7897050,232;0;0;0;7897050,232;283662,6647;8180712,896;6365281,127;2236008,02;251381,3364;180026,1273;4057917,898;1220337,482;2837580,416;17489376,32;4568281,114;0;9,721527283;4568290,835;41549635,6;-573381,8089;40976253,79;7679432,789;0;14,11730798;7679446,906;53223991,53;56167373,82;14545994,02
2943863,207;0;0;0;2943863,207;79109,52784;3022972,735;3172615,994;936767,486;87367,56446;230521,5107;2379002,454;1188146,923;1190855,531;5778541,179;6993406,826;0;7,067313199;6993413,893;33544614,33;345948,0955;33890562,42;16111189,91;0;0,454072574;16111190,36;56995166,68;56578119,13;6195588,729
1755585,904;0;0;0;1755585,904;36803,26977;1792389,174;969483,139;315095,7486;94646,80154;45596,67248;605337,2613;348156,5321;257180,7292;2681152,42;2895504,793;0;34,82018108;2895539,613;13313760,46;175896,2036;13489656,66;6075423,43;0;151,8106147;6075575,24;22460771,51;22380051,62;2761872,313
9163410,944;0;0;0;9163410,944;333748,1762;9497159,12;7539174,794;2581030,559;295999,3188;213226,7929;4875371,709;835442,2692;4039929,44;2792410,931;13724722,5;0;7,071882326;13724729,57;11255173,22;214290,7165;11469463,94;6974212,308;0;4,335220145;6974216,643;32168410,16;17924487,17;17036333,91
2965284,298;0;0;0;2965284,298;57287,85494;3022572,153;2877482,48;545538,7947;222891,368;81382,44075;2190434,758;224839,7889;1965594,969;5982391,141;4963809,517;0;44,68778964;4963854,205;9128605,744;284233,4241;9412839,168;3009871,496;0;0,706526338;3009872,203;17386565,58;17468902,08;5900054,633
5374823,359;0;0;0;5374823,359;127067,7979;5501891,157;4351968,859;1848831,32;1015343,852;123084,6048;1610878,292;859691,2589;751187,0329;3994661,58;6437551,985;0;111,795304;6437663,781;635,8366695;-3,987026672;631,8496428;1226,142632;0;4071,807606;5297,950238;6443593,581;584395,1449;9853860,016
47822701,95;0;0;0;47822701,95;1307852,429;49130554,38;38507027,89;11455023,17;286122,2948;0;26765882,42;20024911;6740971,424;60077230,46;27554649,71;0;465,6721593;27555115,38;23820,78356;-38437,21042;-14616,42686;33776,26249;0;35,70909947;33811,97159;27574310,92;13959,12063;87637582,26
13306571,24;0;0;0;13306571,24;438518,0005;13745089,24;6602570,174;3837572,359;225992,8288;167138,8061;2706143,793;2590688,81;115454,9824;4091391,391;4560256,293;11726785,73;5,861078427;16287047,88;28,33058901;-32091,10261;-32062,77202;1813,839021;0;0;1813,839021;16256798,95;530,9278024;20347659,41
1237640,822;0;0;0;1237640,822;43973,96005;1281614,782;1147686,217;460718,793;36314,67802;45691,68141;696344,4279;115642,8105;580701,6174;668765,3837;1736751,633;0;23763,54335;1760515,176;20,79534494;0;20,79534494;0;0;0,031879775;0,031879775;1760536,003;0,387869129;2429300,999
511540,4105;0;0;0;511540,4105;17384,43616;528924,8466;1970152,748;307136,3526;81712,20541;69350,32069;1650654,511;143309,885;1507344,626;998751,0706;759651,694;0;10114,64947;769766,3435;16101,93025;-3352,194631;12749,73562;1030910,773;0;47,77884492;1030958,552;1813474,631;313148,1068;2499077,595
19667,65156;0;0;0;19667,65156;963,713198;20631,36476;45967,51349;33210,70157;843,7830384;1535,340121;13448,369;4758,264464;8690,10454;18333,21085;47614,17348;0;651,4939202;48265,6674;0;0;0;0;0;0;0;48265,6674;0;66598,87825
142376963,9;0;0;0;142376963,9;5036372,834;147413336,7;93830137,66;32901859,4;5883802,61;0;55044475,65;15428123,7;39616351,95;56182948,64;3579808,442;0;182,6178958;3579991,06;192986819,8;1791664,611;194778484,4;6096,412406;0;71,4526293;6167,865035;198364643,3;13304117,59;241243474,4
38262971,49;0;0;0;38262971,49;969149,8447;39232121,34;17680554,92;7434239,391;1495821,909;0;8750493,619;3648313,376;5102180,244;13261647,04;931860,315;0;420,1208011;932280,4358;45395042,03;421311,5101;45816353,54;44460,29525;0;14,17014091;44474,46539;46793108,44;3142079,219;56912676,26
91675924,27;0;0;0;91675924,27;2764089,553;94440013,82;58387193,81;10338632,35;2424751,223;0;45623810,23;5727760,312;39896049,92;35583193,4;2998668,249;0;3181,160393;3001849,409;121354363,4;1126270,884;122480634,2;182504,8322;0;16,74111627;182521,5734;125665005,2;8420990,993;152827207,6
99991959,86;0;0;0;99991959,86;3476041,61;103468001,5;66163430,6;14029670,7;2751626,855;1871267,852;51253400,89;4217143,695;47036257,2;74550549,01;90628014,92;598037,375;9919,871514;91235972,17;9515524,397;967418,8888;10482943,29;27727,40233;0;57145,72452;84873,12685;101803788,6;6722905,527;169631432,1
162827731,2;0;0;0;162827731,2;7929566,29;170757297,5;91439434,03;10878067,67;3371925,277;2586136,566;79775577,65;5394886,428;74380691,23;131489564;77712385,2;2870554,072;853,0846557;80583792,36;45467335,91;4643946,648;50111282,56;17164,92956;0;3,325184608;17168,25475;130712243,2;5075,70062;262196731,5
175205188,6;0;0;0;175205188,6;7816554,487;183021743,1;104781586,7;35216003,49;9290659,782;2963486,156;63238409,63;3058538,798;60179870,83;151076640,5;84056753,04;2927319,559;15281,23204;86999353,83;46367337,44;4735754,049;51103091,49;25837,74891;0;108553,1156;134390,8645;138236836,2;1510146,88;287803329,8
25155496,48;0;0;0;25155496,48;852473,3507;26007969,83;32968664,6;7421936,256;2053447,075;865506,7478;24358788,02;4049001,292;20309786,72;42650717,45;14582866,57;652734,1978;29,78170836;15235630,55;4322488,612;227737,2741;4550225,886;2997500,378;233431,2249;7086839,156;10317770,76;30103627,19;13777710,21;58976634,43
4740442,622;0;0;0;4740442,622;147549,4803;4887992,103;2792274,365;521518,2593;66670,9567;78972,53064;2283057,679;263804,0843;2019253,595;5922514,273;1488802,132;54256,98258;10,34380967;1543069,458;779937,0883;41118,643;821055,7313;541659,1409;42148,14592;970360,0412;1554167,328;3918292,518;2160540,324;7680266,468
17661857,37;0;0;0;17661857,37;480206,0698;18142063,44;11316328,74;5539395,925;74167,54682;320054,1803;6022819,451;5184739,533;838079,9184;20840269,35;8207998,746;165870,1796;26,55934582;8373895,485;1179789,308;62206,00755;1241995,316;817660,7427;63757,78099;2972785,933;3854204,457;13470095,26;4851972,419;29458392,19
19108202,52;0;0;0;19108202,52;607926,9683;19716129,49;28408780,35;10159476,34;753715,0891;731379,2472;18226968,17;5944143,342;12282824,82;42861025,45;3535023,713;5359523,581;268,1724927;8894815,466;4065,726807;-2,596345544;4063,130462;798,4621679;0;356541,3031;357339,7652;9256218,362;3992333,973;48124909,84
2291321,563;0;0;0;2291321,563;71751,8725;2363073,435;3523198,072;2363685,633;80744,56638;37947,44918;1116715,322;695370,2439;421345,0779;3417744,05;332948,925;2355106,022;30,84665213;2688085,794;1677,342961;0;1677,342961;0;0;2,57140798;2,57140798;2689765,709;221238,2503;5886271,508
30885342,75;0;0;0;30885342,75;621268,0594;31506610,81;26132312,71;4220202,962;911164,865;739087,7787;21740032,66;2170308,363;19569724,29;16894711,59;40724123,15;0;2709,823146;40726832,97;47,75171877;-5,109342931;42,64237584;1571,292019;0;16262,4139;17833,70592;40744709,32;497,3921055;57638923,52
31241917,46;0;0;0;31241917,46;2059028,659;33300946,12;30498009,35;11430193,83;3104008,628;862560,7275;16826367,62;2132732,428;14693635,19;18772812,74;44999845,6;0;336,6831672;45000182,29;191,1121201;-34,85699871;156,2551214;10719,68052;0;18226,83278;28946,51331;45029285,06;3142,328135;63798955,47
2223656,337;0;0;0;2223656,337;64673,68336;2288330,021;4895407,142;841643,8546;102697,2239;138454,4139;4089520,478;287730,4975;3801789,98;4578430,324;2605247,686;72711,46434;98,16102862;2678057,311;445304,4582;-83,94593322;445220,5123;25816,15223;0;205891,6011;231707,7533;3354985,577;749678,738;7183737,163
82958,63299;0;0;0;82958,63299;2237,546496;85196,17948;188039,2989;69399,1515;72721,3131;5318,213631;51237,04795;6981,878239;44255,16971;146240,6689;91079,49624;83185,48168;8466,01622;182730,9941;16329,17961;0;16329,17961;0;0;107,7030442;107,7030442;199167,8768;72173,06733;273235,4784
867580,8659;0;0;0;867580,8659;14036,80174;881617,6677;1604765,158;1203012,461;31022,96734;7735,796359;378465,5266;209594,03;168871,4966;834903,0535;1270775,761;62796,35582;966,5362266;1334538,653;333874,6645;0;333874,6645;0;0;152377,1369;152377,1369;1820790,455;169310,6825;2486382,826
63767993,96;0;0;0;63767993,96;1980929,597;65748923,56;72348775,21;12135028,79;8460459,215;2046205,066;53799492,27;5812258,728;47987233,54;74525042,56;50463212,5;1992521,198;168,8711678;52455902,57;18941213,19;0;18941213,19;0;0;5230117,605;5230117,605;76627233,36;13054577,16;138097698,8
10228777,67;0;0;0;10228777,67;309177,9017;10537955,57;12553578,42;4885341,051;451634,5488;355046,7235;7571649,545;299417,7159;7272231,829;15821078,41;4443496,132;209510,9714;11,04945069;4653018,153;4966474,309;0;4966474,309;0;0;387478,5118;387478,5118;10006970,97;2736515,39;23091533,99
6222852,913;0;0;0;6222852,913;205053,4602;6427906,373;6213692,301;1207741,413;61011,41779;175738,8192;5120678,289;33657,36497;5087020,924;11931296,25;2137323,929;65007,29115;128,101617;2202459,322;1738864,019;0;1738864,019;0;0;101815,2434;101815,2434;4043138,584;3332836,16;12641598,67
13886182,84;0;0;0;13886182,84;542943,8908;14429126,73;93884908,35;23987930,02;1039945,816;0;68857032,51;5473738,933;63383293,58;56123047,18;55683832,24;0;0;55683832,24;0;0;0;0;0;4612143,495;4612143,495;60295975,74;8104987,832;108314035,1
442367,1829;0;0;0;442367,1829;17138,94997;459506,1328;19073682,32;4433405,201;223950,9641;0;14416326,15;1144145,735;13272180,42;10121145,02;10041937,67;0;0;10041937,67;0;0;0;0;0;831746,9475;831746,9475;10873684,62;1461641,186;19533188,45
334666,4777;0;0;0;334666,4777;14400,58896;349067,0666;1718101,691;1062358,535;208295,2751;0;447447,8815;100658,1145;346789,767;1071105,971;1062723,573;0;0;1062723,573;0;0;0;0;0;88022,56266;88022,56266;1150746,135;154683,3484;2067168,758
28826630,78;0;0;0;28826630,78;778904,4694;29605535,25;210960689,7;6420312,29;986691,8989;6039461,22;209593146,7;20234751,1;189358395,6;49740741,66;189956454,3;0;797086,3348;190753540,6;7433,289838;-348,7746518;7084,515186;107259,7464;0;8,827133775;107268,5735;190867893,7;42410,48346;240566224,9
3190976,43;0;0;0;3190976,43;95093,2652;3286069,696;1978535,775;956566,1101;360879,2028;101412,7433;762503,2055;207240,1776;555263,0279;7181317,875;826941,9865;0;6,02051191;826948,0071;1582674,126;0;1582674,126;0;0;5135,972835;5135,972835;2414758,106;4331470,51;5264605,471
3086422,511;0;0;0;3086422,511;127296,5501;3213719,062;2073316,467;785486,3482;195218,5635;47470,54808;1140082,103;126179,9853;1013902,118;4223891,777;488108,2647;22360,59723;327,8666641;510796,7286;1261776,079;-10,63684353;1261765,442;3271,181357;0;1825,326542;5096,507899;1777658,679;714514,9277;5287035,529
5767784,855;0;0;0;5767784,855;173368,4534;5941153,308;8550628,859;3376648,521;1140721,494;240431,7289;4273690,573;1090631,865;3183058,708;11566736,65;1217588,728;192527,7093;374,5419393;1410490,979;3466255,525;0;3466255,525;0;0;5007,554622;5007,554622;4881754,059;1956708,54;14491782,17
1381824,352;0;0;0;1381824,352;30571,95798;1412396,31;1676171,035;1287416,333;28632,08384;7784,514676;367907,1329;276794,4122;91112,72073;362325,5311;30108,17614;1126289,594;78690,33949;1235088,11;5094846,718;0;5094846,718;0;0;1283,75412;1283,75412;6331218,582;3604976,768;3088567,345
4748032,09;0;0;0;4748032,09;141854,6564;4889886,747;5058996,256;1741319,325;300057,9689;143081,1178;3160700,079;273874,7246;2886825,354;5404515,098;520887,0271;1349920,405;69820,91918;1940628,351;8138577,527;-1,928471141;8138575,598;593,0686888;0;3748,332736;4341,401425;10083545,35;5539177,446;9948883,002
2348633,735;0;0;0;2348633,735;68650,10966;2417283,844;2337737,45;695338,2159;362546,9694;66117,08503;1345969,35;129405,1601;1216564,19;3706329,435;539512,1171;19555,35524;58,2259854;559125,6983;1239821,815;2620,503113;1242442,318;85261,66837;0;1592,286775;86853,95515;1888421,972;839730,1118;4755021,295
263864,1959;0;0;0;263864,1959;7985,528918;271849,7248;412586,5821;85610,01757;31595,60902;11668,98496;307049,9405;13333,66038;293716,2801;541051,483;69799,03744;2859,648229;73,27959101;72731,96526;161177,0371;0;161177,0371;0;0;232,8456834;232,8456834;234141,8481;90757,02412;684436,307
5715177,161;0;0;0;5715177,161;147239,5613;5862416,722;6731222,682;1521431,479;405219,224;131113,9127;4935685,892;1194122,889;3741563,002;8687229,891;574682,8336;0;1606,910481;576289,7441;3386656,526;-6,657302138;3386649,868;2047,340697;0;5191,77866;7239,119357;3970178,732;63769,21859;12593639,4
2391287,84;0;0;0;2391287,84;60098,65921;2451386,499;5779818,228;3319532,047;400788,5658;142870,1947;2202367,81;582880,2647;1619487,545;10895642,21;1412571,292;5163,44033;21,77114232;1417756,503;1,970858681;-0,410304963;1,560553718;126,1823529;0;2898,240388;3024,422741;1420782,487;4085219,97;8231204,727
4161108,004;0;0;0;4161108,004;116169,5417;4277277,545;2938154,359;1441512,009;206322,3782;83098,38077;1373418,352;285412,4361;1088005,916;9551439,792;1237965,51;4526,377816;17,70412999;1242509,592;98,87210543;0;98,87210543;0;0;2540,808608;2540,808608;1245149,273;3581157,16;7215431,904
4089890,658;0;0;0;4089890,658;116183,9609;4206074,619;2807032,359;1419552,985;603971,8644;77168,47953;860675,9894;719573,0896;141102,8998;9284704,999;1202817,369;4400,166341;14,59279082;1207232,128;0;0;0;0;0;2469,814501;2469,814501;1209701,942;3481299,963;7013106,978
8680280,395;0;0;0;8680280,395;287979,1653;8968259,56;13200722,43;5166312,082;873571,1479;321179,2983;7482018,499;2825502,393;4656516,106;26357536,61;2273295,519;3482,006094;601,4730345;2277378,998;164870,6621;-0,385571742;164870,2766;118,5760691;0;8815,517789;8934,093858;2451183,368;6639737,99;22168981,99
2574092,52;0;0;0;2574092,52;59025,18665;2633117,707;2250196,4;1270678,803;359658,6818;68607,97863;688466,8942;292602,5068;395864,3874;6445092,069;845573,8689;3050,963784;58,26702013;848683,0997;1701,339939;0;1701,339939;0;0;1715,114954;1715,114954;852099,5546;2413877,516;4883314,107
121929335,4;0;0;0;121929335,4;3838420,885;125767756,3;299756014,7;258344425,2;0;0;41411589,45;41411589,45;0;19026103,93;11234146,96;411528071;54356,22234;422816574,1;77948,65703;0;77948,65703;15631,84978;0;1247,335813;16879,1856;422911402;16413734,95;425523771
25332482,08;0;0;0;25332482,08;857040,0726;26189522,16;186286864,2;158782326,5;1537877,292;1311557,645;27278218,14;22877594,12;4400624,022;14193705,94;24337338,59;183518451,6;1712610,774;209568401;200,9702;-0,171474177;200,7987258;52,73398343;0;510404,9174;510457,6514;210079059,5;11796379,01;212476386,4
54277698,38;0;0;0;54277698,38;1538242,552;55815940,93;112336980,5;85048025,08;2381797,172;677500,9527;25584659,16;15744635;9840024,166;12305141,04;53395938,97;105203767,9;258790,6526;158858497,6;946,4676639;-3,71694166;942,7507222;1143,082554;0;498092,9935;499236,0761;159358676,4;3510896,051;168152921,4
518470,7081;0;0;0;518470,7081;16334,44322;534805,1514;385078,0453;54542,8981;13026,55318;10235,52503;327744,119;96533,90183;231210,2172;77497,6758;328235,3564;527712,8519;1551,552209;857499,7605;0;0;0;0;0;2498,47822;2498,47822;859998,2387;17612,71788;919883,1966
1739967,78;0;0;0;1739967,78;41646,54428;1781614,325;3585922,714;627711,711;74830,05562;55409,24916;2938790,196;145372,2354;2793417,961;426874,9063;1825541,641;3197988,705;8716,079169;5032246,425;0;0;0;0;0;15141,00917;15141,00917;5047387,434;106725,3022;5367537,038
1230989,153;0;0;0;1230989,153;87544,75533;1318533,909;1614520,627;179237,844;58233,89666;45662,70268;1422711,589;138235,5452;1284476,044;795653,6044;1288744,024;1598031,909;162692,8222;3049468,755;205924,4699;-5,520750514;205918,9492;1697,813465;0;798,822281;2496,635746;3257884,34;1120483,409;2933054,536
4176404,931;0;0;0;4176404,931;143052,6235;4319457,554;1160757,679;597784,2641;25691,54793;2194,333343;539476,2004;529097,6534;10378,54698;1326732,378;2057964,528;3292746,683;257625,3854;5608336,596;348952,2144;0;348952,2144;0;0;11549,39967;11549,39967;5968838,21;1815355,356;5480215,233
6522615,742;0;0;0;6522615,742;280190,1926;6802805,935;4795814,414;1371076,048;220429,4268;107074,1188;3311383,058;1137346,292;2174036,767;3183873,354;5028777,947;6344709,407;645569,9112;12019057,27;837430,8721;-9,862723406;837421,0093;3033,113805;0;3202,094906;6235,208711;12862713,48;4447966,488;11598620,35
4018134,744;0;0;0;4018134,744;239724,4937;4257859,237;9676269,169;8446416,816;0;0;1229852,353;1229852,353;0;821905,1071;605288,4567;10617626,12;2257844,134;13480758,71;0;0;0;0;0;4968,915589;4968,915589;13485727,62;373504,3251;13934128,41
2555959,472;0;0;0;2555959,472;73691,06021;2629650,532;3173310,246;1002032,256;298645,1741;89749,18618;1962382,002;369122,2627;1593259,74;2355502,617;3789887,145;0;8,86393894;3789896,009;40,51223463;-0,826127667;39,68610696;254,0615942;0;2405,266108;2659,327702;3792595,023;345136,8613;5802960,778
9118406,637;0;0;0;9118406,637;337315,9759;9455722,613;10033191,36;3587709,607;743205,2993;283763,8523;5986040,302;190049,6862;5795990,616;4778127,108;15337470,69;4630546,366;1191,018773;19969208,08;130,8495054;-0,352662062;130,4968433;104246,0442;0;5963,982568;110210,0268;20079548,6;5368761,739;19488913,97
0;0;0;0;0;0;0;30082434,06;30082434,06;0;0;0;0;0;7396776,458;23673350,98;7282002,018;0;30955353;0;0;0;163766,8804;0;9378,6538;173145,5342;31128498,53;8442840,935;30082434,06
