Crop and animal production, hunting and related service activities;Forestry and logging;Fishing and aquaculture;Mining of coal and lignite;Extraction of crude petroleum and natural gas;Mining of metal ores;Other mining and quarrying activities;Mining support service activities;Manufacture of food products;Manufacture of beverages; Manufacture of tobacco products;Manufacture of textiles;Manufacture of wearing apparel;Manufacture of leather and related products;Manufacture of woods, wood products and cork except furniture;Manufacture of paper and paper products;Printing and reproduction of recorded media;Manufacture of coke and refined petroleum products;Manufacture of chemicals and chemical products;Manufacture of basic pharmaceutical products and pharmaceutical preparations;Manufacture of rubber and plastics products;Manufacture of other non-metallic mineral products;Manufacture of basic metals;Manufacture of fabricated metal products, except machinery and equipment;Manufacture of computer, electronic and optical products;Manufacture of electrical equipment;Manufacture of machinery and equipment n.e.c.;Manufacture of motor vehicles, trailers and semi-trailers;Manufacture of other transport equipment;Manufacture of furniture;Other manufacturing;Repair and installation of machinery and equipment;Electricity, gas, steam and air conditioning supply;Water collection, treatment and supply;Sewerage;"Waste collection, treatment and disposal activities; materials recovery";Remediation activities and other waste management services;Construction of buildings;Civil engineering;Specialized construction activities;Wholesale and retail trade and repair of motor vehicles and motorcycles;Wholesale trade, except of motor vehicles and motorcycles;Retail trade, except of motor vehicles and motorcycles;Land transport and transport via pipelines;Water transport;Air transport;Warehousing and support activities for transportation;Postal and courier activities;Accommodation;Food and beverage service activities;Publishing activities;Motion picture, video and television programme production, sound recording and music publishing activities;Programming and broadcasting activities;Telecommunications;Computer programming, consultancy and related activities;Information service activities;Financial service activities, except insurance and pension funding;Insurance, reinsurance and pension funding, except compulsory social security;Activities auxiliary to financial service and insurance activities;Real estate activities;Legal and accounting activities;"Activities of head offices; management consultancy activities";"Architectural and engineering activities; technical testing and analysis";Scientific research and development;Advertising and market research;Other professional, scientific and technical activities;Veterinary activities;Rental and leasing activities;Employment activities;Travel agency, tour operator, reservation service and related activities;Security and investigation activities;Services to buildings and landscape activities;Office administrative, office support and other business support activities;"Public administration and defence; compulsory social security";Education;Human health activities;Residential care activities;Social work activities without accommodation;Creative, arts and entertainment activities;Libraries, archives, museums and other cultural activities;Sports activities and amusement and recreation activities;Activities of membership organizations;Repair of computers and personal and household goods;Other personal service activities;Activities of households as employers of domestic personnel
27736091,87;7034,486113;1805800,158;51,47567707;16697706,78;178337,4418;434081,223;227665,2967;34591176,06;2354556,993;7120,929986;1965650,461;567,6135086;182068,026;2756,298186;2712042,94;200,2613348;2009,142314;2317422,422;151220,3206;1518300,593;1194,522558;18326,34178;38792,19846;209,1501455;1905,790657;9214,363176;387,6665779;625,9045076;1,792768985;713169,9512;1721,496855;4577,312062;281,7303293;62,12758637;188,7259349;10,71927494;12796,61372;5613,001441;33327,55944;94842,82831;77140,73807;142308,0978;1549,395199;490,1208641;690,0880965;3833,697411;1733,425746;6396819,775;9077844,442;725,5729456;75,39438559;89,02239195;53082,25689;929,5500183;1106,103468;8414,110441;238,4591237;199,5416768;726732,4708;2437,944874;884,2652577;3581,420102;3786,230564;3334,741943;1689,302475;292,9169096;2926,992929;2401,116163;1307,308135;956,1116133;315972,3497;421,1022297;49743,37744;15479,76505;246128,448;21480,90694;143084,9782;373,7899232;3911,201464;1128,992801;1436,447693;676,6139942;3774,694231;0
0;93,85510076;0;0;0;0;0;0;0;0;0;0;0;0;123372,4871;17508,50976;7047,205592;94536,34592;4047,513268;5563,256256;233,2621863;228,5714217;0;0;0;4936,219688;56,65165532;0;2570,342564;0;6661,608306;0;0;0;0;0;0;0;0;0;0;0;0;0;0;0;0;0;0;0;0;0;0;0;0;0;0;0;0;275,757992;0;0;0;0;0;0;0;0;0;0;0;0;0;0;0;0;0;0;0;0;0;0;194,1634622;0;0
38,27440591;16,40115155;734134,0239;0,118850992;38274,2512;411,2240816;996,6002951;524,7581797;2713,940281;0,015706762;0,037727722;1,146507851;4,014667491;0,009063572;11,13972438;1,983213994;1,171326111;3,681986975;14,13432396;3534,3333;0,839911615;6,682321008;15,61309068;16,60450028;1,512821449;13,13412135;8,001406777;2,788870435;4,449565601;0,006088776;2,55096576;10,72578709;22,78355642;0,325231756;0,254477872;0,733236108;0,057836538;55901,20685;7909,145058;30188,73565;672,5343516;493,979036;941,6640193;7,731912328;2,645004226;3,907897289;26,10673396;10,80294101;917049,8072;834181,5693;5,215437867;0,510033491;0,576047786;384,6706001;6,349436867;6,615136274;55,94045487;1,561866128;1,306997365;487,98383;17,64905537;5,631387887;25,89205663;12,49626509;24,08005793;11,74411894;2,122787657;19,92925305;17,17314228;7,967668744;2,439410187;559,6277389;3,011429171;331,7937656;111,2194932;20802,13926;0,252441031;7,115366962;2,544364052;4,867173111;7,935900061;10,39487303;4,89438089;26,52809013;0
0;0;0;2,211396348;0;1624,018773;4508,070316;2395,979165;0,516441205;0;0;0;0;0;1756,167908;0;0;123564,0165;1246,101875;42,28583337;0;40266,63984;21610,0489;190,7053894;0;0;0;0;0;0;12,93788694;0;0;0;0;0;0;0;0;0;0;0;0;0;0;0;0;0;0;0;0;0;0;0;0;0;0;0;0;2330,520108;0;0;0;0;0;0;0;0;0;0;0;0;0;0;0;80,17319741;0;0;0;0;0;0;0;0;0
0;0;0;0;61939,76479;38021,48825;83970,79754;275993,828;0;0;0;0;0;0;0;0;0;196494194,9;62287188,76;247,0982335;1124,986831;268613,5538;12367,56925;5291,796467;0;0;0;0;0;0;0;0;10676771,81;29377,18947;0;0;0;130847,8457;47242,51959;259780,3256;0;0;0;0;0;0;0;0;0;0;0;0;0;0;0;0;0;0;0;51803,80882;0;0;0;0;0;0;0;0;0;0;0;0;0;0;0;0;0;0;0;0;0;0;0;0;0
268,5728424;13,35798521;254,2035686;0,082191105;26774,69736;16826,7949;1430,704324;422,3323978;2,61008E-07;0;0;0,32368902;0;0;2,985691864;7,025094886;0;0;136351,4257;0;0,046917488;234406,8416;4726267,323;700704,7873;34610,5587;0;582383,587;245464,8073;8352,038632;0;10870,33967;212129,1886;0;0;0;1,092803523;0,027955166;0;0;0;0;0;0;0,93210681;1,127390069;0,923159098;0,043714472;0,463857854;0;0;0;0;0;0;0;0;0;0;0;2,839407054;0;0;0;4,783117048;0;0;0;0;0;0;0;389,4136578;0;0;0;3,79484E-05;0;0;0;0;9,62141E-06;0,000387036;0;0;0
2693,928066;19,45239704;689,7596991;0,2001681;51598,10138;15402,16888;33268,38375;507,1429026;46,7480839;13,89793202;0;220,3861305;115,7248701;18,55713586;20494,83261;853,3978277;818,5366447;50541,44774;2118343,017;1849,563547;7046,307208;2378302,359;2904,142307;3229,781682;133,5758489;4693,450699;1246,887585;336,2734021;142,8150199;710,6727237;10507,96201;2034,828303;3774,478014;1339,190155;93,42516005;178,1030216;4,295535631;2660352,452;2050766,961;1338581,09;8511,750608;22024,13779;29190,29435;706,106798;68,23365731;138,7932001;398,3306396;355,9352279;617,7429497;213,5409155;10,13177567;8,598758065;16,34467083;4,712716847;91,55235805;331,3406838;1191,41302;39,32531209;32,89927494;24094,46251;4,467424826;183,7659458;14,83603191;48,47225207;20,58507634;6155,5166;8,550472188;656,6894038;363,9120332;521,3434373;1061,903049;3501,420466;257,1754919;6993,977929;610,4347163;3287,254426;68,82938785;462,2875126;174,8266248;129,8442994;84,13340183;365,9483644;498,1944694;241,2424196;0
1612,931128;2307,72868;43888,91691;16,93525599;5513282,378;58786,75302;143329,2705;75058,52604;0,689378918;0,132047294;0,298705367;9,205567848;31,87583512;0,073824784;559,6716801;15,75821156;9,529063787;39,06768854;113,0162029;9,353924964;6,961374221;54,70636211;127,8078886;131,9086549;11,98025487;104,6054035;65,57847277;22,09934944;35,30773915;0,054500007;20,27044184;86,51549858;189,8558686;4,139609643;2,193246971;5,810153678;0,461334718;641,4841979;99,31330533;1399,73976;5338,210233;3970,336603;7537,248261;63,91473967;21,176585;31,45239327;208,2024524;86,89139617;20,04998805;10,24126754;41,33174028;4,071275858;4,623788581;3045,608178;50,62384084;53,6515883;447,4942974;12,5174673;10,47480526;3863,631673;139,751802;45,29413574;205,0548776;1029,415619;190,7307195;93,43712894;16,80695351;158,9571694;136,1743296;64,4563922;23,40615702;80209,89798;23,87943947;2653,103595;881,4470537;653,7251532;2,002435102;56,33518801;20,29470146;38,93939111;63,0558896;82,31395253;38,75903908;210,7875932;0
3288228,957;3,306438804;488066,8515;0,017303632;1122,509584;25,1157551;14,76839049;29,87005663;1896511,259;1749311,264;0,274232757;6694,612183;24691,87728;5214,805445;86492,69601;306365,4931;11998,06071;440432,3542;1733579,816;48513,2416;5474,221051;324229,1788;57956,38126;241923,7433;6188,505021;192379,5174;154662,8706;17048,14081;200686,9482;641,0070581;4717,237407;6206,91585;28891,97582;34110,93791;5,355504973;2923,442891;1,87613266;90064,60571;13295,67949;49523,62938;5153,471879;4755,789326;8685,468479;2721059,216;106240,0793;51141,32292;1979721;74959,75635;5555575,466;3985379,001;111267,0713;1241,419509;702,0105157;2607505,73;84913,75836;73,17051231;246999,6337;4020,868399;4644,798007;367228,0707;11301,19583;54,84655802;3179,32099;570,8122161;28539,28265;17888,22604;2609,96907;167,8338754;48866,34696;21600,92442;32268,59757;119467,9661;45233,94566;7242,274959;1447411,608;704237,3019;43983,7223;43787,96749;87435,23002;165,3965355;51184,57369;75,84420487;297638,8343;380888,0636;0
0,612396905;0;0;0;0;0;0;0;87200,7965;88448,14953;0;123,3164906;85,38683408;0,044806641;111,5004805;13139,29998;855,5641743;8141,547445;168018,5069;5117,292808;728,5828782;5064,631531;183,0113915;460,2516923;163,7082144;2896,241985;4440,720656;138,9544739;3707,615472;377,9545166;4704,130269;24636,65071;0;0;0;0;0;0;0;0;205107,8419;271877,255;327121,5137;0,020375537;0;0;0;0;1623704,576;2339542,287;0;0;0;0;0;0;94315,74378;798,5518156;3267,017823;403568,3976;0;0;0;2,840424728;0;0;0;0;0;0;0;0;0;79,83399729;279054,9294;145568,7562;8151,21978;36376,48011;4971,836202;2203,331386;541,4691233;314898,3656;0;44883,42083;0
0,508335122;0,009319843;0,008634833;3,17895E-05;0,191889527;0,077614974;0,043167083;0,092057048;0,396552126;0,005422227;0,000865942;2,961796484;2,124732956;0,001274628;2,830573845;4,720077928;1,937848574;193,8895793;14,03777992;8,700604712;0,603482921;48,41916527;4,714843549;11,33715199;2,754380102;69,24491055;61,72227858;3,371746247;88,3598798;0,282272506;2,126540418;2,930688366;0,522937163;0,007464847;0,005840876;0,016829524;0,001327487;1,824664338;0,203890419;3,864504819;15,4362734;11,33800145;21,71702194;0,177950926;0,060709179;0,089695598;0,599212043;0,247953358;0,058026504;1423639,081;0,119706785;0,01170649;0,013221676;8,829111162;0,145734776;0,151833214;1,283967359;0,035848567;0,029998718;11,20039712;0,405088072;0,129253833;0,594284684;0,19760887;0,552694976;0,269555645;0,048723059;0,457424068;0,394164727;0,182877072;0,055990304;0,070810593;0,069119509;9,515865719;3,010635843;20,217669;290,3733748;0,163314706;61730,47105;2405,522644;59529,26882;0,238587221;0,112337758;0,743977913;0
187,6271573;0,705582774;1392,787649;0,004433113;1060,987458;5,062179396;3,084396081;6,031332848;117,1729407;1,404094117;0,054466771;705651,4654;1350017,019;588,3919728;32013,87712;30095,97002;4277,859166;74444,85329;49785,26076;3823,854022;19854,80592;13730,97945;3491,443316;14592,21137;1096,16308;18981,47373;18637,80466;29853,05871;25600,0666;695867,2113;39388,67059;9603,296899;95,45752694;10,80715111;1,546387329;66,51637594;0,299804743;208742,7369;29792,02889;110129,8498;356708,155;311774,4117;310692,4811;57908,63657;5384,906943;99,39548959;1620,120143;368,8899451;1042174,73;56596,66578;7,787406318;0,955271856;17,66690878;819943,8363;277,8924312;17,98692935;945,3983391;20,43285305;6,207364308;6373,410565;45,80208618;30,58168646;28307,32499;64,532829;52520,82633;25522,33694;3309,117458;59,4122967;46,13308393;21520,28479;30,56051467;54524,28736;56106,45405;55910,77223;26958,10448;71775,56073;855,1282288;5835,172919;8572,784655;44,08245822;2131,675505;1057,303587;1179,295993;7087,61737;0
42,46511902;0,642331763;0,703695256;0,002292732;31,03427256;5,308418527;2,965888552;6,297540398;268,9080868;2,811584481;0,059124413;564756,328;668163,8113;90,19465493;5680,373721;5203,824676;308831,419;161504,9136;27453,71253;5323,362906;11764,85985;26992,92607;30556,77864;16936,05264;2004,336127;43195,82243;36298,58055;3171,372825;48610,74706;1883,039727;1907,704671;42655,12083;38,84703788;1,028855266;0,458012616;1,532403129;0,101537252;809158,7216;116717,1453;162474,9133;1058,427518;793,8112733;1559,808288;13,60463629;1719,901988;53909,76974;1027,433109;17,54303703;19006,78468;4078,182251;8,186248668;0,810286936;0,923645494;602,8365797;10,06749619;10,79051821;3940,59437;109,1325276;281,4045347;765,7512382;12999,73358;11417,36731;15366,81464;620,0514663;26201,87959;12687,3817;1772,339383;14740,70923;12844,52726;11735,70484;5,180818885;28303,89338;8380,641099;1574,045888;32610,40459;63772,245;1527,006764;10437,56787;7267,710409;7,761585927;878,226792;16,29481555;32276,96573;116,1380454;0
0,004951884;0;0;0;0;0;0,874820751;0,187053049;0,609693838;0,001690625;0;67751,2074;7118,874585;1454,780981;39,92061414;34,53693849;3407,29167;572,029257;278,8783437;10,4415388;129,0841134;20,10612781;336,1422142;281,783928;18,94923888;105,9147781;81,14433616;21,73268087;40,20762232;161394,0704;14,96867005;502,8334375;0;0;0;0,273549387;0,006997707;215629,8017;34534,7691;163102,2208;57667,14674;40737,86847;42037,99092;20,29351135;23,60819106;498,4541062;19,32261094;0,116112392;175,6416394;37,67558673;0;0;0;0;0;0;402,2450803;13,26036806;50,09882177;4326,30746;119,8999177;105,4461741;141,6591584;5,327924936;241,833074;117,0970635;16,35085883;135,9550702;118,4716659;108,352665;0;261,5614828;77,4179383;0,634739287;297,6268026;501,1800518;14,11034711;96,37063417;67,13761707;1,695633904;47,84278609;9,68825E-05;573,9774413;1762,772591;0
9158,678644;75,67231376;1434,560634;0,000391941;17,41996903;50,8731723;168,1151261;20,06363603;29,26371928;0,30235237;0,007761645;284,2417478;120,0701542;0,065024029;1192979,303;348121,9745;657436,0439;11370,95704;2464,386956;639,5174512;263,4110642;27003,98542;28024,20696;15200,6048;321,4289897;14382,70078;56028,2729;959,7279744;55299,78673;426654,6002;1874,329143;1628,766093;808,8198737;0,521448405;9916,666939;100,2527745;0,442868538;5330285,194;2250625,156;1759359,013;142,2776373;83333,35092;14302,70323;6326,004794;980,8360801;15,1517552;595452,5038;9,7521897;0,529931794;0,271700639;1,084304393;0,114555074;0,136808184;79,14275351;1,408756051;1,731878756;480,4744209;17,96192109;151,5498613;22099,27045;3,635904829;1,364273329;5,343328651;5,214131368;4,976986436;11265,78088;0,436716661;4,439713107;3,593344547;4713,342591;1,690734449;4253,627417;1067,099705;187,3242546;9843,756545;9592,541507;220,9984234;1506,560385;74867,45357;1,118693431;65,26468389;2,148422775;2732,199306;49142,97108;0
4009,348597;32,82882478;364,3978961;28,44882952;678,3339519;185,7863332;28758,62494;408,2340046;1365,105399;134,2103857;2,263716702;2909,792903;2207,143194;8,208906417;3364,949389;80653,29536;124320,6324;107311,0033;128565,2772;5680,599745;1440,102809;36988,88167;30417,04464;18471,08149;2254,974584;46617,65475;42853,29435;3054,642693;48782,9184;2460,4444;25162,44177;5052,083483;6337,121061;2143,761342;11406,75036;499,1605425;37,47994316;31489,77596;15330,90389;19870,53804;1358125,163;5885531,035;4933967,969;48765,25069;214150,7004;14008,93607;18717,30715;11625,8533;22674,24134;1072,384997;37873,47211;20,05461014;688,9516195;4605047,988;9219,088128;125664,5205;14995,35637;1,464292084;1,225345669;20940,29261;88673,83494;36734,01827;16061,46183;8148,285793;45598,2054;43284,83896;421,5737323;29478,63646;61251,91407;7011,978449;105282,6027;16011,51002;67129,22543;305088,7913;433796,5321;141907,174;614,5402784;10007,93745;16424,81056;4565,677596;2730,685499;10735,10102;5209,778606;17357,21703;0
1929,601609;14,0750583;199,3731895;12,31475287;26696,03725;103,3886943;12462,06503;428,2794125;499,8265956;57,99726711;0,967233402;635,564368;1212,744948;4,484309128;1022,412452;34412,08108;53564,25945;5779,685837;53779,98125;572,3120642;820,9830282;5299,380694;17767,23203;7563,583184;408,0434927;5440,703299;5047,257385;690,2742259;74,44862933;15160,61063;10411,35515;2698,940704;2930,416537;949,3982875;4940,041549;254,7098043;18,35148919;16040,86365;8248,708962;26900,05335;600053,6284;2563930,315;2153081,144;21468,00075;92708,8383;34739,13037;9030,560586;5030,847151;10996,78313;481,2961932;21350,98668;16,00983003;298,0480383;1997409,731;4220,219622;56804,08793;13466,44841;231,0210152;193,3198298;8911,085745;39068,0335;15953,95451;6982,907052;3664,543359;21422,88572;19749,52408;189,148381;13506,6281;26799,66942;3905,755218;45763,27905;7295,909542;30845,49749;131551,9425;199154,6035;58283,07579;312,6208316;4541,403914;7193,9583;1975,12603;1240,912356;4658,100143;2296,232342;7904,011915;0
4854572,414;22412,29358;383054,1049;41,89654438;36280791,92;70957,22898;2142405,553;737735,9881;596744,1013;240532,2222;2761,635925;449043,2946;326867,2736;69584,45523;489949,5337;249792,4941;250082,4027;34893063,28;23822942,33;260617,1277;4265131,584;7674413,585;9799303,865;2354510,321;88987,86944;1296033,857;586692,6449;223170,3272;95005,40532;440664,2609;262691,4101;844303,1785;21249657,82;6992189,765;639130,1873;62085,28015;3122,646855;10779319,29;15251210,54;4819740,496;20992408,26;12070293,07;12082890,07;14386354,92;2031781,331;8614452,474;5203291,4;337693,0481;1069584,959;284766,8793;271880,4648;2987,173992;17027,98813;5869209,295;250667,6979;701483,8681;234361,1484;28140,84587;11833,4934;270664,5624;260328,5119;457006,1938;91826,98396;41730,58413;816652,727;240346,6548;45110,63227;2277925,64;431206,8024;1365875,256;1335231,348;1751334,548;146271,755;3860058,03;776617,1113;1283635,981;22197,97865;120162,2773;86711,72851;7678,633023;34879,08515;45989,46647;116825,1475;1189284,871;0
1104902,008;19278,49029;209829,6903;12,355988;1666580,621;39687,07964;24709,15356;18841,17034;348,3691163;6659,582558;1724,51028;100199,104;48392,08801;3547,887981;116767,6429;848109,7496;578314,6545;22218476,44;2944675,772;902766,5035;1624793,819;1078532,247;92185,06636;148274,1823;62122,07735;2139867,074;225223,1193;163920,7795;77198,54464;493352,3373;342913,2626;765570,8147;642147,0499;222226,9188;23792,82031;80140,31034;2164,68615;6981949,881;282766,7913;784254,825;4275781,778;5940834,148;7514057,183;191178,2038;3133,068698;8867,924572;118270,3055;11082,53951;554861,4186;114981,195;39328,0442;795,5926312;767,7050216;1119024,74;7947,412411;240708,61;12057,09199;397,7113126;332,9724438;34711,07358;25021,75057;2270,849966;2156,688573;539,3842416;205521,1889;117082,9701;9360,323418;188199,6912;173949,7839;129826,5717;141214,6609;674895,6458;194257,8988;3498422,329;1129448,316;17415206,93;32620,70837;232206,6003;65038,8364;666,7952215;11758,89587;114,0943831;231730,2541;748113,8469;0
27090,45902;3301,73906;10660,42358;2,115466231;8207,303576;4781,95658;109,2732011;535,107431;72,94345073;198,8296085;295,3498781;2609,677988;1047,658303;177,0205914;13062,689;142683,6682;39576,49936;15796,46343;221356,1459;8764,47528;648,173043;16456,458;11410,64543;3084,235199;214,4270812;10067,07419;35473,22137;1958,742509;6514,618794;28395,0152;22638,50858;2930,742786;5714,951758;17755,66141;345,6710854;263,2925654;114,6563513;1177821,235;48403,06317;134208,0051;335462,9812;492228,5683;654618,0107;32719,61432;512,2454358;1498,019071;19651,002;1883,708194;46839,18903;3227,207805;6734,019494;136,0601724;131,2359349;191526,5634;1358,694637;41223,64968;2041,909316;67,45142099;56,47207427;10,016241;4279,459998;386,3993691;360,4040754;92,52585151;35191,95804;20048,7763;925,767522;4268,973039;5253,202399;9172,189704;24182,051;99772,76793;13672,3902;582830,2898;175003,9063;2760528,922;217,0809516;3183,427591;382,2923415;47,00713626;561,9770397;15,93620473;431,0033047;124522,0377;0
720485,7201;31,05512297;135218,1898;3,475767605;20303,01639;2650,287943;6093,063289;811,1819695;5440,632872;35202,83629;60,42543506;62004,0823;36095,4281;104,9724326;89744,26528;160171,2623;55835,35564;68865,64466;668430,6012;24014,61037;101849,3251;1051225,843;292304,4081;95791,58564;509,3184856;149302,7399;2741,923829;105215,0274;1693,010267;5979,950463;45410,09039;255327,074;863,3551741;77540,65537;1306,920627;101226,5919;2,664780685;5037701,848;505703,8369;1314202,591;1446737,719;4033869,02;9336115,825;90776,09626;6103,751879;133436,0482;224503,6346;47226,58649;18792,25849;17102,45878;15167,41468;200,0187919;1972,146648;58174,48601;20080,59474;14235,93246;2770,7956;91,20467495;76,91512753;1037,238158;19785,82989;40223,76111;3000,764661;365,3908454;52237,56957;34456,37844;8547,29762;41276,96095;8830,551359;10080,2366;11492,6333;13886,10677;51714,09874;324,1816101;9806,932756;29249,99333;5915,557551;9027,434971;9236,944619;328,6525142;1175,357984;1434,020845;3453,153358;270716,594;0
590,0647218;63,32625061;1189,610481;0,014207905;61609,02551;8302,296079;29565,06942;105,8930497;627,4535264;2891,396962;0,072367028;1410,005691;952,7867726;0,57659222;20097,56173;6892,404937;1974,664948;1286728,606;20910,25227;7748,805983;57276,09611;1959901,122;28451,70224;126340,6245;2952,47063;174629,9693;41714,90944;87710,81;43371,63338;31752,40417;1803,636116;47105,55161;340,674196;244,0663478;6,08436752;2180,500377;3,928819598;32561891,48;929522,3739;755654,6247;126171,369;425449,125;686366,5675;371,561837;2630,778904;146,0889525;228932,0792;124,949901;26247,72436;5485,647581;11,22846739;2,017564947;3,080363953;738,4213935;23,24416251;52,7347324;251,2962836;7,748751205;17,52340792;11217,98968;37645,22637;31448,22295;40147,7352;1675,383013;75318,74601;36625,9466;4701,656983;33696,49793;29547,86165;28012,70212;133,0211934;71371,14395;20034,20033;2337,835702;10067,05275;220214,7017;8445,436783;57545,6057;823,4862598;26,96149091;103,3938469;3604,2732;121,7898543;160174,5592;0
14716,01315;112,768649;2334,117424;1,127388437;2307490,227;64375,62309;11507,9041;2806,608088;15,00319028;5,168313397;0,031634637;1444,817806;3452,685072;5,521164086;87394,53094;55787,68286;1138,863807;1896593,455;258132,8339;9522,651965;13481,58983;256612,4798;1356312,453;6561358,194;5385,292766;1110782,045;310899,1803;475447,4868;44092,09876;128622,5497;36859,64964;135426,859;96882,17195;90642,20556;46591,7251;22232,38763;2469,282675;18464161,3;466176,7944;9771487,931;2356034,368;3118204,603;3743744,366;51278,96638;75863,81061;153831,9014;14176,88956;1181,956322;28309,3233;4854,647163;23012,51788;35,23043215;0,483015194;19169,11474;1079,680971;11177,96603;32504,4102;1072,930513;897,8349745;7621,569293;178587,2956;226189,1298;289020,777;12411,00494;548512,1205;267502,864;33857,62711;202377,0898;131187,7799;169193,807;875,5123925;422320,7606;126593,9087;492,3959511;114097,3476;42691,24051;2207,458877;14549,9239;13375,65487;69,4823389;1391,304427;3375,362498;18173,77632;263345,8234;0
9430,208241;0,189772882;83,12196403;0,017900477;133872,7219;536,0588016;953,8555784;766,8710726;3412,881145;75,72805438;112,431653;24656,20969;18700,16019;173,5073577;275987,9808;41979,33961;38465,35886;1778087,349;162185,1999;73692,67206;9980,496025;403642,8053;68777,03069;133722,0205;26973,03915;637175,5134;1053950,248;540099,3711;744131,0261;30263,62006;17883,04594;59136,2718;687,4675099;132,3275944;11,59200355;190,2598715;39,24542647;31554,89899;734465,4274;1185762,612;389419,0606;379004,2666;380774,4089;107242,3917;439,5847191;56162,50502;513023,0765;4284,303127;7065,688236;1069,466226;9691,068979;15,12676003;1,05301204;8450,197078;499,0334022;4737,378052;13774,80162;493,1776761;385,6860468;15062,32148;9899,264855;7303,381144;9344,619673;1247,913146;22928,83799;10305,52739;1095,549113;9659,729206;7733,475302;8467,658301;391,776139;17818,74375;8325,210772;16342,82492;40535,24869;162568,4773;264,776042;1598,41218;783,32659;6,502884212;200,5472389;1174,771589;4265,816206;191818,5653;0
14227,98087;117,752799;2234,176264;0;40146,53695;155,5429185;138,4891666;26,90769242;18038,27228;26205,07153;56,10321324;11550,09281;10945,91913;672,7789142;22883,13961;32234,55986;20219,35342;13304,96153;52993,00892;1928,258575;1874,513629;1268,482903;7404,738976;6195,002142;56798,6069;338971,817;143614,1168;1005,766922;74,11201439;681,0356117;16701,6328;13698,12605;15654,00124;1165,250499;495,3702113;0;0,432308129;0;0;0;0;105602,9751;97084,3566;159650,287;77144,17689;23991,0178;6495,457515;22368,47459;2361,459287;493,7644497;592,1389716;6,730002353;31,85102157;9581,060451;2212,638225;1128,192803;33245,97124;803,1806669;1677,470116;0;76921,38181;60018,95027;130532,912;3548,579769;143692,5648;69844,97579;8980,771256;54227,62892;47781,69;45337,74103;607,7815576;114853,2486;32278,6411;203177,3332;32958,48411;220833,6379;1065,16094;11851,0974;80598,8192;2766,018026;10380,93565;35306,96135;51257,16441;122360,0712;0
9289,606264;75,65777307;1439,170369;10,06878263;148708,2998;10194,96755;13650,73673;114155,6604;15483,88122;5924,176666;46,90565721;9521,402388;8909,767741;567,2461285;19062,88496;26766,31943;42063,31309;787102,7865;293340,5058;9613,026532;26660,11001;87416,53763;66848,56305;57188,8703;24026,67649;2616807,553;30409,05209;14688,97927;11788,72276;19518,2548;7835,840819;15722,72886;116645,4894;278162,9541;23736,6325;1713,728826;77,45600352;811623,1062;265205,2964;382385,6918;1188004,496;2846305,372;1517451,084;62189,04111;14939,83546;70617,1969;69703,77104;10459,81156;57246,7514;49336,44013;5953,592299;200,0560338;847,8641476;274063,2544;28703,01654;20169,82925;6291,723781;143,1042288;288,5389244;311,3623723;25304,06529;23361,42598;38045,47296;1356,30205;45541,28808;22375,71458;2785,710875;31254,54876;19189,52598;24314,42742;13060,98535;54343,46754;14041,29215;457335,4912;59563,41947;22970,70436;237,8985334;2002,348849;166,0371423;37,43365609;45,35444716;2097,940888;89529,36091;44175,408;0
157757,2401;1287,028197;15481,43591;31,61297427;258848,0148;4792,176081;107036,1868;78334,0559;10494,95766;4793,879882;91,85940651;8744,209203;10940,00779;410,2832096;30679,37732;23941,35544;105791,3392;433512,5103;649503,6166;13931,63573;36549,09301;704892,3722;561778,6049;79650,73918;51194,00446;151156,1467;204303,1508;26856,8044;10244,82756;59049,82787;28123,4706;79709,94144;166475,9196;44603,04337;28826,21977;2962,595494;141,8029563;593515,1965;929332,4952;1235517,561;2077939,367;2218099,391;2105872,953;485412,8989;71265,96774;116299,7621;285335,7412;35722,92651;84148,80887;25764,54392;13978,95972;96,20590254;499,2427537;888447,2598;30107,20932;83133,86045;9508,973431;353,5069598;995,4115516;181,144317;56240,71115;59042,94967;35606,00097;4352,506556;59342,48124;37855,76119;5051,786375;258003,0136;27229,79238;49940,11561;159364,8712;172068,8245;12666,09862;620650,9014;68763,39318;118893,2084;1868,671618;2837,393301;9031,223475;7479,434332;3808,56537;31266,11545;157996,4971;85565,26493;0
269,4943401;2,221203361;822,5670215;0,004640273;21213,64788;35307,37084;131,0846084;11,76001028;41,46707263;16,01692318;0,017663087;26,82241761;25,55123882;1,542899891;56,55839955;78,42025152;55,99679877;14621,77818;513,7997645;14,37152156;65,69462845;1365,414438;330,1804893;637,1015825;69,57775399;7178,201613;4819,507415;15726,59853;1127,378172;7,716351102;260,5754238;33045,58228;33,42489304;1077,577457;736,2065504;348,7994261;0,046040358;2852,437325;822,4090197;1636,860063;5080557,576;103520,4708;59277,82347;19780,73323;3761,524419;17151,06857;13287,92421;245,7667858;277,751487;56,88524111;1,943320933;0,212437584;125,9997867;306,2098567;10,5397349;12,96491954;63,41840037;0,825508121;1,181815698;929,2064403;399,802665;338,5075933;427,5953304;360,8368785;796,5540511;389,1375021;50,16029838;1112,703312;946,6831464;899,6768409;29,05705387;2291,346803;639,4706268;281548,135;11802,86679;12449,05603;32,87447972;223,2481401;165,9314131;86,61701279;93,87015411;1408,805709;2731,713163;14594,71963;0
112,2292333;0,956674807;307,6777032;0,357369256;11274,80591;13357,62647;433,1198147;4038,262361;748,3237762;194,2442187;1,470705993;2155,027017;1567,888328;18,96480408;2283,816122;3807,607613;2693,684707;153497,6627;18996,47735;5799,782283;1309,690922;33767,53059;5167,854685;9028,552022;1774,806809;45471,95012;41513,74781;8319,122922;56310,9588;861,2730096;1658,037524;14618,33727;4119,595227;445,7987305;383,3651361;191,631549;2,78128487;19508,53041;4146,141217;9199,904099;1917408,649;56873,02191;44277,60003;9429,82945;1754,61455;7671,880051;6502,266452;401,065904;2100,230595;1761,42072;213,2012259;6,039801249;60,85136876;7846,351044;921,6681337;718,4832704;46,67084539;0,996775446;0,834072465;576,6065874;472,4705353;468,1566162;749,9135639;197,2997583;759,0759526;378,1706493;45,25918524;1020,651213;603,117294;785,9048663;468,8075439;1726,521446;441,5109082;106410,7982;5476,279666;16268,18877;12,24044977;86,08729798;63,25105514;34,96195407;39,20674158;530,5322822;933,2123748;5518,925182;0
2,559277347;2,951265132;32693,37703;0,000156787;475,3912058;35,0052266;75,84533225;3,606218401;7,112305463;0,093030528;0,003874141;53,71252617;228,3977041;0,020211662;49,4039714;297,6533431;162455,1033;6649,690259;3335,068404;242,1618119;918,945522;1893,916489;1107,420645;2760,604622;86,59989586;1944,301275;1511,606061;116,8358856;1602,265724;254041,9187;482,6615133;2695,709018;2,713986606;39409,54676;0,033187133;1,61590233;0,045479918;107872,3305;2,058102961;29320,48756;304652,2766;353135,1684;292122,9692;1996,288521;30,08872298;1,722821073;852,046297;1,816957062;10953,30025;2312,14148;2446,158582;0,053683991;21,91547225;39,50132943;628,7766985;0,729776453;162,7526636;5,354768768;4,489342214;50492,9585;60344,25088;3205,09506;1151,438982;140,1635937;531,6951703;52491,33534;485,5042913;3403,912374;1055,302067;2787,87767;0,412305784;533318,3934;1995,152283;323328,0547;13512,60938;58107,63881;107,1425725;1039,554854;287,4688764;823,8026132;229,7177855;13512,35346;15223,74598;33089,02524;0
86702,73077;718,9327344;18975,58983;2,284919047;245070,2693;122,4175384;2499,478122;155,9287188;114395,9501;44405,94661;358,2647299;73481,36126;69694,9226;4265,142985;145484,3478;210978,8189;36653,99301;1114,550323;18789,56819;351,9706546;580,7463207;2159,570111;2816,721864;6260,368237;649,3017861;52918,82409;8761,869466;5494,111787;318,3683093;42181,71589;25331,14942;13055,9003;62890,418;13080,7774;915,9871469;40,46788986;3,042221065;20305,03302;1241,621441;6520,899225;159489,6744;544786,387;457484,9046;16220,60635;342314,2935;81020,96526;7481,51157;40537,51988;3627,853101;468,0405735;3445,693477;1,909175449;59,24814994;369943,1462;847,8340139;10093,18941;1361,361097;4,209880625;6,213887546;10251,40901;44602,96174;26445,24813;396763,0894;1824,978476;58890,21349;38912,07933;3543,436876;26361,20145;25665,46201;22446,75979;8454,954424;138840,6217;19699,71762;77743,08317;37311,55605;1467117,441;5827,869404;74185,03196;4816,228095;525,7075092;677,4412622;4238,01367;10094,85071;98207,86098;0
28040,40582;227,6832053;9808,74796;0,542307546;271729,2376;201,2954401;11510,49583;3016,126891;172,8799061;217,4138791;0,061131768;877,2966235;1445,439376;20,83798139;4792,134544;9323,618266;1274,639927;764555,3107;47152,31679;15660,66218;1624,922997;42998,62959;30927,76627;10408,49937;440,6142013;21175,31504;69556,34596;1794,327275;2241,604692;15046,06156;4031,725566;12493,09036;20780,58095;1164,995537;883,7429995;394,1817013;9,915291421;79552,66997;76242,5439;164337,5088;422539,057;428584,5188;773115,7602;37929,26222;1613,00796;77398,9214;19607,81969;3912,77612;8298,744363;1492,117545;292,1435467;137,0465272;104,5810247;124686,7911;21393,25545;30188,44979;13957,3127;460,3452337;385,2124772;944,8904162;6804,393277;2852,205065;2237,997294;41,07688564;15027,60084;3903,598596;179,9241342;21129,41339;1846,261119;4280,330096;6214,146619;17589,87858;1071,815075;67440,23798;58780,39498;45775,80392;2077,445345;3490,699252;1492,358312;73,73349971;1666,57725;128,6453403;24226,48392;13156,35714;0
41268,81366;339,2648875;928,3594269;33,93352299;1928741,519;468469,6379;109070,0775;39227,14653;861,5496817;12606,71995;121,0259349;6138,582936;7008,567761;228,3800423;71451,66171;77592,56316;251681,2018;5210528,923;6303780,372;11858,82975;33248,96994;1158419,525;338036,4591;213925,8513;2226,121896;212796,9751;150594,205;13502,54919;8561,114639;16926,97178;11331,31398;104111,7353;9472504,41;2937448,388;1354,4424;8014,263248;282,3616265;78102,57791;28400,97405;212791,6545;1532114,087;2694532,187;4221352,312;193715,6383;5362,64017;8069,858068;815494,4304;48525,06629;237674,9455;18010,15196;4463,008344;584,5815627;15517,54322;201313,4792;6210,205056;19234,3348;8859,077277;410,2691264;346,8109015;982175,2355;110563,4626;19145,78956;7174,63405;58556,1327;31313,14289;25227,18035;8091,908883;352569,3611;127143,7679;25158,65928;243888,7277;44805,99166;12350,62655;10959054,83;3429626,589;1939270,438;7238,372339;31120,55503;57921,45319;17954,86122;189894,2843;1355890,597;87571,83928;377213,397;0
113591,7285;183,8425972;562,4062125;15,28933614;7745,932152;6828,950993;11218,21343;3563,771586;86,73890806;6932,918281;36,00514525;1772,23469;2006,080774;67,6919002;9020,305574;12301,89511;3372,161752;5671,578096;73636,01185;2324,838454;6612,497077;38934,05872;103206,9249;24613,37987;1394,271836;37211,43063;74154,91043;3679,016643;4138,286449;6297,835001;4400,057262;13972,04207;2178,570984;128186,6453;600,0075152;817,9895299;21,882707;29643,84411;13027,25412;90466,12884;333638,3629;331999,9229;1281791,525;67376,72549;1644,025393;3560,162218;53668,67466;4286,731612;81320,28565;1453,210898;2198,217734;319,2494033;791,7482679;109728,8191;2897,194273;10096,62424;4154,14027;211,8118307;177,3871299;54670,51347;35199,73549;495,83625;341,1352346;3151,533016;4939,942593;5910,564207;812,5748086;56320,56739;22402,89046;4441,884446;44831,01849;7710,467334;5081,450824;226434,6439;143421,5101;64985,97319;373,3533042;2223,424078;1315,890175;238,2934751;3375,21991;53476,2013;2032,567547;211393,7517;0
5136,03233;41,11470616;92,72900648;0,126494559;7,061600244;2077,09854;329,6115839;582,4321061;193,7015372;149,4984662;5,938274179;621,5036287;822,9928025;146,3035553;10882,89936;3373,940912;569,2613706;1,295683508;12099,66541;380,515924;1087,652461;6391,847802;16964,53118;3957,42501;227,4638657;6063,763098;13600,70038;597,2143693;668,31845;999,4869806;1033,580674;2281,693196;383,6350265;1650,157142;31593,51089;26352,28581;3109,492514;4822,474435;2126,737739;14478,12246;54473,67071;54165,19437;209165,6375;11018,00126;266,9379124;579,830634;4107,608639;546,5993282;13735,78635;247,0058687;422,143369;59,97094238;44,85928589;21162,83286;559,8051095;1940,421164;350,8527324;12,35048543;73,99540343;8938,422947;1547,945753;80,45720214;55,58294935;142,5837865;794,1522585;949,7446108;132,7919759;9745,000335;3656,444221;563,314806;790,0352959;5010,893969;822,9499179;74577,83451;4701,858524;2362,426478;61,06388774;366,6870527;215,2023762;11,75659787;275,3999457;0,00177859;253,2747769;3872,237141;0
2263,102132;17,50336757;55,11052863;0,053836007;9904,365172;893,08956;145,3256347;342,8071877;83,56073202;64,04195683;2,527867449;556,7400266;629,1121417;62,71141249;5169,5942;7387,950623;318,4654436;2075,23422;18130,28887;230,0464338;627,5686887;3019,138772;168631,8986;376039,9422;127,1373478;3219,196782;85919,64638;313,2888537;284,4956284;5737,970671;444,6763337;1404,59807;236,0650554;710,2582966;13446,81184;12120,03049;1346,953068;2966,605575;1509,16138;13045,04925;27830,00751;29174,10949;95614,80244;5583,642898;1034,174808;11755,4102;2135,486331;611,1828135;6289,338695;111,7092022;2039,422236;28,34221745;19,09715161;10535,98277;325,1643448;1728,895014;2773,373716;91,8879555;103,9858443;6128,317386;917,1327104;54,56311664;38,5986853;120,888798;973,0357456;785,4341659;59,3119201;4429,840336;1665,235287;567,2534693;406,6431639;2269,733711;1020,589791;31760,75153;6322,169303;1475,551624;43,50122562;235,4919576;123,3828413;5,175119917;140,3921274;5,908636331;123,85414;1810,173539;0
140,7999985;1,127123674;2,54099837;0,003466617;0;56,94501012;9,036331696;15,96765248;5,310408669;4,098577365;0,162801936;17,03849697;22,56259993;4,011006801;298,3588873;92,49874591;15,60578401;0;331,7168088;10,43207075;29,81763647;175,2305265;465,0794564;108,4939806;6,236071342;166,2400909;372,8647224;16,37298206;18,32213516;27,40161143;28,33607334;62,54849887;10,48369989;45,23460613;866,157538;722,466312;85,24889781;132,1682724;58,20217983;396,6889605;1493,385426;1484,764191;5734,12936;302,0565378;7,317447421;15,89462778;112,6075694;14,98052978;376,5760596;6,771762805;11,57321556;1,64402658;1,229623021;580,1937856;15,34618431;53,19342774;9,602424644;0,338054278;2,028181496;245,052861;42,43795278;2,203253417;1,523640575;3,908449148;21,7719549;26,0362848;3,640584808;267,1618046;100,2432291;15,43874981;21,64470947;137,3716595;22,56161537;2044,50973;128,9015912;64,76145326;1,674095685;10,05298178;5,899386313;0,320867918;7,54947874;0;6,943675325;106,1573853;0
740,8693939;32,05661863;597,1086047;3,331875856;16005,30308;439,3790043;7593,422813;6256,246306;76,20657748;29,2968213;0,089958693;83,10893067;74,12468921;3,133332406;382,021996;172,7745012;180,1664011;5040,059584;903,6662426;17,93815845;115,1409815;18180,83254;2689,011733;2735,720534;9,555393627;7972,72252;1291,230065;50,43072595;48,8709781;55,87048078;51,88238517;879,2104244;125799,7288;146947,4541;17826,0552;975,7772375;1,274347762;6228238,452;2470987,849;22278366,05;100228,0682;1578074,212;861215,9565;35330,2079;776,8003254;1194,038431;728515,9626;28027,27202;15577,73066;1154,828891;23,87101061;14,22000088;3031,344353;3549,181237;2735,900186;389,7407026;1478,073006;48,10863096;40,24817442;2480113,675;69516,24445;61385,62896;91286,37326;12448,07919;140221,7847;68012,21648;27,5706866;56198,467;48726,09625;4919,105825;1204,33276;107593,4595;31766,49172;13858198,56;1292953,549;2042765,94;961,4791039;5314,811882;4009,720035;21336,3788;278306,6677;740921,5892;4987,747056;56513,47798;0
268,462304;9,573897069;138,8036566;0,78737337;3226,551248;121,6191116;1795,911048;1493,268797;18,2294348;6,894524762;0,228226327;35,47857646;38,49620409;0,764472237;141,097881;290,1407885;46,05006926;1098,577341;798,8957895;10,57793103;29,924819;4293,876915;7332,675212;16346,58247;10,52209112;1940,826836;3655,320715;26,96650527;35,06548107;13,10774379;25,41114328;248,4382134;29614,4145;34551,16826;4192,672129;270,7160367;1,53217169;1465367,95;580983,3636;5240720,241;27121,87234;373278,7628;206867,7283;8355,696305;233,0925697;328,2213376;171496,5605;6653,207899;3677,84325;278,5055099;33,81752907;5,785984473;715,5406309;2945,906218;674,597009;114,1803681;605,0725694;18,25031519;15,2702085;586168,7744;16448,91369;14462,92937;21614,68767;2957,546862;33115,52947;16057,98909;18,13616615;13316,24583;11553,7969;1186,000795;252,440676;25309,43254;7488,529666;3261387,956;304741,0549;480951,2428;227,5125998;1289,24981;955,5456505;5041,279377;65506,92221;174343,1384;1200,035474;13431,05125;0
1147,153502;36,01120816;363,9630432;2,099222739;2434,257577;423,58152;4882,929755;4116,533133;49,757973;18,48762206;1,742566624;130,9290336;215,4315882;2,098985362;523,2152133;1207,559697;127,8236314;3860,982769;3314,09719;105,9622518;70,60749136;11561,44402;29450,09082;67268,29312;74,40942273;5560,261124;14837,67424;158,3036726;223,0461518;76,40006949;145,9656715;808,4235055;78661,02096;92185,3654;11196,44152;801,3144214;6,811893995;3919013,506;1550016,023;14008952,23;92081,19963;1006167,204;572637,0251;22366,2549;732,555129;1189,203198;459177,1655;17966,14773;9928,129416;784,7392582;242,5423373;26,74225295;1922,354344;19765,94862;2006,948859;417,9154586;2723,597673;76,75487665;64,22906054;1582043,703;44526,46951;38752,69999;58567,70113;8056,143649;89296,35132;43237,69074;112,6968754;36105,40558;31384,68013;3239,107805;220,1256994;67607,94136;20110,85188;8726764,896;818183,2969;1288310,46;621,1846158;3670,392355;2615,417281;13571,49295;175361,455;466458,8739;3421,998077;36643,46258;0
1896866,849;3847,101679;238308,8611;14,79686931;3584384,026;15141,23755;160034,7268;49732,56843;1502824,1;280470,5985;334,9492812;194587,544;199974,5326;8217,294926;167734,7775;303235,6687;167877,7334;11511174,51;1330054,03;283749,3134;259202,1828;808273,1473;655454,003;402765,1648;18867,42585;607730,0316;882209,0393;82945,46039;38962,96551;325555,1395;137986,7861;259642,7186;450009,544;81228,29442;21687,69218;17772,03038;417,779945;2943006,886;1250115,714;2514444,54;6241578,309;7597728,885;13254885,37;734846,404;85893,82555;932093,6677;453752,8533;59981,62854;1081302,965;1133453,679;18599,89335;1722,066994;1617,574414;2453682,459;249741,7054;378981,7179;189399,8508;5857,660059;4991,61057;184544,1957;111839,6414;54041,07181;61375,39987;3469,694436;226288,9084;80374,60311;5634,322848;295888,3696;60829,16656;81028,63847;109788,8845;321462,7931;53256,95945;1134279,572;879399,9718;1553245,44;31954,93159;88991,53314;42168,42039;3046,585788;24914,18789;16332,0353;325960,7352;263479,0503;0
7527586,584;5767,504113;608692,2238;39,1820709;2399839,573;54135,33649;138318,8444;68708,38027;7199688,568;1332199,916;1529,566269;883277,8583;875802,5269;37994,18057;535254,946;940091,938;731206,1239;13558974,78;3698623,121;514287,6673;1144542,606;1523970,81;1434031,006;1320178,183;65360,42433;1744024,927;465679,6294;296546,8037;61229,28372;744558,6226;440462,9116;558603,7551;967473,0445;321900,7586;54528,24565;62404,2005;1389,398049;9553434,973;1814234,882;2937941,236;7701035,705;17245500;9338591,418;1521212,686;323508,7059;300450,7726;1104373,395;69200,31213;4761482,258;5362317,159;70413,30885;543,9974803;1720,63923;4831526,456;41836,58205;187097,5793;119016,1431;2224,478463;2293,314137;546424,6263;159724,2019;101612,047;158646,7858;10918,83934;262099,9262;168020,1727;16095,21244;268652,4144;182121,9299;152098,5644;186273,8363;591693,0989;196057,4355;1586221,17;987034,5695;4938377,654;41285,42768;234854,9097;120325,5935;7339,038529;25130,53901;65305,50827;256246,7899;618144,3168;0
7782782,238;6305,04073;632812,6425;43,0392233;2647224,238;67178,09724;158188,515;80987,20134;7350867,273;1363146,52;1672,233903;906218,8222;901335,3602;39379,48864;559484,8908;982020,7521;755745,9717;14787867,99;4042353,328;530883,6184;1189658,27;1620746,355;1514871,397;1400144,114;68088,98988;1828148,277;496758,9988;309418,6412;67919,42373;773832,5223;455731,0124;584659,8904;1089014,348;334969,605;58856,56918;66141,47061;1513,999454;10208529,13;1934374,824;3239257,44;6161419,965;9289854,449;33529652,28;1462854,786;330468,3382;307218,7493;1131684,731;72839,58103;4816455,585;5462713,43;72897,65796;661,6753973;1875,544709;5007592,613;43994,68028;192188,2031;133101,2268;2596,123935;2612,85302;659397,7535;166577,2787;104803,5789;167204,2324;12321,10191;272323,972;173803,2978;16857,85483;278142,2977;189319,2005;156780,6555;190487,3504;604046,9246;200565,0389;1687165,776;1029838,721;5053281,243;42154,71163;240988,631;123238,3564;8504,907291;26738,17638;68772,93135;262338,6631;479172,8657;0
737018,8429;1007,668465;190523,1585;26,44926438;1711737,947;9345,216937;22396,47887;7309,245695;723371,8676;136970,9492;226,7779826;103729,927;100291,2734;3986,133055;227722,5111;148762,9712;69575,14865;1655009,93;421780,1871;239755,177;81484,67914;221685,5328;272249,3388;122616,4705;6867,549345;169926,4432;335717,24;41904,26904;5202,224247;501042,8289;51484,51086;158327,2048;404291,7515;368437,8367;4416,560517;3922,297181;93,0441034;1298936,988;402740,9064;1325422,643;3774448,833;8976375,566;7042830,562;409880,431;82821,7219;94504,63749;237078,3567;12945,67867;492612,3499;548484,8566;28194,87939;6005,762275;720,5774327;2470787,944;220449,2206;441856,6034;29677,95289;944,5395822;1705,620897;61049,41617;167476,129;39420,65644;39289,59564;7628,375206;100091,5228;30469,83725;2979,266121;77005,58158;33157,22788;159008,5759;48836,34188;109854,0167;57226,87211;1712354,707;982701,2864;1626111,215;9708,928093;31358,04324;18601,16286;13270,5409;11315,962;19717,11834;30390,01966;102050,784;0
129854,803;155,8852458;27486,55435;3,801903328;283716,2851;1362,650626;3376,541706;1175,541858;130590,1056;24721,8083;36,33746363;18309,69478;17545,13962;719,5695408;40482,84777;23856,01529;12134,40494;292733,7488;68192,36566;32422,16054;13910,25611;35043,72453;40230,37916;20563,54708;1116,822972;27386,85503;45207,80354;6550,229732;855,5645662;68200,24697;8750,748283;22030,16406;55419,14555;48868,55182;773,9348514;649,7849205;16,10372984;211421,7164;60223,51841;184284,4395;525610,5934;1300960,724;977123,4622;49747,26366;11663,25202;13448,91053;35794,23592;1850,43287;86705,19033;98263,55138;3984,208369;781,7235378;69,78577108;344018,1867;28694,97993;58066,8235;2322,069451;46,08332385;58,16341179;9741,226407;19484,45806;5539,635147;5790,580105;725,6723114;14111,63901;4703,585486;312,6336426;10968,78013;4957,179265;19815,70109;7227,173745;16851,8337;8203,918118;48178,11817;61954,95217;153290,8834;1418,656334;4963,097352;2969,750971;290,1165739;675,5134226;1348,319975;4901,129234;14500,2801;0
212077,8038;362,5429792;75221,42618;10,48017486;984426,7809;3642,472901;8355,287416;2477,33206;197647,9811;37443,18966;77,41976201;29732,5787;29278,86833;1088,874588;64312,06212;56044,45902;29945,49435;777472,9368;199325,724;103437,1478;27702,91611;141361,9918;105545,2411;61209,40445;2927,145563;107585,9811;158624,7255;21589,75894;5384,798054;219112,0474;17437,84534;91935,40778;169239,3414;159819,1701;1282,356308;1267,316158;27,69752842;432105,9407;151412,8993;545284,9594;1553727,986;3669943,372;3108418,169;513374,6913;268379,1683;40891,98272;91584,90461;7076,669751;281144,3323;178598,2351;11331,4259;2655,105554;398,2419341;1017438,089;97464,64122;193455,9554;18213,29496;672,9853951;1301,594458;14809,1221;104803,7406;35523,98411;40329,07923;5062,295878;86714,76245;33371,21957;4511,896094;50050,30751;29322,54157;581590,6391;18605,04635;79626,06767;34033,10564;1342188,895;669923,4028;926533,4965;4445,089138;10909,08521;32415,09386;10844,24243;10050,19102;12808,74508;19562,45768;392926,1892;0
6069,631212;50,46063992;942,1695614;0,098134536;57405,68;21,10809946;12,78726204;93,68807023;1,660918833;494,8338417;0,146082934;112,0268287;184091,2304;228,4892145;4113,47751;118267,87;86830,08038;6356149,67;839848,5878;22189,5452;26831,52649;1092346,574;22971,50344;326550,9991;1281,628728;107026,4134;83181,60072;11417,02932;6040,220119;35072,69219;17816,03836;298108,5244;383,5965415;32921,96958;8841,658089;374,3431226;490,8044375;521246,9532;418828,2264;7902,215365;6720,730453;6075633,874;8208535,742;9343,97574;165464,3765;789117,571;681283,9091;138951,9369;137356,7678;42031,57364;1537,426205;326,1309686;3582,291545;8113657,464;104,5545697;794,5679493;3279008,408;116161,4094;71715,79241;143368,5631;132150,8051;137556,6608;175331,8619;9216,393862;330480,6863;160735,7115;20548,28126;170037,8676;149133,8747;141610,8418;170,6197585;361174,2347;101780,7438;349472,7661;85776,68799;695506,0292;50249,55133;92,3868926;154085,225;1003,710212;14703,40452;10401,12286;48225,47817;880325,6831;0
12696,83588;105,1415538;813,7734471;0,397591358;99039,20535;819,8811385;1766,35249;5167,829216;191,1881924;40,96092243;15,29647509;1569,295329;3007,161317;4,45929849;4645,795474;6200,788483;1948,108918;69542,08575;28667,77454;10938,59636;1871,287048;17215,40409;33354,14998;23342,86798;2066,300166;36467,5204;40526,79146;3276,393799;381,1418396;8924,17209;3200,273574;8414,943468;18327,51772;5363,871305;1118,500812;763,5447616;20,81228963;44439,12979;50000,1515;222471,5787;660998,4597;560071,6943;581529,7876;18635,27539;3765,719202;8837,527616;18984,20502;4222,359671;13529,6468;495,2647261;7524,688808;423,3861229;278,4077978;165830,8993;6074,959687;39492,84455;72,91707311;2,282032808;1,909286359;26292,46875;46776,5501;696,5198397;1704,651817;1989,739101;13095,90085;8379,23526;832,9522933;22323,08083;25489,18488;17030,56469;4844,028826;10975,91544;6013,232666;264120,5594;29783,4491;25250,13764;504,3284414;3598,614331;2297,124903;488,2284814;927,1705321;18645,91129;14903,27964;11281,70541;0
37831,03256;1173,54744;78598,8267;0,054570281;253064,9011;3781,139556;7612,352699;1781,587548;254,4477035;111,7973169;53,94015377;4760,293028;6427,104865;1,233848388;7460,011438;33839,2943;4096,951118;108051,03;86123,34362;96699,55742;8889,579159;51315,66228;102649,7203;19054,89098;1396,339315;33462,86871;173598,7943;10993,03987;807,5967971;246206,8996;6195,833112;72238,36144;219876,8964;194985,9131;269,4897081;47,45007553;10,13713829;263418,5801;140326,7509;618453,9051;1560948,49;3436075,76;2910955,39;98147,837;17638,84397;39562,82094;91262,91771;6144,273269;14419,74614;419,7190102;12560,04033;3407,485114;6474,969057;1175693,135;126600,7681;246366,9594;118145,3759;4698,967283;1743,961982;175498,8015;119212,1028;16353,10547;13698,94071;7908,611886;41471,19571;7501,45027;1439,03941;32333,03327;10905,95587;58045,55772;17715,44214;30144,36376;23069,76398;2826742,782;242841,6101;418157,4225;3833,784539;8226,920817;8740,786082;23359,47019;6067,064876;12366,80956;6017,709405;15871,25234;0
41556,97528;1299,378429;88078,43008;0,006828073;283305,2073;4105,238072;8458,114978;1839,467873;281,8432371;124,6856782;58,97596528;5292,634197;7045,988448;1,02733453;8063,745185;37898,93559;4545,893338;120958,5074;96080,6124;108334,1163;9930,779968;57252,20454;115823,4673;23956,8911;1505,668685;36989,81797;194948,5228;12211,55076;730,6113654;275947,2863;6844,195402;80543,66099;245543,1386;218526,5061;292,0580514;32,16809003;9,291124297;292119,7476;156928,6811;686554,7463;1723122,712;3831759,78;3225646,193;109706,9083;19673,76998;44195,06918;101263,2735;6465,986332;16062,41467;419,7841928;13872,65289;3799,086152;7234,5177;1302622,245;141644,473;275867,4162;130222,3959;5205,312442;1903,354332;177576,7586;132920,0593;18107,5765;14338,06815;8641,787429;45536,15674;7946,909786;1529,600325;35456,95063;11549,7089;64744,62679;19759,6355;33664,62136;25738,35554;3155184,615;267813,029;465438,4841;4286,985248;8941,587277;9696,824455;25990,25829;6488,641629;13452,91596;6552,633624;16747,82552;0
4729,591259;23,50010267;752,2610701;0,01929203;471710,6991;454,2148736;308,5760989;4571,945901;59,39337821;20,81040235;0,708521554;1363,630153;12902,83136;21,26277549;3681,170164;10494,20009;3573,541223;103441,7254;24620,33447;3589,611989;5869,757277;14465,00112;89847,72275;18535,70828;1540,629922;30818,51681;17690,82462;2850,444202;183,0183394;243644,905;357,979196;20223,68915;4204,147067;842,2267547;87,15967531;683,6187919;44,84439372;43857,90164;29879,99057;325107,1268;319092,9214;415424,3806;327876,0694;7126,816124;221,1558103;492877,5849;16975,24633;4466,032459;20881,14434;323,377898;85482,55304;158,4899582;456,3377451;408069,1212;4377,62712;62942,92361;131176,6432;4213,734542;3526,169255;30414,95016;12726,72439;1851,972359;2449,308334;3563,512801;29663,14082;17828,73678;165,3947284;13923,98596;6104,912373;15740,79226;4229,600612;6761,407145;30956,35073;339280,8502;212748,5515;23542,03222;829,508031;3796,275489;1556,752236;4615,54054;2871,200788;766,9955312;1383,191453;7935,067791;0
172,3920991;0,675939226;31,01397556;0,013119123;13829,38562;12,16987324;8,193275276;115,8777598;1,893622119;0,774261537;0,003615994;38,48581979;339,1887084;0,610157848;124,0911346;267,2567557;100,8289439;2848,156942;734,9620139;84,77759153;163,2228253;423,8187218;2368,379623;231,3440617;36,72349733;791,4812267;443,1100376;72,04785847;3,20335247;6395,764985;8,559795063;579,0761687;423,8948977;195,621655;7,334636633;55,67315595;1,04817551;1533,016749;1751,61473;10654,98363;6122,025114;9502,918882;10899,37811;3149,018541;9,380904006;19025,23517;492,7396083;50,58140182;535,2793239;8,773758266;2240,646531;103,4416891;924,6835527;1921,260952;117,5868988;1160,855593;3325,470768;109,7653932;91,85122854;1032,782964;339,8075835;72,56454048;57,03901569;99,62353559;1424,454545;502,0232615;6,943276424;487,3952355;231,588843;541,0956954;229,5124397;436,9384179;870,2153872;1831,589783;6275,47604;747,866665;27,07940492;136,0119125;79,22445915;972,7424507;16541,0871;210,2293091;220,8182132;8224,994418;0
920,5404354;17,80464795;26,58263408;0,015202536;13627,10761;31,99276909;59,94830745;172,8309973;6,043306265;1,304194848;0,55100811;52,48767415;104,8863707;0,646429369;192,5521924;201,7758948;64,24271755;6302,303325;951,7459934;354,0676601;61,3079824;589,3442684;1093,167477;774,1494371;115,221957;1196,793864;1392,152085;110,3230887;139,3796289;291,4329649;106,2780813;287,7764039;658,2499399;367,8381933;36,35490349;52,01040215;6,915952557;1558,02122;1616,588371;7485,906351;80248,28048;101492,0601;20226,15321;1024,358157;125,7548775;903,4663319;679,7647209;3339,737173;432,4877075;17,70250753;250,2311605;32,47956881;434,8921332;253286,0513;303,8574801;16159,39299;8299,070827;186,1702314;155,8556337;23078,70644;693,4087424;696,3404228;1351,817746;676,4568791;529,9284537;293,3982615;30,57936722;771,674464;858,0514823;572,8677023;747,0871553;383,1553473;205,5421424;253464,7557;11363,30596;1606,739831;21,5185018;130,813748;81,56412127;3547,921033;3030,161947;413,8677982;510,0953678;1216,88624;0
112380,4089;1087,218269;137798,0564;1,832057121;3548114,552;18913,4813;11812,67722;32967,416;4887,311254;2283,025489;100,5729724;24167,04039;95966,39013;956,1540694;31394,91804;333535,5884;27770,10324;968886,0158;855601,1926;38226,24116;42623,35125;234212,3669;588440,7003;407770,2959;12416,24867;767598,5312;138380,4178;30342,98404;4700,486478;1502132,78;44316,49818;158712,586;70834,37866;54872,53813;2861,735854;6594,751382;453,2689234;375036,8674;380927,966;2326662,072;4481242,617;7956682,376;6556658,961;91643,30973;15748,36218;3063784,53;308872,6563;139722,4186;348875,3552;23430,27506;712894,4649;1776,624862;24009,38175;9342989,551;3082121,763;1331383,534;1243127,691;38057,10254;31848,33199;884792,3777;132583,3649;83222,11162;1094130,156;137691,5971;220181,8324;125775,3102;9081,747342;177712,4417;68235,06478;207474,6028;51428,30038;68346,21869;209536,0663;15259475,97;1985906,218;614482,1865;36782,10655;49193,34613;15211,40831;531260,4168;190351,3244;44018,03141;44554,00927;92006,02639;0
35267,69637;316,1909814;72405,55312;0,789324338;200408,3434;8508,432218;4758,968685;779,0206127;2400,686876;1161,821608;46,9501345;8067,334521;8101,6802;443,5061656;2791,049004;145147,8664;2484,667367;109462,9698;375084,6495;4757,935788;2943,587669;72748,83822;21695,58866;183282,6942;314,367184;302282,6917;6988,507408;5805,953089;426,890814;1766,094467;21811,60849;15886,86179;17436,23675;23004,82227;851,9877816;844,5947283;19,92787848;41655,64839;89342,73488;99229,8799;457345,4471;1780343,573;2267791,521;17883,44941;6525,747318;20893,14292;104512,4028;22621,58338;115622,5643;11531,39712;100476,4485;188,7159818;7604,27542;787034,5918;1664470,043;327803,6971;144279,3786;4544,481475;3802,808621;124186,464;22147,4553;31260,40542;573930,784;55504,71431;16120,73634;5904,322871;4099,402817;42008,41884;7309,219286;54222,75483;5261,458442;10549,74978;8596,148677;4244541,534;243641,9034;239942,9476;17066,33742;12838,39233;2244,384223;234392,4627;78585,33546;17105,00847;14087,58645;19519,58386;0
12865,20372;132,8257975;27096,95041;0,35527806;83412,00657;3153,525796;1775,630723;269,0993046;893,8726206;428,5877727;17,25276404;2964,312876;2970,706336;163,4722275;992,9987268;53976,11563;1303,766182;52164,17661;142193,8792;1687,070712;1133,128138;31699,94127;7984,997021;67890,5997;88,05953816;112611,4622;3152,237766;2269,670194;137,2854435;572,9543779;8306,632381;6743,732478;6584,403962;11056,21772;304,7008047;359,3640738;5,539204063;987556,7319;34460,11815;159807,128;316478,124;932444,3893;1168825,693;10943,42789;13630,56845;18075,75178;310047,3057;89042,29976;75646,58856;12489,65187;37012,64961;64,45784549;7287,641281;220058,7624;614042,1126;116418,3703;51026,17661;1627,905316;1362,207037;71624,28356;10667,56978;11351,29612;239265,5409;59021,2884;5911,615721;2123,219117;1508,78696;15569,65575;2496,973424;19909,40629;131095,8369;80852,29892;7356,972133;4150803,554;317383,2542;303881,1618;7268,195955;4717,208548;2907,846321;393803,6731;215949,1498;24675,65742;16198,26758;7242,740103;0
59722,91551;490,1114253;7460,633726;27,93157466;4655,894355;5941,929898;73971,41759;71297,8495;7102,100082;1289,19118;0;40623,03883;173494,6453;895,5593347;256074,9792;52750,13632;41848,53332;917,2560559;384873,8888;8967,171605;6724,980071;535830,7652;643505,4842;145253,2971;347,0332755;661643,9935;378397,1205;40319,4891;224,1412984;484795,3633;3858,582354;26147,84973;471614,303;43517,49662;159226,6308;65,32916948;705,3296714;7305608,25;1273648,224;3502760,247;5312300,749;22033959,52;4062193,667;248907,7181;53846,09417;28328,66907;137269,2181;42820,58273;174715,3711;4313,745676;18553,76845;1090,693605;0,182672277;737955,1518;192983,8131;21278,47422;3982429,171;131510,6347;110069,869;271,7116027;83692,91233;762915,584;16508,82555;1188,326801;2419,786376;8981,622978;0;48483,3727;22488,02907;99501,41579;33335,52538;318656,0702;6815,966979;318273,7099;35522,1832;134198,4785;673,7948665;3293,826297;809,0758535;116,3536319;1337,049683;108,284227;22301,86548;30027,21652;0
10770,33981;88,38594948;1345,439346;5,037137718;839,6369111;1071,558606;13339,89301;12857,74581;1280,781934;232,4907778;0;7325,897076;31287,76061;161,5038092;46180,17252;9512,879404;7546,90089;165,4165629;69407,57211;1617,126097;1212,772684;96630,90574;116048,8009;26194,75881;62,58345342;119319,8721;68239,56154;7271,155378;40,42130106;87427,25894;695,8508767;4715,463476;85050,20655;7847,879194;28714,68857;11,78136312;127,1980808;1317482,287;229687,7848;631682,4588;958012,2425;3973570,769;732569,8315;44887,63954;9710,522777;5108,749121;24754,92214;7722,198803;31507,90446;777,9343384;3345,958402;196,6940269;0,032942841;133081,7104;34802,40751;3837,327697;718185,2234;23716,42797;19849,83287;49,00005744;15093,0526;137583,0368;2977,176507;214,3010491;436,3805971;1619,732236;0;8743,417739;4055,456981;17943,93408;6011,677978;57465,95135;1229,181125;57396,99706;6406,016526;24201,14964;121,5111421;594,0036279;145,9075096;20,98303712;241,1215076;19,52781291;4021,884523;5415,062585;0
1139,809305;9,35375573;142,3858777;0,533072916;88,85754596;113,4014797;1411,741362;1360,716429;135,5432783;24,6041589;0;775,2889702;3311,137934;17,09171186;4887,180099;1006,734111;798,6774805;17,50579286;7345,301818;171,1380891;128,3459589;10226,30739;12281,27483;2772,153004;6,623115319;12627,44751;7221,692968;769,4957364;4,277727157;9252,298913;73,64088029;499,0306013;9000,738937;830,5295742;3038,833484;1,246804424;13,46118681;139427,2231;24307,52224;66850,03051;101385,0341;420517,1814;77526,79356;4750,393225;1027,65042;540,6514457;2619,777195;817,2290022;3334,435435;82,32765296;354,0978827;20,81584111;0,003486293;14083,84272;3683,087874;406,0987764;76004,49153;2509,874876;2100,678774;5,185604395;1597,275676;14560,21151;315,0702343;22,67916652;46,18152019;171,413893;0;925,3031082;429,1830794;1898,980293;636,2070857;6081,537562;130,0824402;6074,240231;677,9393573;2561,172261;12,8593464;62,86253495;15,44117829;2,220604121;25,5175364;2,066599872;425,6301553;573,0681515;0
249150,671;4701,950198;4368,194768;16,04921868;98751,92172;39153,04202;21777,20155;46438,52703;986,4934619;182,1326014;436,8150737;13306,49108;46485,45425;105,0135893;89048,58022;23560,23162;13570,95622;42989,14732;164986,8026;13663,20991;9739,826312;77433,65037;197523,6185;231195,3367;17515,68326;152090,4148;101027,3603;32290,47994;51520,33414;70,72408701;29537,97573;124241,8748;264132,7402;3822,171664;2952,824622;8582,418423;672,133657;920869,3269;103898,9278;1951821,331;7787153,323;5721481,026;10905630,28;89697,54481;30728,31242;45342,88997;302324,3595;125166,0459;29272,08184;14946,29923;60386,23766;5906,414154;6671,813836;4453752,662;73527,13619;76636,86266;647849,9126;18088,91456;15137,12431;5650165,755;204343,0283;65226,35575;299782,7097;65580,26708;278804,0217;135990,9376;24577,83303;230785,0537;198839,7553;92300,0924;28391,78076;35775,20571;34867,93708;3842485,584;1287741,413;953545,9254;2922,92175;82382,38083;29464,30934;56367,20168;91890,70235;120353,3326;56667,897;307171,9818;0
10102,03456;82,54009167;4044,967191;5,673281353;434029,1895;231,2234395;896,5463887;483,8646358;1411,2237;543,9799724;0,003299339;17312,21342;31947,90474;250,5073197;19338,43102;16329,84523;2091,844189;157528,9128;75720,97435;11093,25601;4470,887055;112965,903;64503,25502;15251,45869;9,36253805;43701,85366;89335,8244;12061,16308;7,511198412;21086,65601;877,2970219;11917,56967;106710,5514;7396,359072;5240,750755;238,294951;112,1595828;262360,4077;46441,32448;530739,4875;1107807,78;871000,0209;1422949,334;44771,67326;49008,90714;9868,366892;8730,547452;1119,295946;14825,36181;1945,88592;6387,089805;1810,415782;122,0425278;49704,21643;29525,25116;114433,7282;370012,3041;12220,43753;10229,40092;749,0826103;155395,9747;219535,1295;216985,3511;3245,458861;7541,200295;1536,600495;0,185640568;9834,311147;14461,98058;31608,57492;43692,4504;13269,82708;2848,399898;29778,70317;75372,2631;49812,67291;3978,056689;5881,134085;3278,91013;200,7182599;1477,657818;233,9850021;7755,927361;37498,04758;0
10188,14106;85,31108941;22063,35825;0,242426116;51145,12895;2590,290237;1417,332283;129,9028023;729,176911;353,8481437;14,11988728;2443,055747;2442,938351;135,0190864;768,6631766;44148,87796;717,4308834;28729,53016;113842,2506;1197,660994;859,8949899;21874,00027;6438,153664;56595,09135;16,90498209;91375,34331;1449,461005;1713,576667;50,25360584;335,0422142;6585,595022;4699,07353;5045,796511;6752,44758;238,2649372;228,298651;1,314079539;12221,57393;26102,74352;26022,08622;83188,79441;469100,3504;682936,3312;4982,832136;1956,601278;6182,997039;31513,25855;4414,665338;34953,6416;3512,054531;30482,85899;45,03908559;2061,376703;48949,48415;507359,6194;87761,06277;38323,67061;1263,864651;1057,548795;23236,31667;6470,828263;9233,175094;174322,105;16446,39526;4711,637386;1649,655573;1239,53758;12355,56149;1695,961137;16179,58076;1087,813504;2971,378291;2489,453688;1102799,38;66425,32177;72480,30953;5192,944079;3865,517893;642,918561;68864,94729;22970,7947;4977,359109;3957,74547;5831,89216;0
27833,20445;231,3213927;60669,08543;0,644782509;139531,5897;7097,924243;3881,645843;327,826191;2001,362879;971,7440634;38,54545285;6668,585366;6611,429219;370,8833465;2005,321269;121324,1406;1961,026216;78598,2485;312712,4683;3259,225666;2350,469747;59837,7552;16083,49603;152229,5318;35,67156128;251120,2606;3015,3415;4663,209643;104,9380876;1066,284637;18090,99205;12823,72248;13441,3844;18553,93066;640,4177462;614,2491525;2,7145999;32379,54037;71626,15694;69147,90046;221024,7171;1284405,07;1867743,815;13536,45349;5232,100827;17222,80738;86502,45499;12068,50132;96089,69332;9644,785438;83830,49511;115,5587166;5664,850797;131598,1457;1395287,665;241061,5417;104076,7463;3434,287704;2873,682634;63875,5373;17283,61615;24808,13189;478708,3701;45183,13575;12771,83495;4453,202908;3392,954618;33812,33302;4499,972747;44368,49168;2867,114738;8119,439096;6834,017995;3030821,568;181754,297;198605,3251;14270,98958;10564,46938;1741,47133;189363,696;63113,20428;13609,20498;10828,84004;15747,86613;0
753,8596448;6,592744324;122,9501848;0,307410599;17395,58495;1030,745237;2068,00696;1343,114298;4420,33492;160,2239477;0;175,6820081;14,87159341;7,945679522;260,3799597;48,36406372;151,0845404;6601,456863;6927,360728;1131,759081;337,5971262;303,6915075;3861,466262;299,4263263;36,00019009;1217,757924;49,41547473;35,86111207;7,987674795;26,71879345;10,87677959;2637,097414;6035,16563;979,2354401;404,1996981;407,5977095;29,36741466;947,9293128;5210,5501;22054,97603;649,1728597;595,336068;152,2119657;536,4233191;941,6800517;286,6205256;3509,417473;93,71784661;645,6388157;327,1344505;463,5466686;114,7408277;5,883064985;68030,05717;4689,388524;13054,53505;94626,64526;2323,801491;1299,788077;0,673805589;357,0140689;1946,759206;36863,6873;35,75634929;82,78305678;17584,58281;2,452162808;52,96217937;17,59997972;31,22284643;425,7333096;36,50912213;12,51261734;0;8449,560847;14758,98202;2,955827549;25,37717916;43,45740936;54,43627899;28,07945974;1439,465248;156,104298;57,58144433;0
12862,35072;106,9155629;26138,38356;0,673905105;82450,75449;4379,272906;4359,611478;1886,167362;6630,161266;625,3361408;16,4358672;3081,582248;2842,046626;169,0776992;1184,03145;52007,67193;1034,034063;34882,50053;142899,1678;2870,112993;1443,397954;26003,66976;11972,80633;65758,91715;59,17468378;109089,6612;1383,495511;2036,690779;46,83205752;407,0864179;7756,072569;8910,837852;13595,11422;9174,624475;801,665061;794,3489603;39,41689941;14946,30793;37451,91624;58027,32293;94202,13692;549784,8926;798163,9103;6395,297703;2285,822632;7472,832486;41538,75192;5263,873532;41890,16112;4495,936582;36471,62305;198,3736664;2432,28886;144479,2373;603578,3103;120251,3545;167752,7975;4499,920462;2923,077876;24859,41838;7807,015566;13133,80167;253056,2106;19382,31626;5475,877915;24823,83394;1448,937043;14484,60933;1896,713423;19002,11698;1778,347734;3469,529676;2916,09951;1297036,763;88608,52259;104143,4597;6113,04652;4535,859484;754,5347412;81078,11895;27042,63355;6111,138771;4629,709339;6720,235729;0
8830,633811;73,23125143;19690,75968;0,202948499;44365,01272;2254,344004;1233,498057;99,95158863;636,3044226;308,975778;12,22325482;2118,396873;2100,320227;117,8529792;630,214366;38577,33477;2608,034452;25027,66481;99456,52829;1035,807951;756,7094348;19031,20336;5094,230723;48412,92007;10,21396465;79842,45629;952,4339768;1480,544131;29,33484304;3382,849844;5755,687134;4096,927637;4253,133746;6380,332529;203,4023574;194,5618991;0,805647264;11536,87783;22761,98004;22139,05175;73372,42224;412241,7391;596583,7888;4319,070479;1661,561042;5384,479793;27476,53188;3823,036777;30682,41671;3093,906286;26666,20727;36,27035734;1801,026469;41492,62882;443672,3296;76638,96537;33040,68826;1090,564123;912,5349624;19311,29162;6215,988034;7922,466152;152209,8356;14363,45046;4041,148903;2044,378245;1082,920061;10773,20567;1427,690626;14132,52307;908,8427669;9099,541852;2189,295603;967276,235;57828,44965;63781,17793;4538,804566;3365,026051;554,7465611;60219,27066;20064,29569;4483,460228;3625,031561;5387,240458;0
1311,572168;11,08565297;2821,340553;0,030980826;6494,671738;332,7798609;182,0127584;18,38369703;93,12913932;45,19738852;1,822941729;310,8586601;310,571737;17,24258131;99,38716193;5642,80104;92,04321579;3657,69578;14551,69288;152,42634;109,8222609;2787,454296;758,2912928;7091,787069;2,849769349;11686,74334;146,3311041;219,0268471;8,452194874;40,42264028;843,278089;604,466391;643,3842591;862,8523336;29,98364013;29,14125973;0,172222233;1568,983482;3336,921069;3343,470082;10817,53689;60116,88412;87604,217;635,3008246;245,4137244;791,0677242;4041,030926;569,2189302;4469,589565;449,5127988;3900,026226;5,783754622;263,8732582;6429,490824;64884,61192;11213,40806;4884,001237;160,9370637;134,6649665;3192,832924;817,6846128;1158,097475;22280,48212;2105,498423;612,6583019;216,1419584;159,4884196;1588,06894;223,0478849;2069,16029;135,1981377;379,8800978;319,4141965;141182,2811;8536,958615;9301,115385;663,7712588;496,9157094;83,00256741;8809,181878;2941,128751;641,2501782;507,4832384;753,5907503;0
47109,5451;386,0391651;7320,602758;7,843269731;1150048,662;593,6724423;1196,450662;791,7977022;323,0257318;163,7147898;0,14536991;2733,20729;1933,137032;43,97504243;20245,61261;1217,461171;5435,302932;211022,6407;23681,50761;237,3855168;6631,102051;38324,39789;89599,67861;10260,11768;62,14034819;13187,54738;47603,92371;409,8230938;1693,135664;133,9314747;1572,44524;33986,32669;201594,0624;33295,96407;3798,232704;107,4198583;73,04186268;257124,8289;616754,5564;1419667,053;289622,9378;1263967,393;1742608;57446,51589;5013,508655;10912,14722;32128,03444;28987,47418;729,4954173;454,5490713;850,9839028;707,1334264;1342,615727;1868,667953;7532,504292;27198,1239;97921,11794;3231,013981;2703,04455;3369,303605;434,3693723;15092,00284;1316,440983;3496,797998;1780,927583;9712,038713;8,179382081;24960,30703;4486,765783;29251,86764;87094,09882;32683,6254;793,8024166;557966,7677;19114,82248;36667,84013;80,96614793;27,41645159;3200,914462;8616,772981;4801,812736;329,7056876;195,064727;16150,56023;0
115,7851018;35,05216965;671,305964;0,11286414;22905,0814;28,07433254;56,45051741;37,82066776;16,6418369;0,453189928;0,011930941;0,394894863;4,671725999;0,002866246;2,486667018;821,1503104;694,3337003;23349,57344;6968,766839;49,34061722;107,8945866;8640,255153;459,5580343;823,1802836;2,275071694;2400,523666;1645,299;263,4154122;16,77236227;5,598367902;489,2452407;1622,339755;498,301713;4599,684472;0,080475588;103,0810369;0,021081878;1676860,805;3332,625784;215458,3614;291240,2118;522616,6455;579115,3489;7819,979793;19403,72872;18003,75676;468373,5107;140727,9152;57081,91491;14204,13238;1,649319933;0,161292;7892,081385;121,6474828;2,007933573;2,091957837;17,69050071;0,493921508;0,413322306;53888,91857;4575,89115;1,780859159;48000,03079;66767,30251;76,18056118;3,713937345;0,671306242;419,1101411;5,430801132;78,29412194;223060,8533;132869,7204;7302,888564;4578645,625;397331,7684;371822,3915;1684,443092;2,250149817;3614,942387;531588,08;323006,8592;31820,62019;19188,73205;173,501254;0
102,4287668;30,73030061;588,6865139;0,099139281;20112,46681;24,55773562;49,4816071;33,09430757;14,59624049;0,401729475;0,009680687;0,373837804;4,068505248;0,00360848;2,561840128;719,2162953;608,8015686;20474,79994;6108,022862;43,23545447;94,75467507;7575,205366;388,0195014;681,401929;1,964813129;2104,460946;1434,956647;230,8694832;14,66014496;4,911428089;428,8754246;1422,946117;442,2345019;4033,143181;0,17615769;90,25516196;0,016965098;1469976,471;2939,270033;188913,1787;255301,6571;458163,1388;507695,7513;6856,589997;17009,69978;15782,61952;410586,2294;123365,5617;50039,14755;12451,6206;1,362504962;0,151458564;6918,387843;98,71524594;1,848420333;2,490702627;17,20645791;0,49491802;0,414135026;47229,8615;4010,966784;1,884953102;42077,31402;58529,57276;66,33402258;3,295684899;0,544693443;367,7159399;4,535574867;69,32299192;195542,2163;116477,2153;6401,822786;4013744,177;348307,4381;325946,5057;1476,61453;1,825756673;3168,973404;466001,1768;283154,4207;27894,40305;16821,14071;152,0160883;0
97,43196499;29,84730424;572,0500248;0,096100582;19518,70819;23,72979164;47,99766257;31,99920254;14,17689627;0,385294653;0,007997088;0,243023519;3,750205264;0,001921192;1,628764838;699,0536688;591,6280004;19897,76331;5936,510043;41,97907138;91,89300466;7362,644425;374,0829026;661,5115655;1,8517432;2044,916131;1393,299485;224,316197;14,03707573;4,770451478;416,7769223;1381,904045;423,3308147;3919,72772;0,053941286;87,70813502;0,012259523;1428978,043;2839,476868;183599,0271;248149,5947;445333,5968;493454,7542;6663,48473;16535,16794;15342,08843;399135,7412;119924,4658;48643,7634;12104,36411;1,105508403;0,10811102;6725,419014;81,53803989;1,34588044;1,402200338;11,85761282;0,331066379;0,277042236;45894,59837;3898,455085;1,193676694;40903,04449;56897,24974;63,53419779;2,489382964;0,449964059;356,0097457;3,640164753;66,26214948;190087,2425;113228,3744;6223,182212;3901798,516;338590,693;316853,8431;1435,429548;1,508233473;3080,425276;453006,984;275258,638;27116,21039;16351,91922;146,3278608;0
4896,530475;7414,03977;141172,104;54,35299579;17693489,37;188465,9373;459543,0072;240592,9227;16,25219009;4,035618452;0,163766198;19,36772956;27,04957996;3,474436012;1885,085706;635,1231091;490,184734;16065,16838;5023,328199;43,02355817;108,4168864;6036,00119;851,1119475;681,2790903;7,61538192;1785,721056;1503,457472;193,4276274;31,45256823;27,22180601;357,5043507;1203,177126;658,7578399;3190,448086;740,5655665;682,839285;72,46001284;1131339,773;3228,812795;147846,2192;198412,9527;355819,7175;398451,1663;5619,694387;13100,05303;12172,69925;316007,2189;94962,28063;38815,31075;9585,690515;14,61613693;2,802580779;5325,415306;754,5044959;28,63454939;90,50477541;193,2238252;6,202017502;6,669232033;36778,62121;3130,58288;28,37607825;32384,41655;48192,4596;83,6331914;44,62150046;4,532692395;555,9910722;103,3657138;113,582869;150573,3451;346854,7075;4946,480705;3090372,049;268133,1901;250889,4268;1137,575588;13,36957726;2448,758727;358496,0341;217839,4754;21463,77599;12948,51255;243,5885475;0
106,0164354;21,1685244;400,5813408;0,071526359;14117,27689;19,07725069;35,17472441;25,34327236;10,05073757;0,360199946;0,031561914;2,329734758;6,33218085;0,029656536;16,58366765;486,675769;413,7558673;13905,1481;4137,829628;30,03795943;67,62508588;5128,919199;314,9691515;474,8746943;2,355478515;1433,549865;995,4159571;157,6588461;13,64332919;3,379180337;291,5267026;982,6266664;410,469122;2734,790381;2,120515881;61,3718905;0,084943724;991000,9859;2284,769133;128131,8912;172668,6117;309757,6958;343671,9969;4654,466983;11469,40282;10645,98365;276784,6965;83174,57501;33730,45725;8393,975208;4,780497101;0,780934804;4664,305652;321,9983828;9,083570662;19,18475798;95,88254366;2,926754228;2,448795574;32159,40903;2715,444711;12,28193005;28379,60035;39456,76182;61,50661903;14,68109574;1,775862358;273,0920338;16,5873272;66,11882708;131847,1057;78528,22494;4317,466397;2705916,637;234856,2864;219773,4731;995,504725;5,95250887;2139,246495;314111,2335;190865,2305;18809,0066;11341,46989;127,8159418;0
6326,639743;0,201495581;1287,793782;8,325698402;1281,765699;741,3280291;429,7299787;7717,219277;140,5498102;38,66978266;0,005673736;10387,14278;7471,626515;706,9277621;6072,646643;17972,18068;6214,552012;9000,484336;41322,64746;5563,058445;10297,05524;24342,47043;150269,5108;14514,94385;2459,430607;51785,28483;24542,6727;4786,060223;2537,135733;617307,9847;391,1806133;35220,46085;5497,133432;10238,54457;72,97520004;1292,793332;62,49920126;78885,10359;49181,80729;554673,2855;377370,5713;498214,4478;536361,9181;42989,77653;2579,177464;886226,1434;168452,8954;53293,56789;36791,70508;647,1173668;153594,1926;2044,151373;34528,17134;125061,7591;7142,64727;73680,36433;112014,1543;1646,900521;1614,887927;11676183,9;22004,6084;2673,882555;3043,098802;28538,92696;54934,70131;32050,03251;378,2408588;24159,00306;9916,636278;27534,27723;6327,371729;13950,78841;82834,49922;1369009,45;438191,2713;176312,2329;1946,909784;9977,151354;3626,978388;8724,086601;113753,5256;2177,307991;6625,725404;35932,94334;0
12465,21335;103,286993;26993,98963;14,84262088;3280840,908;1291,758354;2625,858482;573,7477489;80,15572262;7370,34627;18,10252962;1649,676485;2248,395453;15,69812725;2494,349627;11570,16407;1393,776484;4300657,187;29512,81202;42551,6176;3051,469397;17632,61528;35016,8261;6172,374954;468,4436866;11496,53062;60172,36889;3809,50547;234,266816;88233,32517;2081,670454;24953,80804;82538,26369;70636,63245;90,82092332;2,021024267;2,873620678;90954,69721;48746,14878;217837,5963;613484,0684;1251937,498;1152079,471;34227,70991;6124,445032;13722,68221;29592,17206;2943,713027;4659,725923;2217,102533;4280,477592;1199,910861;4540,380467;399885,2556;43362,53041;84956,29872;102749,9957;2538,075272;1402,036075;77038,28852;41960,6458;5655,434116;4449,782239;7224,78079;14371,17022;2519,350031;5,701420484;10991,01587;3598,478442;20232,18191;6266,017504;10649,60699;8047,149887;1252713,169;261964,7893;195574,5391;1542,433933;2745,855561;242,4234474;3618,295318;2893,369676;7544,113929;2052,892294;5296,764965;0
20833,04166;1,8143287;3,590215371;0,007978158;948282,8785;859,4788238;1356,908694;3683,351024;0,446871687;0,110977513;0,158780824;5,866117645;17,42194791;0,050193331;38,39543472;1737,76089;6,418765576;10829811,08;10181,32408;271,1509535;14060,42825;12821,54113;706,1892947;6238,570199;28,15235745;4693,640872;3004,690938;300,3362066;19,18599139;0,062342839;313,5156614;54,44826019;151,1399312;10,49819189;2,112203083;67,34421923;135,2582637;404,9939455;206,4907103;1097,698913;2909,131069;2425,017738;4439,914421;52962,5051;13,52309931;20,26951028;118,6942199;53,82163873;10,8372163;5,55592585;22,17751259;2,339883445;2,791890832;1619,029993;28,78093608;35,29119761;13469,26267;4240,733424;283,075506;2056,703691;74,37824126;27,83253234;109,3028774;24,79092712;101,8061797;52,07691519;8,933960447;90,6972894;73,48698568;41,54517172;34,14515439;21,94257897;12,88837483;1549,030811;2253,714221;269865,4833;35805,67318;7353,901385;1963,497241;34,72629856;218,2619796;43,82761749;908,5696645;38343,52142;0
183,6282638;1,503354091;1,392857382;0,005127867;4785,878675;16,75887096;13,72819773;33,23975498;0,315279864;0,05815236;0,139682261;4,244804664;14,86381386;0,033556764;28,44905138;15,98399754;4,336691225;54336,70333;103,0009173;5,703906374;73,61115476;88,8608889;60,00804392;90,32475826;5,710236662;71,87591524;44,01793204;11,77254368;16,47397076;0,022542946;10,96126229;39,71091083;84,35332253;1,204130677;0,942173101;3,031942512;0,891154034;294,330773;32,88891187;623,3709218;2489,975929;1828,896778;3486,395506;294,0453689;9,792803652;14,46851028;96,65697964;39,99656377;9,360069967;4,779198871;19,30951886;1,888336427;2,132746258;1424,195705;23,50801104;24,49173049;273,360538;27,01716209;6,227630473;1806,700264;65,34346227;20,84952278;95,86216317;20,96893577;89,15346028;43,48115959;7,859360871;73,78561447;63,58145244;29,49931603;9,031616946;11,42223045;11,14944706;1228,425712;420,7077604;1656,7841;180,5341087;63,08148337;19,21119602;18,07972641;30,30242543;38,48574213;22,57475663;289,9699201;0
898,2977247;5,061578712;4,68955206;0,017264797;28919,5036;67,84147953;64,44076332;161,4429875;1,061502316;0,195790699;0,470290243;14,29165162;50,04434037;0,112980836;95,78389666;77,08913752;14,60102056;329248,7348;483,2564731;22,79940823;437,7153362;471,8732931;207,9703481;381,806727;19,51965561;304,6094739;186,9677296;43,53383668;55,4655089;0,075898883;40,98963267;133,7009705;284,0056007;4,054136173;3,172162393;11,06248144;4,823766202;990,9697151;110,7322734;2098,800946;8383,393663;6157,634491;11738,1962;1704,844359;32,97097258;48,71340964;325,4302587;134,6627232;31,51402001;16,09088066;65,01239478;6,357759307;7,180652334;4795,063722;79,14811886;82,4601619;1098,787013;148,1525522;24,70745868;6082,901993;220,0021137;70,19736823;322,754225;70,59941472;300,1669796;146,3948601;26,46134661;248,4256356;214,0696781;99,31998788;30,40816556;38,4570201;37,53859734;4135,934091;1440,516906;9219,09812;1091,536218;311,3296478;91,05082243;61,0324165;104,5036825;129,5760023;88,00141661;1492,723063;0
70,67083138;1,33392831;1,235884417;0,004549964;27,4647193;11,10885778;6,178408134;13,17591968;0,279748641;0,051598675;0,123940277;4,201368037;13,18868404;0,029774966;26,00573216;15,95484797;3,847952544;12,095787;1762,752449;48,36968441;2,822258387;21,95225897;314,085494;670,7833447;4,969807376;43,14722877;157,7566724;9,161787643;14,61737864;0,020002389;8,380241074;35,23554997;74,84682797;2512,654172;0,835991587;766,8944385;0,227564094;261,1601306;29,1823802;553,1179419;2209,359328;1622,782819;3093,483895;55580,53277;10,20406285;116409,8481;359,0406876;66,61771442;8,30520394;4,240590234;17,13336468;1900,399839;17721,77057;2222,627467;20,858693;561,280995;183,7713799;5,13092527;4,293649556;20501,41331;573,506973;453,594342;757,9690746;464,6256535;12667,50001;540,4896032;72,52858788;2073,651314;1816,263023;1903,039468;8,013767089;4186,056804;1194,962844;17545,58496;20227,6907;2484,407123;113,101265;788,6669043;689,467691;18417,44084;317088,1511;3918,750025;3873,749038;153791,3718;0
71,55978299;1,160400068;4,103413558;0,01618752;918,7618733;3,159631294;4,604043189;25,42826717;0,572599035;0,150204388;0,033363054;22,53108407;20,41564875;1,343095183;23,38146306;46,46006562;15,64238522;424,9302817;2826,600738;104,4881112;22,98512875;83,81608566;348,5472598;77,25092375;12,14609493;174,6618062;138,2445652;15,96113505;13,62247681;1155,290661;7,629354555;83,05609776;52,0603616;4024,652193;2,554018438;1215,035982;0,575271584;233,2813671;198,5286422;1506,881152;6039,694384;7712,11524;2252,594051;88189,93103;10,6330772;186193,409;777,6319214;361,3932761;96,13251509;2,061803023;294,5812676;3012,706825;28122,08442;18802,3197;32,88752535;2080,335698;659,2196898;14,99699548;12,70009003;52938,95302;900,5528353;739,2187123;1157,580675;760,8635908;20084,52108;870,8175703;106,1893098;3275,89084;2862,391921;3062,079126;60,61883741;6666,174056;1992,049807;45292,46424;32825,84567;3692,233291;182,0428204;1233,262891;1089,791595;29411,76258;502861,0782;6185,343478;6152,078626;243779,0219;0
437,6633124;5,30418763;45,83157864;0,05644493;6820,688303;28,76937937;21,0912204;34,63771336;2,534870417;1,079483693;0,282908205;25,40679542;41,37376788;0,326176102;177,7752897;38,77795926;40,69708475;1267,587504;7014,160839;186,8690933;45,35863252;275,1681292;1110,866365;1280,955872;11,67507704;175,686978;573,4992803;23,25800506;43,21473102;0,832559531;28,31149366;279,9048492;1354,98517;10169,90998;24,22255414;3038,153908;0,928454974;2105,30589;3690,729099;9601,325255;6729,843919;11120,6291;17280,24023;220964,6891;51,93131028;462224,8273;1468,842904;373,3317675;23,18718999;12,32154393;43,99157249;7546,525073;70365,90904;6694,08543;91,73291411;2351,470821;993,6401462;30,6634168;25,65542977;78692,16081;2181,310877;1858,255258;2872,980568;1833,728323;50170,53098;2137,613405;276,1927665;8268,80588;7141,921955;7683,230028;530,0399346;16794,90327;4732,293532;71093,47757;79803,71896;9620,930626;448,1194764;3091,815591;2742,057804;73146,80507;1258927,72;15502,78775;15353,95018;610549,2787;0
30,95435331;0,431379414;2,036608868;0,012141024;8,881822534;4,529021695;2,520284904;14,14217903;0,211374301;0,061160916;0,040081078;14,53955517;13,848525;0,916357961;15,94875889;301,3648264;9,211227081;505667,5187;2017,237167;59,34971131;87,36390158;38,28246114;209,2841246;36,25058061;4,761450211;80,35338937;39,95268155;88,60633492;7,981483985;791,8487464;3,209106885;56,52397289;31,14030789;3242,753174;0,358505137;5,659114673;0,14122272;179,4197113;72,42551815;889,2262383;1197,244845;1161,458747;1685,843532;5801,187812;80761,19538;11415,1386;1265,056185;73,35818081;6163,852657;4026,653506;199,5386307;0,832536141;0,973847834;567,8724403;15,82760483;101,2520309;20181,07767;186,0141279;173,886456;15553,64557;1746,728447;1454,948498;1910,172293;71,24604922;3505,179846;1709,179987;221,7372878;1642,936094;1423,511761;1346,453301;9,877846854;3280,924955;1006,076244;1840,029704;1016,959483;1428,016278;72,83213727;498,1891361;2941,309478;4802,374587;321,4036956;107961,2396;13827,27845;3305,294288;0
16544,88663;134,1495743;5794,336648;0,318507963;160429,0442;116,0736173;6799,136173;1778,635639;102,0417785;128,426988;0,004849649;517,0031955;850,5039308;12,30005477;2822,826717;5504,350019;751,6060797;451702,9753;27839,57231;9251,875254;958,7071149;25395,87307;18178,83833;5964,303462;259,0712361;12498,97143;41048,71551;1057,802252;1320,569643;8889,729938;2379,821237;7369,186386;12239,51732;684,8283813;521,5682974;231,8720595;5,792919472;46911,79696;44979,74555;96819,53692;249065,905;252691,387;455835,4795;22397,64329;949,9263849;45725,39649;11560,24279;2299,879111;4901,028121;880,4826938;168,2057482;80,48097938;61,18300488;73350,53103;12633,90645;17828,29618;8190,65471;270,3816629;226,252809;152,6274515;4005,614191;1679,058005;1300,71094;19,23836175;8858,719461;2295,715416;104,5461826;12465,08218;1076,17549;2519,538934;3661,087328;10387,00596;630,6948197;39517,20926;34635,5578;26974,19867;1227,211579;2056,531889;879,3206448;38,69813918;977,6338629;67,36466698;14309,7942;7749,703193;0
373,9438454;7,039131218;6,78729941;0,024259034;188,4873729;58,52140607;32,58085933;69,41402061;1,485461651;0,277959977;0,652669691;19,96581303;69,52476441;0,15847076;133,7487452;34,95726573;20,47043775;71,74365161;246,7290937;20,42324992;14,78681889;117,0612231;290,2880633;326,9743427;26,17316081;227,7143757;148,626652;48,26120737;77,03905555;0,110439456;44,18995577;186,8450189;401,8283455;6,896096566;4,547148595;931,0516429;1,005716533;1385,063923;177,1942908;2966,83696;11645,43612;8593,708088;16356,61031;63798,31378;46,04469027;68,09932705;22187,96209;31126,39709;43,76266592;22,34810011;15793,32546;10591,00472;213847,9269;6654,61326;110,1282431;115,4746504;358792,6674;1428,403984;2288,549977;8442,163249;7598,704826;6342,336886;8621,367522;157085,1762;15066,82324;7311,854939;987,2338177;6842,3019;5978,936705;5429,643219;45,52165455;13200,56219;189558,2435;1297348,771;790891,1419;867241,4846;3335,030809;22842,5889;6113,639765;32788,38191;492009,4744;179,8369012;30781,27839;29834,40284;0
0;0;0;0;0;0;0;0;0;0;0;0;0;0;0;0;0;0;0;0;0;0;0;0;0;0;0;0;0;0;0;0;0;0;0;1444,071288;0;0;0;0;0;0;0;100115,3772;0;0;34180,64739;48653,70994;0;0;24694,66331;16641,50716;336281,7197;0;0;0;562709,9916;2203,625338;3563,257172;0;11469,56359;9819,858878;12853,50077;246878,022;23038,89857;11178,55017;1494,774129;10216,54001;8935,018711;8320,14827;0;20673,32747;298017,517;2031152,131;1240729,364;1361582,266;5237,800411;35728,70424;9544,904998;51430,11548;773518,426;0;48273,5073;46194,9492;0
