End of Period;Agriculture, Forestry and Fishing;Mining and Quarrying;Manufacturing;Electricity, Gas and Water Supplies;Construction;Wholesale and Retail Trade;Transportation and Storage;Accommodation and Food Service Activities;Information and Communication;Financial and Insurance Activities;Real Estate Activities;Professional, Scientific and Technical Activities;Administrative and Support Service Activities;Education;Human Health and Social Work Activities;Personal Loans;Other Activities ;Total
44439;11012,53640774;23739,33178868;179351,233082077;69603,62946934;104138,469598737;163635,339103083;45867,62695564;30118,41798895;16077,46188868;64861,0222844333;144558,91370796;2918,04175272;21109,8889781;2165,38465585;10237,4836761433;942598,339333787;146833,038937142;1978826,15960906
44469;11177,83182874;23943,59728468;177379,204881314;66693,54507133;101342,79708323;167236,45779584;46707,79971066;30513,7422607208;15889,971123295;64656,5148485825;147997,344444647;2975,41190962;20811,05288854;2298,53022266333;10950,19605139;968653,171060176;149932,496630542;2009159,66509597
44500;11287,74299874;23197,35600268;176841,168910343;62006,07648195;102336,336641108;164247,251416039;46716,58519811;31142,4214910192;16019,8935727729;63802,2395703392;149494,436664073;2577,26577773;21079,13812819;2271,85838215667;11183,9660380933;991776,797101783;137478,500457472;2013459,0348326
44530;11855,30454;22056,880535;179993,01844512;62935,57039;102126,463837;163855,756407;47952,994235;32692,222965;16272,15611886;68602,321139;155925,169266;2782,411389;23120,131;2286,810516;10401,743125;1009273,46690131;138620,50849161;2050752,9293009
44561;11747,42782674;30217,96703647;172993,92281291;92903,52652984;98080,4037286733;158157,057956273;46514,17748999;32424,9973755333;18499,98997276;74863,41645974;160411,47050168;3461,28946841;23475,48342353;4547,48570314333;15475,5506076;1023011,62716142;92434,1942452892;2059219,9883
44592;12433,515899;29936,98838;173646,761337;81754,302465;100493,221718;157970,014224;42480,105626;31910,369252;19207,91734086;73969,243832;164130,008785;3631,082065;24738,203793;4693,014627;15532,423017;1041030,91945345;98744,67137887;2076302,76319318
44620;12697,688874;30150,415594;175619,926626;85630,310191;100291,163367;160794,224011;42726,973182;32644,722667;18926,53840986;74985,626959;166812,67752;3526,982145;25931,843278;4878,237303;16262,797642;1047565,17991696;110741,45317331;2110186,76085913
44651;13080,173864;31034,457618;180871,149807;88727,055297;104533,693504;165205,132502;41632,548048;33535,664941;19376,37480586;81989,094024;172621,283309;3385,006439;26396,232731;5065,485888;15922,483226;1067087,85929884;105397,25900468;2155860,95430738
44681;13136,519806;32157,074679;180192,629269;89822,160788;104280,13255;165813,730213;41129,733744;33594,042937;19742,95967586;75170,466536;174538,717246;3303,293664;26509,300276;5181,167775;16283,300853;1078394,00466733;117304,40558204;2176553,64026123
44712;12790,599788;32406,466961;174320,03457529;92358,202893;105366,569145;166773,078852;40456,961295;34218,504276;19411,23504486;75552,587359;175710,830794;3352,221664;24823,230062;5221,963971;16583,206657;1090674,03348367;122872,35859743;2192892,08541825
44742;12752,050875;34441,057687;176577,12382229;91792,367905;106464,36258;166954,885962;39896,734419;34361,209042;19759,06791686;79688,010214;190121,77123489;3491,433947;24721,411551;5669,00043;17057,732752;1108069,9622885;130099,68146032;2241917,86408686
44773;12667,238972;37083,16637;173682,30435829;92703,851016;107042,107827;168152,312909;39764,996549;34616,917336;19659,13871086;77344,351758;198017,20784554;3438,229267;25070,736503;3689,167966;17319,245605;1116907,50522855;128751,19291074;2255909,67113198
44804;12970,97397007;36917,61999833;176075,815832904;97006,93175971;107221,985337019;169037,804432333;40660,22191161;36176,33145412;20672,09808596;79909,62660401;206513,2812361;3701,684451757;25110,17464584;3767,03101029;17199,71025274;1130816,73563722;127244,803937487;2291002,8305575
44834;12362,42241861;36435,67670824;179114,66312732;96380,96511128;107976,12425266;170902,970281831;41276,81772961;36527,41266527;21013,11380747;86297,09582431;208095,51099428;3966,03434303;26143,83545793;3613,65458167;17165,49229537;1145618,43325926;122687,643919238;2315577,86677738
44865;11937,975249;37370,607956;177457,946427;105714,751664;110071,544819;167954,18907;41558,735766;36514,078215;20837,62690986;86576,505396;207707,890611171;3833,902643;26469,43692;3660,828249;17491,763353;1159113,83596789;117768,34806321;2332039,96727913
44895;11910,18008611;36734,33816672;174055,21342568;110001,30603611;110262,5204569;169765,063889445;42157,13425508;37846,73859948;20695,10368021;89402,26015845;210801,652633857;3928,54580997;27080,78133312;4418,8209281;17756,18830654;1161562,66374902;120918,08296265;2349296,59447744
44926;11522,616072;36985,788017;171391,956077;110898,203051;109005,148131;168506,771166;42999,320542;37697,591784;20402,34985786;90015,183094;209585,806988;3826,867878;26338,524305;4740,989329;18025,365114;1165410,36671644;121718,16684361;2349071,01496591
44957;11846,050713;38259,03033;170372,375274;114484,553505;113682,796538;172114,78282;42118,262409;36875,125405;20552,25491286;94326,148611;212527,380029;4008,539702;26602,072455;4580,196235;18091,897712;1165556,92928287;121545,77066161;2367544,16659534
44985;11731,538628;38867,426837;169921,5996803;117287,826159;117611,827977;170651,694866;42198,101521;38583,402799;19776,17804086;96819,562006;214519,834106;4168,408599;27087,78879;4718,394735;18421,336909;1173437,54207928;123450,87534761;2389253,33908005
45016;11480,513782;39119,336941;170445,44109457;116450,167404;118250,422187;170954,32673;42805,050579;39097,123891;19845,16254686;101437,858744;216257,062392;4148,046431;28480,507037;4906,877026;19124,907658;1182316,61480427;125890,36145961;2411009,78070731
45046;11442,622093;38798,151303;172932,36655357;116025,623278;116779,978836;174487,164484;43462,836059;38542,479635;20044,92091986;101324,726455;219680,183603;4112,442825;28932,998276;5240,336889;18910,359768;1188902,2598259;118345,96489961;2417965,41570294
45077;11759,5702421117;38702,6619372749;175056,735517988;124491,092692883;120277,686450433;176108,008202505;44283,8126168629;39161,2345977637;20169,6006021555;97775,130765488;227362,479915557;5011,06145899978;30006,4693266516;5461,51644028878;18099,17510425;1198117,1468835;119280,748118828;2451124,13087354
45107;11893,766086;39813,355857;173193,85413927;124449,771167;121945,053685;180649,478146;44797,562806;40420,831199;20037,79728586;96021,110555;227045,340028;5121,885074;31112,350448;5663,101908;18937,564845;1208189,77111243;122040,77757361;2471333,37191517
45138;11176,525725;40540,162399;171982,502187;128431,345382;123318,673486;182067,986936;46423,972095;39759,087351;19822,05414386;96384,351811;234394,032154;5194,704975;30926,580972;5998,64747;18548,912658;1212399,35637188;124925,121801251;2492294,01791799
45169;11243,287566;40822,449274;170954,8715149;132847,59719195;121220,056715;181900,76240864;46229,533713;39841,675107;23829,02090886;97624,204839;240157,527301;5317,637726;31348,956303;6103,470535;19148,33501;1220291,79751912;130874,520844819;2519755,70447729
