End of Period;Year;Retail;Microfinance;Small Enterprises;Medium Enterprises;Corporate Non SME;TOTAL
Q1;2018;37491,3086741255;1452,89382508271;2999,3722983862;3381,07857824675;4082,08769678502;49406,7410726262
Q2;2018;37148,5271232015;1371,55248305238;2905,84362080052;3378,47914853092;4069,69839323936;48874,1007688247
Q3;2018;36537,8777492649;1392,44096211572;2975,53361896353;3316,08765109934;3888,72746520507;48110,6674466486
Q4;2018;35939,984435834;1207,47598814929;3212,64975425402;3334,53327452778;3974,86776625862;47669,5112190237
Q1;2019;35755,6480813552;1113,6874153581;3468,95638244422;3569,95535545642;3701,29699526945;47609,5442298834
Q2;2019;36014,1915784912;1070,83186384216;3599,63880007838;3201,18936970599;3545,21390265068;47431,0655147684
Q3;2019;36579,498135756;1293,16513916937;3826,32604719684;3631,59096659329;2800,77138665351;48131,351675369
Q4;2019;37376,6445950173;1687,68227444181;3810,18642368109;3882,5414648117;2559,44098484447;49316,4957427964
Q1;2020;37324,1517058256;1740,73685460228;4230,13139507294;3705,23828244137;1864,31944871817;48864,5776866604
Q2;2020;37420,4537892376;2026,7470493492;4761,60609918395;3848,31865927324;1843,32400732;49900,449604364
Q3;2020;38520,620408834;1857,560273344;5165,3923969627;3728,78819550232;1742,07667528;51014,437949923
Q4;2020;40407,7429544625;2514,33162163558;5180,69679129725;4191,95128877126;1830,43468497519;54125,1573411418
Q1;2021;43887,4104673096;2789,66609687696;5630,80224746071;4545,74408459707;1994,8657930848;58848,4886893291
Q2;2021;45993,8268426306;2702,83129170003;6099,61949690156;4658,2938831906;2104,1898123848;61558,7613268076
Q3;2021;49448,9065971942;2768,23598618025;6611,33622542279;4776,33103358665;2111,2102047248;65716,0200471087
Q4;2021;51231,2851573185;2938,27297551679;6769,33710693391;4934,20632538466;2199,96218016;68073,0637453139
Q1;2022;53511,05334305;3149,4485352802;7221,2708986814;4897,8250219109;2233,69945520749;71013,29725413
Q2;2022;54995,0706816375;3164,95978499589;7259,47251602697;4969,98767413715;2163,41497649249;72552,90563329
Q3;2022;56162,8720447997;3420,4383374561;7173,96565827596;4870,36874269788;2237,54201543;73865,1867986596
Q4;2022;57459,3827095725;3137,06843358759;7397,49936004495;5272,23445934151;2182,934295435;75449,1192579815
Q1;2023;59269,3571649825;2923,70210088613;8296,83094168651;6058,12422485477;2344,65046455;78892,6648969599
Q2;2023;61118,0404971175;2945,02114368512;8177,80303290429;6191,15570470695;2279,4241374275;80711,4445158414
