Food and live animals,Beverages and tobacco,"Crude materials, inedible, except fuels","Mineral fuels, lubricants and related materials","Animal and vegetable oils, fats and waxes","Chemicals and related products, nes",Manufactured goods classified chiefly by material,Machinery and transport equipment,Miscellaneous manufactured articles,Commodities and transactions not classified elsewhere in the SITC,Grand Total
12586.8,861.0,4211.2,573548.6,917.6,114903.5,20507.7,28029.3,6379.0,1368.5,763313.1
12625.5,700.5,4449.6,510744.2,980.9,104984.1,18791.7,26094.7,5638.4,3413.4,688423.0
12795.3,594.3,6190.3,638419.1,831.9,116586.0,20059.1,27980.6,5954.1,2470.6,831881.3
12362.4,563.9,8478.5,868457.9,803.7,152334.0,25499.7,27158.2,5922.6,2319.5,1103900.5
12394.3,560.1,6849.6,751831.2,836.0,139264.9,22649.5,34515.3,8525.8,3585.7,981012.4
12072.8,693.4,6774.0,447738.3,851.1,117983.2,21703.8,30413.6,5391.2,8330.5,651952.0
13273.6,758.6,11401.7,758218.1,1436.0,171477.1,27087.9,38379.1,9099.8,4539.8,1035671.6
15294.2,804.0,18299.4,1226284.3,1889.3,197994.9,28383.2,40823.9,8181.1,3986.6,1541940.9
16808.6,905.1,13727.2,927679.5,1453.5,144141.5,26369.5,50782.5,12388.7,5799.4,1200055.5
10491.5,748.8,8741.0,513915.2,789.3,81700.0,13926.8,44482.0,6305.9,3788.7,684889.1
