Column;1962;1963;1964;1965;1966;1967;1968;1969;1970;1971;1972;1973;1974;1975;1976;1977;1978;1979;1980;1981;1982;1983;1984;1985;1986;1987;1988;1989;1990;1991;1992;1993;1994;1995;1996;1997;1998;1999;2000;2001;2002;2003;2004;2005;2006;2007;2008;2009;2010;2011;2012;2013;2014;2015;2016;2017;2018;2019;2020;2021;2022
;;;;;;;;;;;;;;;;;;;;;;;;;;;;;;;;;;;;;;;;;;;;;;;;;;;;;;;;;;;;;
Saudi Proven Crude Oil and Natural Gas Reserves;-;-;-;-;-;-;-;-;-;-;-;-;-;-;-;-;-;-;-;-;-;-;-;-;-;-;-;-;-;-;-;-;-;-;-;-;-;-;-;-;-;-;-;-;-;-;-;-;-;-;-;-;-;-;-;-;-;-;-;-;-
;;;;;;;;;;;;;;;;;;;;;;;;;;;;;;;;;;;;;;;;;;;;;;;;;;;;;;;;;;;;;
          Crude Oil (Billion Barrels);-;-;-;-;-;-;-;-;-;-;-;-;-;-;-;-;-;-;-;-;-;-;-;-;-;-;-;-;-;-;-;-;-;-;-;-;-;-;-;-;-;-;-;-;-;-;-;-;-;-;-;-;-;-;-;-;-;-;-;-;-
;;;;;;;;;;;;;;;;;;;;;;;;;;;;;;;;;;;;;;;;;;;;;;;;;;;;;;;;;;;;;
                    Saudi ARAMCO (1) ;56,9;57,8;59,1;63,7;74,7;77;132,6;133,3;135;134,72;133,83;133,68;136,85;141,25;147,85;165,68;163,35;164,77;164,22;161,9;165,46;166,22;166,3;166,5;167;167,4;252,38;257,5;257,85;258,47;258,8;259,02;259,03;259,05;259,09;259,15;259,2;259,22;259,25;259,27;259,4;259,43;259,7;259,78;259,92;259,94;259,96;260,07;260,085;259,69;260,173;260,2;261,11;261,059;260,813;260,86;261,527;267,073;261,556;261,592;-
;;;;;;;;;;;;;;;;;;;;;;;;;;;;;;;;;;;;;;;;;;;;;;;;;;;;;;;;;;;;;
                    Others (1) ;2,6;3,3;3,3;3,3;3,3;3,40000000000001;3,40000000000001;3,39999999999998;3,69999999999999;3,53999999999999;3,23999999999998;3,15000000000001;4,19;3,33000000000001;3,56;3,79999999999998;3,71000000000001;3,62;3,24;2,92;2,86;2,8;5,41;4,99;2,75;2,19;2,61;2,55;2,49;2,46;2,4;2,34;2,35;2,4;2,35;2,39;2,34;3,57;3,51;3,43;3,39;3,3;4,61;4,43;4,33;4,27;4,1;4,52;4,43;5,72;5,68;5,59;5,47;5,396;5,395;5,4;5,499;-;5,526;5,6;-
;;;;;;;;;;;;;;;;;;;;;;;;;;;;;;;;;;;;;;;;;;;;;;;;;;;;;;;;;;;;;
                    Total (1) ;59,5;61,1;62,4;67;78;80,4;136;136,7;138,7;138,26;137,07;136,83;141,04;144,58;151,41;169,48;167,06;168,39;167,46;164,82;168,32;169,02;171,71;171,49;169,75;169,59;254,99;260,05;260,34;260,93;261,2;261,36;261,38;261,45;261,44;261,54;261,54;262,79;262,76;262,7;262,79;262,73;264,31;264,21;264,25;264,21;264,06;264,59;264,515;265,41;265,853;265,79;266,58;266,455;266,208;266,26;267,026;267,073;267,082;267,192;-
;;;;;;;;;;;;;;;;;;;;;;;;;;;;;;;;;;;;;;;;;;;;;;;;;;;;;;;;;;;;;
          Natural Gas (Billion Standard Cubic Feet);-;-;-;-;-;-;-;-;-;-;-;-;-;-;-;-;-;-;-;-;-;-;-;-;-;-;-;-;-;-;-;-;-;-;-;-;-;-;-;-;-;-;-;-;-;-;-;-;-;-;-;-;-;-;-;-;-;-;-;-;-
;;;;;;;;;;;;;;;;;;;;;;;;;;;;;;;;;;;;;;;;;;;;;;;;;;;;;;;;;;;;;
                    Saudi ARAMCO (1) ;-;-;-;-;-;-;-;-;-;-;-;-;-;-;-;-;-;65861;68800;70800;114000;119000;122700;126100;135800;141800;177294;180355;180526;180460;181478;181931;186085;191928;197442;204038;210832;213238;218690;224179;230623;234470;237010;239475;248452;253789;262969;275177;278521;282813;284806;287896;293991;297643;298742;302310;314700;324914;320334;323268;-
;;;;;;;;;;;;;;;;;;;;;;;;;;;;;;;;;;;;;;;;;;;;;;;;;;;;;;;;;;;;;
                    Others (1) ;-;-;-;-;-;-;-;-;-;-;-;-;-;-;-;-;-;29837;43559;47313;7150;6103;4662;4051;6141;6107;3442;3840;4022;4014;3993;3974;3977;3989;3437;3448;3430;3789;3803;3767;4050;4022;4313;4173;4155;4165;4342;4493;4536;5009;5966;5789;5751;5608;5607;5626;5754;-;5776;5813;-
;;;;;;;;;;;;;;;;;;;;;;;;;;;;;;;;;;;;;;;;;;;;;;;;;;;;;;;;;;;;;
                    Total (1) ;12533;15099;18191;21916;26404;34982;42995;49985;49491;53487;53734;54892;58739;71412;70106;87473;96369;95698;112359;118113;121150;125103;127362;130151;141941;147907;180736;184195;184548;184474;185471;185905;190062;195917;200879;207486;214262;217027;222493;227946;234673;238492;241323;243648;252607;257954;267311;279670;283057;287822;290772;293685;299742;303251;304349;307936;320454;324914;326110;329081;-
;;;;;;;;;;;;;;;;;;;;;;;;;;;;;;;;;;;;;;;;;;;;;;;;;;;;;;;;;;;;;
Saudi Crude Oil Production;-;-;-;-;-;-;-;-;-;-;-;-;-;-;-;-;-;-;-;-;-;-;-;-;-;-;-;-;-;-;-;-;-;-;-;-;-;-;-;-;-;-;-;-;-;-;-;-;-;-;-;-;-;-;-;-;-;-;-;-;-
;;;;;;;;;;;;;;;;;;;;;;;;;;;;;;;;;;;;;;;;;;;;;;;;;;;;;;;;;;;;;
          Total (2) ;599,76;651,71;694,13;804,94;948,57;1023,84;1113,71;1173,89;1386,67;1740,68;2201,96;2772,61;3095,09;2582,53;3139,28;3357,96;3029,9;3479,15;3623,8;3579,89;2366,41;1656,88;1492,9;1158,8;1746,2;1505,4;1890,1;1848,5;2340,5;2963;3049,4;2937,4;2937,9;2928,54;2965,45;2924,28;3022,27;2761,1;2962,6;2879,46;2588,98;3069,74;3256,3;3413,94;3360,9;3217,77;3366,34;2987,27;2980,43;3398,52;3573,4;3517,62;3545,14;3720,28;3828,43;3635,29;3765,13;3579,96;3372,03;3330,52;-
;;;;;;;;;;;;;;;;;;;;;;;;;;;;;;;;;;;;;;;;;;;;;;;;;;;;;;;;;;;;;
          Percentage Change (2) ;-;8,66179805255436;6,50903009007073;15,9638684396295;17,843565980073;7,93510231190107;8,77773870917331;5,40356107065574;18,1260595115386;25,5295059386876;26,4999885102374;25,9155479663572;11,6309181601451;-16,5604231217832;21,5583168443348;6,96592849315766;-9,76962203242445;14,8272220205287;4,15762470718423;-1,21171146310504;-33,8971309174304;-29,9833925651092;-9,89691468301869;-22,379261839373;50,690369347601;-13,7899438781354;25,554669855188;-2,2009417491138;26,6161752772518;26,5968810083316;2,91596355045562;-3,67285367613301;0,0170218560631851;-0,318594914735019;1,26035498917549;-1,38832217707261;3,35091030954627;-8,64151779953479;7,2978160877911;-2,80631877404982;-10,0880026116008;18,5694752373522;6,07738766149578;4,8410772963179;-1,55363011652226;-4,25868071052397;4,61717276250323;-11,2605975629319;-0,2289716028347;14,0278416201689;5,14576933488695;-1,56097833995635;0,782347155178785;4,94028444574827;2,90703925510982;-5,04488785220051;3,57165453100028;-4,91802407884987;-5,80816545436261;-1,23100921403428;-
;;;;;;;;;;;;;;;;;;;;;;;;;;;;;;;;;;;;;;;;;;;;;;;;;;;;;;;;;;;;;
          Daily Average (2) ;1,64317808219178;1,78550684931507;1,89653005464481;2,20531506849315;2,59882191780822;2,80504109589041;3,04292349726776;3,21613698630137;3,79909589041096;4,76898630136986;6,01628415300546;7,59619178082192;8,47969863013699;7,07542465753425;8,57726775956284;9,1998904109589;8,30109589041096;9,53191780821918;9,90109289617486;9,80791780821918;6,48331506849315;4,53939726027397;4,07896174863388;3,17479452054795;4,7841095890411;4,12438356164384;5,16420765027322;5,06438356164384;6,41232876712329;8,11780821917808;8,33169398907104;8,04767123287671;8,04904109589041;8,02339726027397;8,10232240437158;8,01172602739726;8,28019178082192;7,56465753424658;8,09453551912568;7,88893150684931;7,09309589041096;8,41024657534247;8,89699453551913;9,3532602739726;9,20794520547945;8,81580821917808;9,19765027322404;8,18430136986301;8,16556164383562;9,31101369863014;9,76338797814208;9,63731506849315;9,71271232876712;10,1925479452055;10,4601912568306;9,95969863013699;10,3154246575342;9,8081095890411;9,21319672131148;9,12471232876712;-
;;;;;;;;;;;;;;;;;;;;;;;;;;;;;;;;;;;;;;;;;;;;;;;;;;;;;;;;;;;;;
Production of Refined Products;-;-;-;-;-;-;-;-;-;-;-;-;-;-;-;-;-;-;-;-;-;-;-;-;-;-;-;-;-;-;-;-;-;-;-;-;-;-;-;-;-;-;-;-;-;-;-;-;-;-;-;-;-;-;-;-;-;-;-;-;-
;;;;;;;;;;;;;;;;;;;;;;;;;;;;;;;;;;;;;;;;;;;;;;;;;;;;;;;;;;;;;
          Fuel Oil (3) ;57163;56274;61641;67520;69071;74739;88166;90753;126763;124401;122589;113993;106352;86977;104528;98279;95423;97997;89003;85513;93748;100855;97950;122125;138325;152577;164282;148348;183863;161700;171689;177596;156626;159052;181059;165375;176460;164032;163941;169527;157683;169376;172787;177971;181000;174385;174381;181613;162575;152172;168383;166197;175676;163156;168314;170126;166203;154538;126135;154063;-
;;;;;;;;;;;;;;;;;;;;;;;;;;;;;;;;;;;;;;;;;;;;;;;;;;;;;;;;;;;;;
          Diesel (3) ;12310;15174;13713;16533;16038;16322;19050;19010;21629;22905;23458;27247;28110;24941;26914;32116;37491;34991;44507;54152;66975;84411;96143;110553;109290;149129;161590;145670;161660;147439;159256;161154;169889;166766;192509;191948;193328;188848;198178;193768;192723;215593;234888;236371;241785;238496;247438;227686;231212;229397;234122;219768;274842;351471;384619;393934;391548;385754;360359;407034;-
;;;;;;;;;;;;;;;;;;;;;;;;;;;;;;;;;;;;;;;;;;;;;;;;;;;;;;;;;;;;;
          Gasoline* (3) ;9339;11265;13936;17958;18965;22517;26860;28329;37580;34373;38238;48063;47500;44301;61036;61592;68001;72566;72316;71149;66853;75363;75079;89546;109711;130102;130539;124104;139808;128594;132781;132849;138496;129204;142164;138740;142606;148853;155398;152232;153245;107480;116050;114300;102570;128381;124009;129622;137080;142584;145889;134692;160938;179901;202353;203564;199053;193566;166343;198813;-
;;;;;;;;;;;;;;;;;;;;;;;;;;;;;;;;;;;;;;;;;;;;;;;;;;;;;;;;;;;;;
          Naphtha (3) ;-;-;-;-;-;-;-;-;-;-;-;-;-;-;-;-;-;-;-;-;-;-;-;-;-;-;-;-;-;-;-;-;-;-;-;-;-;-;-;-;-;64240;82520;84570;83850;60260;76597;65361;71690;62122;64180;58654;70272;68770;75771;74279;60102;50861;44725;63408;-
;;;;;;;;;;;;;;;;;;;;;;;;;;;;;;;;;;;;;;;;;;;;;;;;;;;;;;;;;;;;;
          LPG (3) ;1058;2117;4127;4032;5679;6683;10643;13259;17017;17895;15855;25672;37966;39780;47021;57571;65326;79523;74865;69510;57243;41334;51220;51225;55050;7949;9559;7909;7320;8380;11120;9925;8207;12733;15424;14447;11929;12533;9634;13225;10344;10148;13397;12739;14732;11521;11303;12692;12228;11970;11249;13862;16171;16758;15608;15554;17064;14665;12914;14003;-
;;;;;;;;;;;;;;;;;;;;;;;;;;;;;;;;;;;;;;;;;;;;;;;;;;;;;;;;;;;;;
          Kerosene Aviation Fuels (3) ;8200;8291;7796;11766;12197;12323;16372;17332;20646;18505;21281;18715;15258;12371;12881;10623;10056;10161;12050;12210;11814;15211;14110;24158;30708;47485;46769;48132;50552;48642;56174;57986;58417;57028;64058;60844;53243;60638;66920;60053;59702;65550;66981;80908;77334;67282;69677;63502;58112;60738;63802;59455;77315;76954;89498;90544;95804;84723;53167;45990;-
;;;;;;;;;;;;;;;;;;;;;;;;;;;;;;;;;;;;;;;;;;;;;;;;;;;;;;;;;;;;;
          Asphalt & Others ** (3) ;6348;6648;4737;2531;1201;1036;2039;3793;1662;1099;1142;1482;1987;2465;5081;6793;7263;9497;9753;11966;14125;16610;14920;17648;53152;14442;13084;13437;18033;22501;10509;9299;19996;4428;5387;6934;6533;6625;8083;8650;9182;10236;11491;13781;14156;15041;17960;17035;18212;18718;17688;19604;20063;21596;18246;16809;14072;14309;12733;15292;-
;;;;;;;;;;;;;;;;;;;;;;;;;;;;;;;;;;;;;;;;;;;;;;;;;;;;;;;;;;;;;
          COKE (3) ;-;-;-;-;-;-;-;-;-;-;-;-;-;-;-;-;-;-;-;-;-;-;-;-;-;-;-;-;-;-;-;-;-;-;-;-;-;-;-;-;-;-;-;-;-;-;-;-;-;-;-;-;8567;26821;79853;84077;84452;26526;20486;24359;-
;;;;;;;;;;;;;;;;;;;;;;;;;;;;;;;;;;;;;;;;;;;;;;;;;;;;;;;;;;;;;
          Fuel Gas (3) ;-;-;-;-;-;-;-;-;-;-;-;-;-;-;-;-;-;-;-;-;-;-;-;-;-;-;-;-;-;-;-;-;-;-;-;-;-;-;-;-;-;-;-;-;-;-;-;-;-;-;-;-;-;-;-;-;-;-;-;6888;-
;;;;;;;;;;;;;;;;;;;;;;;;;;;;;;;;;;;;;;;;;;;;;;;;;;;;;;;;;;;;;
          Total (3) ;94418;99769;105950;120340;123151;133620;163130;172476;225297;219178;222563;235172;237173;210835;257461;266974;283560;304735;302494;304500;310758;333784;349422;415255;496236;501684;525823;487600;561236;517256;541529;548809;551631;529211;600601;578288;584099;581529;602154;597455;582879;642623;698114;720640;715427;695366;721365;697511;691109;677701;705313;672232;803844;905427;1034262;1048887;1028298;924942;796862;929850;-
;;;;;;;;;;;;;;;;;;;;;;;;;;;;;;;;;;;;;;;;;;;;;;;;;;;;;;;;;;;;;
Domestic Consumption of Refined Products, Crude Oil and Natural Gas by Sectors;-;-;-;-;-;-;-;-;-;-;-;-;-;-;-;-;-;-;-;-;-;-;-;-;-;-;-;-;-;-;-;-;-;-;-;-;-;-;-;-;-;-;-;-;-;-;-;-;-;-;-;-;-;-;-;-;-;-;-;-;-
;;;;;;;;;;;;;;;;;;;;;;;;;;;;;;;;;;;;;;;;;;;;;;;;;;;;;;;;;;;;;
          Consumption of LPG;-;-;-;-;-;-;-;-;-;-;-;-;-;-;-;-;-;-;-;-;-;-;-;-;-;-;-;-;-;-;-;-;-;-;-;-;-;-;-;-;-;-;-;-;-;-;-;-;-;-;-;-;-;-;-;-;-;-;-;-;-
;;;;;;;;;;;;;;;;;;;;;;;;;;;;;;;;;;;;;;;;;;;;;;;;;;;;;;;;;;;;;
                    Public (4) ;-;-;-;-;-;-;-;408;489;594;745;896;1050;1230;1399;1749;2263;2717;3328;3770;4588;4412;3978;3722;4066;4214;4566;4604;6461;6388;7703;8409;8847;8853;9083;9284;9959;9775;10111;10523;10980;11252;11613;12191;11864;12456;13005;13208;13148;15838;13740;12266;11483;12597;13396;12867;13229;12590;13255;16254;-
;;;;;;;;;;;;;;;;;;;;;;;;;;;;;;;;;;;;;;;;;;;;;;;;;;;;;;;;;;;;;
                    Oil Industry (4) ;-;-;-;-;-;-;-;-;-;-;-;-;-;-;129;-;-;9;52;152;41;630;646;1053;881;1187;1143;1420;1722;2328;2627;2540;2310;2486;2474;2462;2518;1928;1800;1680;2110;2076;1300;1044;1274;2449;2565;2639;280;2454;2616;2993;3705;3530;4581;4385;3912;4118;3725;767;-
;;;;;;;;;;;;;;;;;;;;;;;;;;;;;;;;;;;;;;;;;;;;;;;;;;;;;;;;;;;;;
                    Total (4) ;-;-;-;-;-;-;-;408;489;594;745;896;1050;1230;1528;1749;2263;2726;3380;3922;4629;5042;4624;4775;4947;5401;5709;6024;8183;8716;10330;10949;11157;11339;11557;11746;12477;11703;11911;12203;13090;13328;12913;13235;13138;14905;15570;15847;13428;18292;16356;15259;15188;16127;17977;17252;17141;16708;16980;17021;-
;;;;;;;;;;;;;;;;;;;;;;;;;;;;;;;;;;;;;;;;;;;;;;;;;;;;;;;;;;;;;
          Consumption of Natural Gas;-;-;-;-;-;-;-;-;-;-;-;-;-;-;-;-;-;-;-;-;-;-;-;-;-;-;-;-;-;-;-;-;-;-;-;-;-;-;-;-;-;-;-;-;-;-;-;-;-;-;-;-;-;-;-;-;-;-;-;-;-
;;;;;;;;;;;;;;;;;;;;;;;;;;;;;;;;;;;;;;;;;;;;;;;;;;;;;;;;;;;;;
                    Public (4) ;-;-;-;-;-;-;-;-;-;-;-;-;-;-;-;6198;13183;20322;31198;38658;41392;52234;68218;84653;94563;97005;108696;122799;128992;131969;151450;158550;166828;166233;172122;180852;190404;192364;205976;238404;254730;265824;310537;336334;345883;349045;381347;380787;405190;437210;484615;496436;504087;506065;557437;573780;581356;579736;604883;-;-
;;;;;;;;;;;;;;;;;;;;;;;;;;;;;;;;;;;;;;;;;;;;;;;;;;;;;;;;;;;;;
                    Oil Industry (4) ;-;-;-;-;-;-;-;-;10621;8863;10045;11824;14962;17805;19220;20851;24116;25471;32691;35829;37555;24861;25703;25323;26659;27535;31948;33217;33705;35019;45263;47655;53083;68853;72781;73494;71944;69223;75284;66676;72278;73972;65603;80563;77022;90915;96318;85455;116594;113492;113357;100799;110540;121611;106022;121481;127314;128515;113572;-;-
;;;;;;;;;;;;;;;;;;;;;;;;;;;;;;;;;;;;;;;;;;;;;;;;;;;;;;;;;;;;;
                    Total (4) ;-;-;-;-;-;-;-;-;10621;8863;10045;11824;14962;17805;19220;27049;37299;45793;63889;74487;78947;77095;93921;109976;121222;124540;140644;156016;162697;166988;196713;206205;219911;235086;244903;254346;262348;261587;281260;305080;327008;339796;376140;416897;422905;439960;477665;466242;521784;550702;597972;597235;614627;627676;663459;695261;708670;708251;718455;-;-
;;;;;;;;;;;;;;;;;;;;;;;;;;;;;;;;;;;;;;;;;;;;;;;;;;;;;;;;;;;;;
          Consumption of Other Refined Products;-;-;-;-;-;-;-;-;-;-;-;-;-;-;-;-;-;-;-;-;-;-;-;-;-;-;-;-;-;-;-;-;-;-;-;-;-;-;-;-;-;-;-;-;-;-;-;-;-;-;-;-;-;-;-;-;-;-;-;-;-
;;;;;;;;;;;;;;;;;;;;;;;;;;;;;;;;;;;;;;;;;;;;;;;;;;;;;;;;;;;;;
                    Public (4) ;-;-;-;-;-;-;-;13818;15023;16598;19294;24003;30972;41568;56445;61392;78368;96525;177626;215092;238118;269135;284578;272971;268879;260187;257196;233663;289334;298829;286180;311645;329842;316731;337803;340880;366313;381272;389832;391329;397349;419672;437920;456617;488140;530314;578459;641388;689885;721667;760296;776022;837941;892061;854887;843080;780134;797559;734599;731192;-
;;;;;;;;;;;;;;;;;;;;;;;;;;;;;;;;;;;;;;;;;;;;;;;;;;;;;;;;;;;;;
                    Oil Industry (4) ;-;-;-;-;-;-;-;-;1103;544;732;1152;2530;3443;4205;2227;4943;6571;8921;6429;6123;7437;12124;16335;14051;20325;23240;16324;20681;11059;31142;28610;26825;25144;31215;29822;32711;30725;28701;29027;34994;34996;36889;37179;32132;33505;39009;27768;33832;30750;33966;35280;49048;50634;53977;54346;56329;43600;57719;68827;-
;;;;;;;;;;;;;;;;;;;;;;;;;;;;;;;;;;;;;;;;;;;;;;;;;;;;;;;;;;;;;
                    Total (4) ;-;-;-;-;-;-;-;13818;16126;17142;20026;25155;33502;45011;60650;63619;83311;103096;186547;221521;244241;276572;296702;289306;282930;280512;280436;249987;310015;309888;317322;340255;356667;341875;369018;370702;399024;411997;418533;420356;432343;454668;474809;493796;520272;563819;617468;669156;723717;752417;794262;811302;886989;942695;908864;897426;836463;841159;792318;800019;-
;;;;;;;;;;;;;;;;;;;;;;;;;;;;;;;;;;;;;;;;;;;;;;;;;;;;;;;;;;;;;
Saudi Aramco Production of Natural Gas Liquids;-;-;-;-;-;-;-;-;-;-;-;-;-;-;-;-;-;-;-;-;-;-;-;-;-;-;-;-;-;-;-;-;-;-;-;-;-;-;-;-;-;-;-;-;-;-;-;-;-;-;-;-;-;-;-;-;-;-;-;-;-
;;;;;;;;;;;;;;;;;;;;;;;;;;;;;;;;;;;;;;;;;;;;;;;;;;;;;;;;;;;;;
          Annual Production (5) ;1,06;2,12;4,03;5,06;5,68;7,44;14,08;16,85;19,02;19;19,79;35,45;50,24;51,62;67,63;80,1;92,38;112,88;135,14;163,58;156,77;120,49;129,96;115,45;111,03;125,9;152,33;153,65;194,63;214,16;227,67;233,51;251,09;267,12;276,75;280,12;279,16;269,13;285,01;292,38;316,94;345,08;387,3;400,38;399,03;394,56;402,2;410,2;445;461,4;482;455,9;471,3;474,4;497,5;488;495;481;439,2;438;-
;;;;;;;;;;;;;;;;;;;;;;;;;;;;;;;;;;;;;;;;;;;;;;;;;;;;;;;;;;;;;
          Percentage Change (5) ;-;100;90,0943396226415;25,5583126550868;12,2529644268775;30,9859154929578;89,247311827957;19,6732954545455;12,8783382789317;-0,105152471083068;4,1578947368421;79,1308741788782;41,7207334273625;2,74681528662419;31,0151104223169;18,4385627680024;15,330836454432;22,1909504221693;19,7200566973777;21,0448423856741;-4,16310062354811;-23,1421828155897;7,85957340858164;-11,164973838104;-3,82849718492854;13,3927767270107;20,9928514694202;0,866539749228644;26,6710055320534;10,0344242922468;6,30836757564437;2,56511617692274;7,52858549955035;6,38416504042375;3,60512129380054;1,21770551038844;-0,342710267028409;-3,59292162200889;5,90049418496637;2,58587417985334;8,40002736165264;8,87865211080961;12,2348440941231;3,37722695584818;-0,337179679304666;-1,1202165250733;1,93633414436334;1,98906016907011;8,48366650414432;3,68539325842696;4,46467273515388;-5,4149377593361;3,37793375740295;0,657755145342662;4,86930860033727;-1,90954773869347;1,4344262295082;-2,82828282828283;-8,69022869022869;-0,273224043715844;-
;;;;;;;;;;;;;;;;;;;;;;;;;;;;;;;;;;;;;;;;;;;;;;;;;;;;;;;;;;;;;
          Average Daily Production (5) ;0,0029041095890411;0,00580821917808219;0,0110109289617486;0,0138630136986301;0,0155616438356164;0,0203835616438356;0,0384699453551913;0,0461643835616438;0,0521095890410959;0,0520547945205479;0,0540710382513661;0,0971232876712329;0,137643835616438;0,141424657534247;0,184781420765027;0,219452054794521;0,253095890410959;0,309260273972603;0,369234972677596;0,448164383561644;0,429506849315068;0,330109589041096;0,355081967213115;0,316301369863014;0,304191780821918;0,344931506849315;0,41620218579235;0,420958904109589;0,533232876712329;0,586739726027397;0,622049180327869;0,639753424657534;0,687917808219178;0,731835616438356;0,756147540983607;0,767452054794521;0,764821917808219;0,737342465753425;0,778715846994535;0,801041095890411;0,868328767123288;0,945424657534247;1,05819672131148;1,09693150684932;1,09323287671233;1,08098630136986;1,09890710382514;1,12383561643836;1,21917808219178;1,2641095890411;1,31693989071038;1,24904109589041;1,29123287671233;1,29972602739726;1,35928961748634;1,33698630136986;1,35616438356164;1,31780821917808;1,2;1,2;-
;;;;;;;;;;;;;;;;;;;;;;;;;;;;;;;;;;;;;;;;;;;;;;;;;;;;;;;;;;;;;
Spot Prices of Saudi Crude Oils;-;-;-;-;-;-;-;-;-;-;-;-;-;-;-;-;-;-;-;-;-;-;-;-;-;-;-;-;-;-;-;-;-;-;-;-;-;-;-;-;-;-;-;-;-;-;-;-;-;-;-;-;-;-;-;-;-;-;-;-;-
;;;;;;;;;;;;;;;;;;;;;;;;;;;;;;;;;;;;;;;;;;;;;;;;;;;;;;;;;;;;;
          Arabian Light,34 API (6) ;-;-;-;-;-;-;-;-;-;-;-;-;-;-;-;-;-;-;-;-;-;-;-;27,52;13,73;17,23;13,4;16,21;20,82;17,43;17,94;15,68;15,39;16,73;19,91;18,71;12,2;17,45;26,81;23,06;24,32;27,69;34,53;50,21;61,1;68,75;95,16;61,38;77,82;107,82;110,22;106,53;97,18;49,85;40,96;52,59;70,59;64,96;41,91;70,65;-
;;;;;;;;;;;;;;;;;;;;;;;;;;;;;;;;;;;;;;;;;;;;;;;;;;;;;;;;;;;;;
          Arabian Medium,31 API (6) ;-;-;-;-;-;-;-;-;-;-;-;-;-;-;-;-;-;-;-;-;-;-;-;26,52;12,95;16,57;12,84;15,39;19,56;15,72;16,4;14,19;14,43;16,1;18,93;18,06;11,58;16,92;26,02;22,6;23,84;27,03;32,62;47,97;59,56;66,72;91,01;61,18;76,64;105,97;109,82;106,14;96,27;48,91;39,805;52,4875;69,6533333333333;65;41,9266666666667;70,6183333333333;-
;;;;;;;;;;;;;;;;;;;;;;;;;;;;;;;;;;;;;;;;;;;;;;;;;;;;;;;;;;;;;
          Arabian Heavy,27 API (6) ;-;-;-;-;-;-;-;-;-;-;-;-;-;-;-;-;-;-;-;-;-;-;-;25,85;12,3;16,1;12,17;14,93;18,82;13,96;15,2;13,03;13,67;15,59;18,36;17,26;10,95;16,41;25,2;21,9;23,37;26,51;31,09;45,23;56,8;64,19;87,75;60,06;75,51;104,05;108,36;103,96;93,57;47,02;38,3633333333333;51,0416666666667;68,5366666666667;63,8583333333333;41,3516666666667;69,81;-
;;;;;;;;;;;;;;;;;;;;;;;;;;;;;;;;;;;;;;;;;;;;;;;;;;;;;;;;;;;;;
World Oil Production;-;-;-;-;-;-;-;-;-;-;-;-;-;-;-;-;-;-;-;-;-;-;-;-;-;-;-;-;-;-;-;-;-;-;-;-;-;-;-;-;-;-;-;-;-;-;-;-;-;-;-;-;-;-;-;-;-;-;-;-;-
;;;;;;;;;;;;;;;;;;;;;;;;;;;;;;;;;;;;;;;;;;;;;;;;;;;;;;;;;;;;;
          OPEC (7) ;-;-;-;-;-;-;-;-;-;-;-;-;-;-;-;-;-;-;-;-;-;18,6;18,79;17,57;19,89;19,69;21,81;23,79;25,06;25,33;26,48;26,95;27,36;27,65;28,41;29,9;30,79;29,43;30,8;30,11;28,55;30,66;32,97;34,2;34,34;34,86;35,63;33,5;34,75;35,65;37,58;36,72;37,48;38,14;39,59;37,52;37,38;34,9;30,8;31,58;-
;;;;;;;;;;;;;;;;;;;;;;;;;;;;;;;;;;;;;;;;;;;;;;;;;;;;;;;;;;;;;
          OECD (7) ;-;-;-;-;-;-;-;-;-;-;-;-;-;-;-;-;-;-;-;-;-;16,01;16,74;17,13;16,87;19,78;19,63;18,89;18,97;19,53;19,76;19,95;20,84;21,1;21,72;22,07;21,88;21,43;21,93;21,81;21,88;21,6;21,25;20,33;19,97;19,85;19,33;18,81;18,86;18,94;19,88;20,91;22,91;23,92;23,42;24,2;26,9;28,51;27,92;28,21;-
;;;;;;;;;;;;;;;;;;;;;;;;;;;;;;;;;;;;;;;;;;;;;;;;;;;;;;;;;;;;;
          Major non-OPEC Producers;-;-;-;-;-;-;-;-;-;-;-;-;-;-;-;-;-;-;-;-;-;-;-;-;-;-;-;-;-;-;-;-;-;-;-;-;-;-;-;-;-;-;-;-;-;-;-;-;-;-;-;-;-;-;-;-;-;-;-;-;-
;;;;;;;;;;;;;;;;;;;;;;;;;;;;;;;;;;;;;;;;;;;;;;;;;;;;;;;;;;;;;
                    FSU (7) ;-;-;-;-;-;-;-;-;-;-;-;-;-;-;-;-;-;-;-;-;-;12,36;12,26;11,95;12,35;12,54;12,51;12,2;11,48;10,37;8,93;7,95;7,25;7,14;7,09;7,23;7,3;7,49;7,92;8,56;9,37;10,31;11,22;11,64;12,25;12,77;12,82;13,28;13,55;13,57;13,62;13,88;13,87;14;14,24;14,3;14,56;14,64;13,5;13,77;-
;;;;;;;;;;;;;;;;;;;;;;;;;;;;;;;;;;;;;;;;;;;;;;;;;;;;;;;;;;;;;
                    U.S.A. (7) ;-;-;-;-;-;-;-;-;-;-;-;-;-;-;-;-;-;-;-;-;-;10,3;10,55;10,64;10,29;10,01;9,82;9,22;8,99;9,16;9;8,82;8,64;8,61;8,59;8,65;8,37;8,1;8,11;8,07;8,06;7,82;7,66;7,32;7,34;7,47;7,52;7,44;7,77;8,14;9,18;10,24;11,99;12,99;12,53;13,27;15,54;17,16;16,56;16,72;-
;;;;;;;;;;;;;;;;;;;;;;;;;;;;;;;;;;;;;;;;;;;;;;;;;;;;;;;;;;;;;
                    Mexico (7) ;-;-;-;-;-;-;-;-;-;-;-;-;-;-;-;-;-;-;-;-;-;2,93;2,94;2,91;2,75;2,88;2,88;2,9;2,98;3,13;3,12;3,14;3,14;3,07;3,28;3,41;3,5;3,35;3,45;3,56;3,59;3,79;3,83;3,76;3,68;3,48;3,16;2,97;2,96;2,94;2,92;2,89;2,81;2,6;2,47;2,23;2,07;1,93;1,93;1,95;-
;;;;;;;;;;;;;;;;;;;;;;;;;;;;;;;;;;;;;;;;;;;;;;;;;;;;;;;;;;;;;
                    China (7) ;-;-;-;-;-;-;-;-;-;-;-;-;-;-;-;-;-;-;-;-;-;2,13;2,29;2,51;2,62;2,69;2,74;2,76;2,77;2,8;2,84;2,91;2,84;2,99;3,12;3,19;3,19;3,19;3,23;3,3;3,39;3,41;3,48;3,62;3,67;3,73;3,79;3,89;4,1;4,1;4,18;4,18;4,25;4,33;3,98;3,87;3,81;3,92;3,97;4,06;-
;;;;;;;;;;;;;;;;;;;;;;;;;;;;;;;;;;;;;;;;;;;;;;;;;;;;;;;;;;;;;
                    Canada (7) ;-;-;-;-;-;-;-;-;-;-;-;-;-;-;-;-;-;-;-;-;-;1,7;1,78;1,84;1,82;1,91;2;1,96;1,97;1,98;2,07;2,18;2,27;2,4;2,46;2,57;2,67;2,56;2,74;2,73;2,86;3;3,09;3,06;3,19;3,32;3,25;3,22;3,37;3,51;3,75;3,97;4,28;4,39;4,47;4,82;5,41;5,54;5,35;5,62;-
;;;;;;;;;;;;;;;;;;;;;;;;;;;;;;;;;;;;;;;;;;;;;;;;;;;;;;;;;;;;;
                    UK (7) ;-;-;-;-;-;-;-;-;-;-;-;-;-;-;-;-;-;-;-;-;-;2,4;2,61;2,66;2,68;2,62;2,42;1,95;1,94;1,94;2;2,14;2,7;2,79;2,81;2,74;2,84;2,93;2,71;2,53;2,5;2,28;2,06;1,84;1,66;1,66;1,56;1,48;1,36;1,11;0,94;0,89;0,87;0,96;1,03;1,01;1,11;1,13;1,08;0,89;-
;;;;;;;;;;;;;;;;;;;;;;;;;;;;;;;;;;;;;;;;;;;;;;;;;;;;;;;;;;;;;
                    Norway (7) ;-;-;-;-;-;-;-;-;-;-;-;-;-;-;-;-;-;-;-;-;-;0,66;0,74;0,85;0,9;1,05;1,2;1,57;1,72;1,96;2,22;2,38;2,69;2,91;3,23;3,28;3,14;3,14;3,32;3,41;3,33;3,26;3,19;2,97;2,78;2,56;2,46;2,39;2,14;2,04;1,91;1,84;1,89;1,95;1,99;1,97;1,85;1,74;2,01;2,04;-
;;;;;;;;;;;;;;;;;;;;;;;;;;;;;;;;;;;;;;;;;;;;;;;;;;;;;;;;;;;;;
          Total Non  - OPEC (7) ;-;-;-;-;-;-;-;-;-;-;-;-;-;-;-;-;-;-;-;-;-;39,49;40,91;41,65;42,06;42,72;42,94;42,27;41,86;41,46;40,76;40,51;41,27;42,53;43,63;44,45;44,68;44,69;46,07;46,67;47,97;49,01;50,12;50,25;51,09;50,69;50,75;51,7;52,58;52,78;53,36;54,62;56,29;58,45;57,37;59,88;62,94;65,6;63;63,71;-
;;;;;;;;;;;;;;;;;;;;;;;;;;;;;;;;;;;;;;;;;;;;;;;;;;;;;;;;;;;;;
          Total World (7) ;-;-;-;-;-;-;-;-;-;-;-;-;-;-;-;-;-;-;-;-;-;58,09;59,7;59,22;61,96;62,42;64,76;66,06;66,92;66,79;67,24;67,45;68,63;70,18;72,04;74,35;75,47;74,12;76,87;76,78;76,52;79,67;83,07;84,45;85,43;85,55;86,38;85,2;87,33;88,44;90,94;91,39;93,74;96,59;96,96;97,4;100,32;100,5;93,8;95,28;-
;;;;;;;;;;;;;;;;;;;;;;;;;;;;;;;;;;;;;;;;;;;;;;;;;;;;;;;;;;;;;
Nominal and Real Oil Prices ( Base Year 2005 );-;-;-;-;-;-;-;-;-;-;-;-;-;-;-;-;-;-;-;-;-;-;-;-;-;-;-;-;-;-;-;-;-;-;-;-;-;-;-;-;-;-;-;-;-;-;-;-;-;-;-;-;-;-;-;-;-;-;-;-;-
;;;;;;;;;;;;;;;;;;;;;;;;;;;;;;;;;;;;;;;;;;;;;;;;;;;;;;;;;;;;;
          NOMINAL OIL PRICE;-;-;-;-;-;-;-;-;-;-;-;-;-;-;-;-;-;-;-;-;-;-;-;-;-;-;-;-;-;-;-;-;-;-;-;-;-;-;-;-;-;-;-;-;-;-;-;-;-;-;-;-;-;-;-;-;-;-;-;-;-
;;;;;;;;;;;;;;;;;;;;;;;;;;;;;;;;;;;;;;;;;;;;;;;;;;;;;;;;;;;;;
                    Arabian Light (8) ;-;-;-;-;-;-;-;-;1,3;1,65;1,9;2,7;9,76;10,72;11,51;12,4;12,7;17,26;28,67;34,23;31,74;28,77;28,06;27,54;13,73;17,23;13,4;16,21;20,82;17,43;17,94;15,68;15,39;16,73;19,91;18,71;12,2;17,45;26,81;23,06;24,32;27,69;34,53;50,21;61,1;68,75;95,16;61,38;77,82;107,82;110,22;106,53;97,18;49,85;40,96;52,59;70,59;64,96;41,91;70,65;-
;;;;;;;;;;;;;;;;;;;;;;;;;;;;;;;;;;;;;;;;;;;;;;;;;;;;;;;;;;;;;
                    North Sea (Brent) (8) ;-;-;-;-;-;-;-;-;2,23;3,21;3,61;4,25;12,93;11,5;13,14;14,31;14,26;32,11;37,89;36,68;33,42;29,83;28,8;27,33;14,5;18,34;14,97;18,22;23,99;19,99;19,33;17;15,8;17,01;20,7;19,06;12,71;17,91;28,44;24,46;25,03;28,81;38,23;54,44;65,16;72,55;97,37;61,68;79,6;111,36;111,62;108,62;99,08;52,41;43,76;54,17;71,22;64,19;41,67;70,8;-
;;;;;;;;;;;;;;;;;;;;;;;;;;;;;;;;;;;;;;;;;;;;;;;;;;;;;;;;;;;;;
                    OPEC BASKET (8) ;-;-;-;-;-;-;-;-;1,67;2,03;2,29;3,05;10,73;10,73;11,51;12,39;12,7;17,25;28,64;32,51;32,38;29,04;28,2;27,01;13,53;17,73;14,24;17,31;22,26;18,62;18,44;16,33;15,53;16,86;20,29;18,68;12,28;17,48;27,6;23,12;24,36;28,1;36,05;50,64;61,08;69,08;94,45;61,06;77,45;107,46;109,45;105,87;96,29;49,49;40,76;52,43;69,78;64,04;41,47;69,89;-
;;;;;;;;;;;;;;;;;;;;;;;;;;;;;;;;;;;;;;;;;;;;;;;;;;;;;;;;;;;;;
          *REAL OIL PRICE;-;-;-;-;-;-;-;-;-;-;-;-;-;-;-;-;-;-;-;-;-;-;-;-;-;-;-;-;-;-;-;-;-;-;-;-;-;-;-;-;-;-;-;-;-;-;-;-;-;-;-;-;-;-;-;-;-;-;-;-;-
;;;;;;;;;;;;;;;;;;;;;;;;;;;;;;;;;;;;;;;;;;;;;;;;;;;;;;;;;;;;;
                    Arabian Light (8) ;-;-;-;-;-;-;-;-;9,06568;10,61742;10,66375;12,61953;41,186224;39,85696;41,606348;40,12888;34,34207;41,87276;62,853241;77,80479;74,576304;68,426568;69,36432;67,161798;26,21057;28,381256;20,44974;25,201687;28,402644;23,497383;22,643868;20,51728;19,306755;19,241173;23,073699;23,037623;15,08286;21,597865;35,643895;31,144836;31,265792;30,918654;35,141181;50,21;59,94;62,59;80,381652;53,89164;68,6;88,79;93,06;88,95;80,34;46,47;31,9;40,7;54,1;50,8;33,4;55,5;-
;;;;;;;;;;;;;;;;;;;;;;;;;;;;;;;;;;;;;;;;;;;;;;;;;;;;;;;;;;;;;
                    North Sea (Brent) (8) ;-;-;-;-;-;-;-;-;15,551128;20,655708;20,261125;19,864075;54,563307;42,757;47,498472;46,310022;38,560466;77,89886;83,066247;83,37364;78,523632;70,947672;71,1936;66,649671;27,6805;30,209648;22,845717;28,326634;32,727158;26,948519;24,398326;22,2445;19,8211;19,563201;23,98923;23,468578;15,713373;22,167207;37,81098;33,035676;32,178568;32,169246;38,906671;54,37;63,90234;66,04952;82,248439;54,15504;70,17;91,7;94,24;90,7;81,91;48,86;34,1;41,9;54,6;50,2;33,2;55,7;-
;;;;;;;;;;;;;;;;;;;;;;;;;;;;;;;;;;;;;;;;;;;;;;;;;;;;;;;;;;;;;
                    OPEC BASKET (8) ;-;-;-;-;-;-;-;-;11,67;13,07;12,88;14,26;45,26;39,9;41,61;40,11;34,35;41,84;62,79;73,9;76,09;69,06;69,72;65,86;25,83;29,2;21,74;26,91;30,36;25,1;23,27;21,36;19,48;19,39;23,52;22,99;15,18;21,63;36,69;31,23;31,32;31,37;36,68;50,64;59,92;62,89;79,78;53,61;68,27;88,5;92,4;88,4;79,6;46,13;31,8;40,6;53,5;50,1;33;54,9;-
;;;;;;;;;;;;;;;;;;;;;;;;;;;;;;;;;;;;;;;;;;;;;;;;;;;;;;;;;;;;;
Average World Demand for Oil;-;-;-;-;-;-;-;-;-;-;-;-;-;-;-;-;-;-;-;-;-;-;-;-;-;-;-;-;-;-;-;-;-;-;-;-;-;-;-;-;-;-;-;-;-;-;-;-;-;-;-;-;-;-;-;-;-;-;-;-;-
;;;;;;;;;;;;;;;;;;;;;;;;;;;;;;;;;;;;;;;;;;;;;;;;;;;;;;;;;;;;;
          North America                     (9) ;-;-;-;-;-;-;-;-;-;-;-;-;-;-;-;-;-;-;-;-;-;-;-;-;-;-;-;-;-;-;-;-;-;-;-;-;-;-;24,3;24,3;24,4;24,8;25,7;25,9;25,7;25,9;24,6;23,7;24,2;24;23,6;24,1;24,2;24,6;24,9;25,1;25,4;25,54;22,6;24,26;-
;;;;;;;;;;;;;;;;;;;;;;;;;;;;;;;;;;;;;;;;;;;;;;;;;;;;;;;;;;;;;
          Western Europe                     (9) ;-;-;-;-;-;-;-;-;-;-;-;-;-;-;-;-;-;-;-;-;-;-;-;-;-;-;-;-;-;-;-;-;-;-;-;-;-;-;15,3;15,5;15,4;15,5;15,6;15,7;15,7;15,6;15,4;14,7;14,7;14,2;13,8;13,6;13,5;13,8;14;14,4;14,33;14,34;12,4;13,08;-
;;;;;;;;;;;;;;;;;;;;;;;;;;;;;;;;;;;;;;;;;;;;;;;;;;;;;;;;;;;;;
          Pacific countries                    (9) ;-;-;-;-;-;-;-;-;-;-;-;-;-;-;-;-;-;-;-;-;-;-;-;-;-;-;-;-;-;-;-;-;-;-;-;-;-;-;8,9;8,8;8,7;8,9;8,8;8,8;8,7;8,6;8,3;7,9;8,1;8,2;8,5;8,3;8,1;8,1;8,1;8,2;8;7,91;7,1;7,36;-
;;;;;;;;;;;;;;;;;;;;;;;;;;;;;;;;;;;;;;;;;;;;;;;;;;;;;;;;;;;;;
          OECD Countries (9) ;-;-;-;-;-;-;-;-;-;-;-;-;-;-;-;-;-;-;-;-;-;-;-;-;-;-;-;-;-;-;-;-;-;-;-;-;-;-;48,5;48,6;48,5;49,2;50,1;50,4;50,1;50,1;48,3;46,3;47;46,4;45,9;46;45,8;46,5;47;47,7;47,73;47,79;42,1;44,7;-
;;;;;;;;;;;;;;;;;;;;;;;;;;;;;;;;;;;;;;;;;;;;;;;;;;;;;;;;;;;;;
          Non-OECD Countries;-;-;-;-;-;-;-;-;-;-;-;-;-;-;-;-;-;-;-;-;-;-;-;-;-;-;-;-;-;-;-;-;-;-;-;-;-;-;-;-;-;-;-;-;-;-;-;-;-;-;-;-;-;-;-;-;-;-;-;-;-
;;;;;;;;;;;;;;;;;;;;;;;;;;;;;;;;;;;;;;;;;;;;;;;;;;;;;;;;;;;;;
                    Former USSR                          (9) ;-;-;-;-;-;-;-;-;-;-;-;-;-;-;-;-;-;-;-;-;-;-;-;-;-;-;-;-;-;-;-;-;-;-;-;-;-;-;3,7;3,8;3,7;3,8;3,9;3,9;4;4,1;4,2;4;4,3;4,6;4,6;4,7;4,7;4,6;4,4;4,5;4,7;4,66;4,5;4,8;-
;;;;;;;;;;;;;;;;;;;;;;;;;;;;;;;;;;;;;;;;;;;;;;;;;;;;;;;;;;;;;
                    China                                        (9) ;-;-;-;-;-;-;-;-;-;-;-;-;-;-;-;-;-;-;-;-;-;-;-;-;-;-;-;-;-;-;-;-;-;-;-;-;-;-;4,7;4,8;5,1;5,6;6,5;6,8;7,2;7,6;7,8;7,9;9,1;9,5;9,9;10,3;10,8;11,6;12;12,6;13,1;13,9;14,3;15,5;-
;;;;;;;;;;;;;;;;;;;;;;;;;;;;;;;;;;;;;;;;;;;;;;;;;;;;;;;;;;;;;
                    Eastern Europe Countries       (9) ;-;-;-;-;-;-;-;-;-;-;-;-;-;-;-;-;-;-;-;-;-;-;-;-;-;-;-;-;-;-;-;-;-;-;-;-;-;-;0,6;0,7;0,7;0,7;0,7;0,8;0,8;0,8;0,8;0,7;0,7;0,7;0,7;0,7;0,6;0,7;0,7;0,8;0,8;0,8;0,7;0,8;-
;;;;;;;;;;;;;;;;;;;;;;;;;;;;;;;;;;;;;;;;;;;;;;;;;;;;;;;;;;;;;
                    South American Countries      (9) ;-;-;-;-;-;-;-;-;-;-;-;-;-;-;-;-;-;-;-;-;-;-;-;-;-;-;-;-;-;-;-;-;-;-;-;-;-;-;4,8;4,8;4,7;4,6;4,9;5,1;5,2;5,3;5,7;5,7;6,1;6,3;6,5;6,7;6,8;6,7;6,4;6,3;6,3;6,29;5,6;6;-
;;;;;;;;;;;;;;;;;;;;;;;;;;;;;;;;;;;;;;;;;;;;;;;;;;;;;;;;;;;;;
                    Other Asian Countries              (9) ;-;-;-;-;-;-;-;-;-;-;-;-;-;-;-;-;-;-;-;-;-;-;-;-;-;-;-;-;-;-;-;-;-;-;-;-;-;-;7,7;7,9;8,1;8,3;8,9;8,9;9,2;9,8;9,7;10,1;10,7;11;11,4;11,8;12;12,5;13,1;13,8;14;14;12,6;13,11;-
;;;;;;;;;;;;;;;;;;;;;;;;;;;;;;;;;;;;;;;;;;;;;;;;;;;;;;;;;;;;;
                    Middle Eastern Countries        (9) ;-;-;-;-;-;-;-;-;-;-;-;-;-;-;-;-;-;-;-;-;-;-;-;-;-;-;-;-;-;-;-;-;-;-;-;-;-;-;4,8;5;5,1;5,2;5,6;6;6,2;6,4;6,8;7,2;7,3;7,5;7,8;7,9;8,4;8,5;8,3;8,4;8,66;8,7;8,24;8,54;-
;;;;;;;;;;;;;;;;;;;;;;;;;;;;;;;;;;;;;;;;;;;;;;;;;;;;;;;;;;;;;
                    African Countries                      (9) ;-;-;-;-;-;-;-;-;-;-;-;-;-;-;-;-;-;-;-;-;-;-;-;-;-;-;-;-;-;-;-;-;-;-;-;-;-;-;2,5;2,5;2,6;2,7;2,8;2,9;2,9;3,1;3,3;3,4;3,6;3,6;3,8;3,9;3,8;4,2;4,2;4,3;4,16;4,3;3,84;4;-
;;;;;;;;;;;;;;;;;;;;;;;;;;;;;;;;;;;;;;;;;;;;;;;;;;;;;;;;;;;;;
                    Total Non-OECD (9) ;-;-;-;-;-;-;-;-;-;-;-;-;-;-;-;-;-;-;-;-;-;-;-;-;-;-;-;-;-;-;-;-;-;-;-;-;-;-;28,8;29,5;30;30,9;33,3;34,4;35,5;37,1;38,3;39;41,8;43,2;44,7;46;47,1;48,8;49,1;50,7;51,72;52,65;49,78;52,75;-
;;;;;;;;;;;;;;;;;;;;;;;;;;;;;;;;;;;;;;;;;;;;;;;;;;;;;;;;;;;;;
          Total World Demand (9) ;-;-;-;-;-;-;-;-;-;-;-;-;-;-;-;-;-;-;-;-;-;-;-;-;-;-;-;-;-;-;-;-;-;-;-;-;-;-;77,3;78,1;78,5;80,1;83,4;84,8;85,6;87,2;86,6;85,3;88,8;89,6;90,6;92;92,9;95,3;96,1;98,4;99,45;100,44;91,88;97,45;-
;;;;;;;;;;;;;;;;;;;;;;;;;;;;;;;;;;;;;;;;;;;;;;;;;;;;;;;;;;;;;
Mineral Ores Extracted in The Kingdom;-;-;-;-;-;-;-;-;-;-;-;-;-;-;-;-;-;-;-;-;-;-;-;-;-;-;-;-;-;-;-;-;-;-;-;-;-;-;-;-;-;-;-;-;-;-;-;-;-;-;-;-;-;-;-;-;-;-;-;-;-
;;;;;;;;;;;;;;;;;;;;;;;;;;;;;;;;;;;;;;;;;;;;;;;;;;;;;;;;;;;;;
          Limestone  (10) ;-;-;-;-;-;-;-;-;-;-;-;-;-;-;-;-;-;-;-;-;-;-;-;-;-;-;-;-;-;-;-;-;-;-;-;-;-;-;-;-;-;-;31000;30000;30500;33000;36000;37000;45750;46300;48615;56700;59500;60000;63300;66150;69457;72930;46210;48521;-
;;;;;;;;;;;;;;;;;;;;;;;;;;;;;;;;;;;;;;;;;;;;;;;;;;;;;;;;;;;;;
          Mud (10) ;-;-;-;-;-;-;-;-;-;-;-;-;-;-;-;-;-;-;-;-;-;-;-;-;-;-;-;-;-;-;-;-;-;-;-;-;-;-;-;-;-;-;4000;4300;3800;3900;5000;5250;5800;6547;8300;6880;7220;8800;9240;9702;10187;10696;7147;7504;-
;;;;;;;;;;;;;;;;;;;;;;;;;;;;;;;;;;;;;;;;;;;;;;;;;;;;;;;;;;;;;
          Salt (10) ;-;-;-;-;-;-;-;-;-;-;-;-;-;-;-;-;-;-;-;-;-;-;-;-;-;-;-;-;-;-;-;-;-;-;-;-;-;-;-;-;-;-;1430;1700;1752;1507;1600;1680;1800;1864;1611;1900;1990;2000;2400;2520;2646;2778;2220;2331;-
;;;;;;;;;;;;;;;;;;;;;;;;;;;;;;;;;;;;;;;;;;;;;;;;;;;;;;;;;;;;;
          Silica sand  (10) ;-;-;-;-;-;-;-;-;-;-;-;-;-;-;-;-;-;-;-;-;-;-;-;-;-;-;-;-;-;-;-;-;-;-;-;-;-;-;-;-;-;-;592;518;782;820;799;840;820;1303;1270;1160;1210;1230;1300;1365;1433;1505;1380;1449;-
;;;;;;;;;;;;;;;;;;;;;;;;;;;;;;;;;;;;;;;;;;;;;;;;;;;;;;;;;;;;;
          Crushers materials (pebbles )  (10) ;-;-;-;-;-;-;-;-;-;-;-;-;-;-;-;-;-;-;-;-;-;-;-;-;-;-;-;-;-;-;-;-;-;-;-;-;-;-;-;-;-;-;156000;190000;217000;234000;248000;260000;277000;272700;300000;300000;315000;330000;347000;364000;382200;401310;197800;207690;-
;;;;;;;;;;;;;;;;;;;;;;;;;;;;;;;;;;;;;;;;;;;;;;;;;;;;;;;;;;;;;
          Sand  (10) ;-;-;-;-;-;-;-;-;-;-;-;-;-;-;-;-;-;-;-;-;-;-;-;-;-;-;-;-;-;-;-;-;-;-;-;-;-;-;-;-;-;-;33000;28000;34000;26000;22000;23100;26000;25400;30000;29000;30400;31800;22155;23000;24000;25000;21400;22470;-
;;;;;;;;;;;;;;;;;;;;;;;;;;;;;;;;;;;;;;;;;;;;;;;;;;;;;;;;;;;;;
          Iron sands (10) ;-;-;-;-;-;-;-;-;-;-;-;-;-;-;-;-;-;-;-;-;-;-;-;-;-;-;-;-;-;-;-;-;-;-;-;-;-;-;-;-;-;-;495;443;584;642;581;600;550;652;987;644;676;672;706;741;778;817;764;802;-
;;;;;;;;;;;;;;;;;;;;;;;;;;;;;;;;;;;;;;;;;;;;;;;;;;;;;;;;;;;;;
          Gypsum  (10) ;-;-;-;-;-;-;-;-;-;-;-;-;-;-;-;-;-;-;-;-;-;-;-;-;-;-;-;-;-;-;-;-;-;-;-;-;-;-;-;-;-;-;2553;2000;2200;2100;2300;2415;2100;2239;1700;1700;1780;2780;3000;3150;3307;3472;3803;3993;-
;;;;;;;;;;;;;;;;;;;;;;;;;;;;;;;;;;;;;;;;;;;;;;;;;;;;;;;;;;;;;
          Marble for industrial purposes  (10) ;-;-;-;-;-;-;-;-;-;-;-;-;-;-;-;-;-;-;-;-;-;-;-;-;-;-;-;-;-;-;-;-;-;-;-;-;-;-;-;-;-;-;680;642;810;832;1000;1050;1500;1352;1300;3000;3150;2700;2800;2940;2947;3094;3506;3681;-
;;;;;;;;;;;;;;;;;;;;;;;;;;;;;;;;;;;;;;;;;;;;;;;;;;;;;;;;;;;;;
          Marble masses  (10) ;-;-;-;-;-;-;-;-;-;-;-;-;-;-;-;-;-;-;-;-;-;-;-;-;-;-;-;-;-;-;-;-;-;-;-;-;-;-;-;-;-;-;83;85;85;85;85;90;48;24;25;11;11,5;12,9;12;12,6;13,2;13,9;34,5;36;-
;;;;;;;;;;;;;;;;;;;;;;;;;;;;;;;;;;;;;;;;;;;;;;;;;;;;;;;;;;;;;
          Granite masses  (10) ;-;-;-;-;-;-;-;-;-;-;-;-;-;-;-;-;-;-;-;-;-;-;-;-;-;-;-;-;-;-;-;-;-;-;-;-;-;-;-;-;-;-;716;850;962;954;110;116;1100;993;834;1100;1155;1100;1053;1105;1160;1218;2320;2436;-
;;;;;;;;;;;;;;;;;;;;;;;;;;;;;;;;;;;;;;;;;;;;;;;;;;;;;;;;;;;;;
          Limestone masses  (10) ;-;-;-;-;-;-;-;-;-;-;-;-;-;-;-;-;-;-;-;-;-;-;-;-;-;-;-;-;-;-;-;-;-;-;-;-;-;-;-;-;-;-;409;462;308;308;242;254;256;770;484;1200;1260;1320;104;109;114;120;480;504;-
;;;;;;;;;;;;;;;;;;;;;;;;;;;;;;;;;;;;;;;;;;;;;;;;;;;;;;;;;;;;;
          Kaolin (10) ;-;-;-;-;-;-;-;-;-;-;-;-;-;-;-;-;-;-;-;-;-;-;-;-;-;-;-;-;-;-;-;-;-;-;-;-;-;-;-;-;-;-;214;1,5;4;44;-;-;62;70;137;101;106;187;196;206;216;227;213;224;-
;;;;;;;;;;;;;;;;;;;;;;;;;;;;;;;;;;;;;;;;;;;;;;;;;;;;;;;;;;;;;
          Barite  (10) ;-;-;-;-;-;-;-;-;-;-;-;-;-;-;-;-;-;-;-;-;-;-;-;-;-;-;-;-;-;-;-;-;-;-;-;-;-;-;-;-;-;-;15;15;23;30;-;-;30;30;32;30;32;43;41;-;-;-;-;-;-
;;;;;;;;;;;;;;;;;;;;;;;;;;;;;;;;;;;;;;;;;;;;;;;;;;;;;;;;;;;;;
          Feldspar  (10) ;-;-;-;-;-;-;-;-;-;-;-;-;-;-;-;-;-;-;-;-;-;-;-;-;-;-;-;-;-;-;-;-;-;-;-;-;-;-;-;-;-;-;42;42;42;73;55;58;42;160;227;160;168;179;188;197;206;216;523;549;-
;;;;;;;;;;;;;;;;;;;;;;;;;;;;;;;;;;;;;;;;;;;;;;;;;;;;;;;;;;;;;
          Basalt  (10) ;-;-;-;-;-;-;-;-;-;-;-;-;-;-;-;-;-;-;-;-;-;-;-;-;-;-;-;-;-;-;-;-;-;-;-;-;-;-;-;-;-;-;43;43;53;-;-;-;-;-;-;-;-;-;30;32;33;35;28;29;-
;;;;;;;;;;;;;;;;;;;;;;;;;;;;;;;;;;;;;;;;;;;;;;;;;;;;;;;;;;;;;
          Boslan  (10) ;-;-;-;-;-;-;-;-;-;-;-;-;-;-;-;-;-;-;-;-;-;-;-;-;-;-;-;-;-;-;-;-;-;-;-;-;-;-;-;-;-;-;277;372;400;784;810;850;915;1010;941;460;480;480;504;529;555;583;930;977;-
;;;;;;;;;;;;;;;;;;;;;;;;;;;;;;;;;;;;;;;;;;;;;;;;;;;;;;;;;;;;;
          Dolomite  (10) ;-;-;-;-;-;-;-;-;-;-;-;-;-;-;-;-;-;-;-;-;-;-;-;-;-;-;-;-;-;-;-;-;-;-;-;-;-;-;-;-;-;-;532;500;550;465;465;480;583;616;153;181;190;203;2131;2237;2348;2465;639;671;-
;;;;;;;;;;;;;;;;;;;;;;;;;;;;;;;;;;;;;;;;;;;;;;;;;;;;;;;;;;;;;
          Shiest  (10) ;-;-;-;-;-;-;-;-;-;-;-;-;-;-;-;-;-;-;-;-;-;-;-;-;-;-;-;-;-;-;-;-;-;-;-;-;-;-;-;-;-;-;663;582;722;608;608;640;603;738;683;650;680;576;604;634;665;600;570;599;-
;;;;;;;;;;;;;;;;;;;;;;;;;;;;;;;;;;;;;;;;;;;;;;;;;;;;;;;;;;;;;
          Berofilit (10) ;-;-;-;-;-;-;-;-;-;-;-;-;-;-;-;-;-;-;-;-;-;-;-;-;-;-;-;-;-;-;-;-;-;-;-;-;-;-;-;-;-;-;-;-;40;40;40;40;24;8;8;6;7;40;42;44;46;48;61;64;-
;;;;;;;;;;;;;;;;;;;;;;;;;;;;;;;;;;;;;;;;;;;;;;;;;;;;;;;;;;;;;
          Low Percentage Bauxite (10) ;-;-;-;-;-;-;-;-;-;-;-;-;-;-;-;-;-;-;-;-;-;-;-;-;-;-;-;-;-;-;-;-;-;-;-;-;-;-;-;-;-;-;-;-;-;-;-;246;284;634;835;934;980;922;968;1016;438;297;282;296;-
;;;;;;;;;;;;;;;;;;;;;;;;;;;;;;;;;;;;;;;;;;;;;;;;;;;;;;;;;;;;;
          Bauxite (10) ;-;-;-;-;-;-;-;-;-;-;-;-;-;-;-;-;-;-;-;-;-;-;-;-;-;-;-;-;-;-;-;-;-;-;-;-;-;-;-;-;-;-;-;-;-;-;-;-;-;-;-;1044;1096;2100;3800;3990;4623;4100;4945;5192;-
;;;;;;;;;;;;;;;;;;;;;;;;;;;;;;;;;;;;;;;;;;;;;;;;;;;;;;;;;;;;;
          Phosphate Diammonium (10) ;-;-;-;-;-;-;-;-;-;-;-;-;-;-;-;-;-;-;-;-;-;-;-;-;-;-;-;-;-;-;-;-;-;-;-;-;-;-;-;-;-;-;-;-;-;-;-;-;-;-;1534;1820;1911;5100;5400;5670;5444;6098;8000;8400;-
;;;;;;;;;;;;;;;;;;;;;;;;;;;;;;;;;;;;;;;;;;;;;;;;;;;;;;;;;;;;;
Some Metais Production in Kingdom of Saudi Arabia;-;-;-;-;-;-;-;-;-;-;-;-;-;-;-;-;-;-;-;-;-;-;-;-;-;-;-;-;-;-;-;-;-;-;-;-;-;-;-;-;-;-;-;-;-;-;-;-;-;-;-;-;-;-;-;-;-;-;-;-;-
;;;;;;;;;;;;;;;;;;;;;;;;;;;;;;;;;;;;;;;;;;;;;;;;;;;;;;;;;;;;;
          Gold  (kg) (11) ;-;-;-;-;-;-;-;-;-;-;-;-;-;-;-;-;-;-;-;-;-;-;-;-;-;-;-;-;-;-;-;-;-;-;-;-;-;-;-;-;-;8769,4;8267,8;7459,4;5181,8;4440,3;4527;4857,5;4477,1;4612;5215;4158;4789;5089;6946;10333;11765;12593;11822;12413;-
;;;;;;;;;;;;;;;;;;;;;;;;;;;;;;;;;;;;;;;;;;;;;;;;;;;;;;;;;;;;;
          Silver (kg) (11) ;-;-;-;-;-;-;-;-;-;-;-;-;-;-;-;-;-;-;-;-;-;-;-;-;-;-;-;-;-;-;-;-;-;-;-;-;-;-;-;-;-;17402,13;14494,34;13501,2;9103,5;9028;8232;7527;7670;5839;5212;4655;4800;4500;4710;5069;5322;7123;6493;6818;-
;;;;;;;;;;;;;;;;;;;;;;;;;;;;;;;;;;;;;;;;;;;;;;;;;;;;;;;;;;;;;
          Copper (tons) (11) ;-;-;-;-;-;-;-;-;-;-;-;-;-;-;-;-;-;-;-;-;-;-;-;-;-;-;-;-;-;-;-;-;-;-;-;-;-;-;-;-;-;627;652;668;730;737;1465;1719;1603;1954;17639;41332;33116;46253;110000;67097;60340;88491;92883;97527;-
;;;;;;;;;;;;;;;;;;;;;;;;;;;;;;;;;;;;;;;;;;;;;;;;;;;;;;;;;;;;;
          Zinc (tons) (11) ;-;-;-;-;-;-;-;-;-;-;-;-;-;-;-;-;-;-;-;-;-;-;-;-;-;-;-;-;-;-;-;-;-;-;-;-;-;-;-;-;-;1797;-;-;983;716;3663;5507;4218;4934;21213;39813;39798;39008;41610;21787;18000;51856;50819;53360;-
;;;;;;;;;;;;;;;;;;;;;;;;;;;;;;;;;;;;;;;;;;;;;;;;;;;;;;;;;;;;;
          Lead (tons) (11) ;-;-;-;-;-;-;-;-;-;-;-;-;-;-;-;-;-;-;-;-;-;-;-;-;-;-;-;-;-;-;-;-;-;-;-;-;-;-;-;-;-;-;-;-;-;-;-;685;543;396;-;-;-;-;-;-;-;-;-;-;-
;;;;;;;;;;;;;;;;;;;;;;;;;;;;;;;;;;;;;;;;;;;;;;;;;;;;;;;;;;;;;
Saudi Exports Of Refined Products By Destination;-;-;-;-;-;-;-;-;-;-;-;-;-;-;-;-;-;-;-;-;-;-;-;-;-;-;-;-;-;-;-;-;-;-;-;-;-;-;-;-;-;-;-;-;-;-;-;-;-;-;-;-;-;-;-;-;-;-;-;-;-
;;;;;;;;;;;;;;;;;;;;;;;;;;;;;;;;;;;;;;;;;;;;;;;;;;;;;;;;;;;;;
          North America (12) ;-;-;-;-;-;-;1,12;0,87;0,08;2,92;5,83;7,87;8,24;8,91;8,24;2,63;1,71;6,57;4,53;9;7,53;7,35;6,4;12,21;27,29;-;54,67;30,32;50,61;36,37;46,02;47,54;36,65;24,1;35,58;27,29;16,81;10,43;7,7;5,76;4,91;10,61;22,25;18,55;13,23;11,04;5,822;4,67;5,32;1,65;0,56;-;4,708;-;0,531;2,66;16,655;10,028;2,804;26,919559;-
;;;;;;;;;;;;;;;;;;;;;;;;;;;;;;;;;;;;;;;;;;;;;;;;;;;;;;;;;;;;;
          South America (12) ;-;-;-;-;-;-;1,76;3,64;6,4;7,46;5,32;9,04;4,49;10,35;8,5;6,11;3,69;2,48;2,31;6,74;11,92;6,67;7,66;1,79;3,77;-;5,01;4,84;6,43;8,02;18,2;45,52;35,1;17,29;26,73;25,54;31,75;16,44;20,56;13,55;10,87;11,43;13,77;12,12;7,23;9,36;8,966;7,48;5,61;9,42;4,53;3,036;4,753;1,485231;2,717;-;0,693;1,637;0,631;1,82189;-
;;;;;;;;;;;;;;;;;;;;;;;;;;;;;;;;;;;;;;;;;;;;;;;;;;;;;;;;;;;;;
          Western Europe (12) ;2,03;2,77;1,68;1,69;2,85;4,03;2,25;1,28;6,71;9,12;7,18;19,83;19,22;12,71;13,47;12,26;15,91;21,16;36,93;50,98;33,89;21,02;32,48;26,95;44,82;-;63,02;48,27;80,67;67,82;65,05;76,28;64,22;33,54;30,01;29,95;34,8;22,83;28,48;29,52;18,3;29,76;49,11;55,57;49,64;36,28;38,901;31,32;25,96;42,71;40,56;27,885;41,131;65,966801;82,133;98,39;150,898;147,169;117,064;102,76539;-
;;;;;;;;;;;;;;;;;;;;;;;;;;;;;;;;;;;;;;;;;;;;;;;;;;;;;;;;;;;;;
          Middle East (12) ;-;-;-;-;-;-;2,39;1,98;1,67;2,23;2,14;1,49;1,66;0,86;1,7;1,85;1;1,21;1,88;7,29;9,93;0,6;11,38;19,71;16,62;-;22,52;25,32;34,64;48,39;45,08;60,14;56,63;53,19;60,51;67,68;50,36;33,75;43,77;44,93;36,61;45,93;51,76;56,75;72,01;61,04;56,661;71,77;74,87;58,54;55,4;43,006;67,943;71,472613;108,573;182,57;337,022;71,565;58,635;74,494432;-
;;;;;;;;;;;;;;;;;;;;;;;;;;;;;;;;;;;;;;;;;;;;;;;;;;;;;;;;;;;;;
          Africa (12) ;-;-;-;-;-;-;6,21;4,32;7,58;6,48;7,87;7,39;4,03;3,51;4,36;2,21;2,97;1,45;0,39;0,25;-;0,13;1,14;7,06;6,78;-;12,59;11,34;18,73;16,08;18,92;17,37;18,41;14,88;19,8;29,73;41,84;33,2;39,66;37,02;29,98;34,25;36,91;41,4;45,17;45,31;49,415;40,03;33,86;35,74;34,89;33,404;41,732;71,254788;87,357;125,29;83,704;116,641;79,81;153,418336;-
;;;;;;;;;;;;;;;;;;;;;;;;;;;;;;;;;;;;;;;;;;;;;;;;;;;;;;;;;;;;;
          Asia and Far East (12) ;-;-;-;-;-;-;58,99;63,63;96,2;74,75;78,49;69,77;75,15;75,95;100,77;96,2;102,51;102,47;100,34;100,79;120,16;103,24;112,66;122,52;154,66;-;246,56;259,13;274,67;255,13;264,53;246,87;281,42;323,92;350,95;311,23;309,51;335,66;292,83;252,25;256,46;276,82;309,57;317,22;275,92;249,66;224,272;211,71;201,44;180,29;178,51;182,471;200,291;211,295237;268,634;249,06;129,05;125,889;113,125;130,506716;-
;;;;;;;;;;;;;;;;;;;;;;;;;;;;;;;;;;;;;;;;;;;;;;;;;;;;;;;;;;;;;
          Oceania (12) ;-;-;-;-;-;-;4,55;4,38;8,03;4,41;10,09;5,66;4,57;8,42;5,7;3,34;2,7;1,74;2,51;0,98;0,95;1,03;1,92;4,99;8,65;-;10,64;12,21;10,87;15,72;13,47;12,07;3,96;15,46;22,49;17;14,59;14,77;15,24;12,1;5,51;3,14;3,7;4,06;3,11;2,97;2,233;1,08;0;0,945;1,07;-;-;-;-;-;1,466;1,478;0;0,406;-
;;;;;;;;;;;;;;;;;;;;;;;;;;;;;;;;;;;;;;;;;;;;;;;;;;;;;;;;;;;;;
          Total (12) ;81,59;88,33;95,76;110,43;113,19;122,16;77,27;80,1;126,67;107,37;116,92;121,05;117,36;120,71;142,74;124,6;130,49;137,08;148,89;176,03;184,38;140,04;173,64;195,23;262,59;248,11;415,01;391,43;476,62;447,53;471,27;505,79;496,39;482,38;546,07;508,42;499,66;467,08;448,24;395,13;362,64;411,94;487,07;505,67;466,31;415,66;386,27;368,06;347,06;329,3;315,52;289,802;360,56;421,48;549,945;657,97;719,49;474,407;372,073;490,333;-
;;;;;;;;;;;;;;;;;;;;;;;;;;;;;;;;;;;;;;;;;;;;;;;;;;;;;;;;;;;;;
Saudi Exports of Crude Oil by Destination;-;-;-;-;-;-;-;-;-;-;-;-;-;-;-;-;-;-;-;-;-;-;-;-;-;-;-;-;-;-;-;-;-;-;-;-;-;-;-;-;-;-;-;-;-;-;-;-;-;-;-;-;-;-;-;-;-;-;-;-;-
;;;;;;;;;;;;;;;;;;;;;;;;;;;;;;;;;;;;;;;;;;;;;;;;;;;;;;;;;;;;;
          North America (13) ;-;-;-;-;-;-;46,19;41,62;20,82;70,3;90,31;137,14;139,8;117;171,15;359,68;509,2;641,74;619,11;508,28;171,05;128,06;83,32;47,11;243,15;-;359,42;380,48;481,04;663,89;614,84;487,75;521,41;504,02;490,66;488,73;544,24;534,2;577,17;560,06;488,8;596,92;558,38;530,93;534,5;571,78;590,662;386,12;442,237;479,34;520,96;532,52;456,74;434,629861;430,781;366,26;372,426;204,59;202,911;162,126358;-
;;;;;;;;;;;;;;;;;;;;;;;;;;;;;;;;;;;;;;;;;;;;;;;;;;;;;;;;;;;;;
          South America (13) ;-;-;-;-;-;-;36,33;34,44;50,59;91,29;115,15;247,29;342,02;344,88;490,96;369,21;139,04;116,38;127,41;142,81;93,93;67,64;37,13;44,33;78,9;-;67,96;35,59;59,71;72,35;67,67;61,51;60,36;53,3;47,15;33,16;31,42;26,95;22,47;36,76;22,08;23,84;22,32;23,79;23,78;22,34;23,027;23,01;24,428;27,25;25,04;29,06;25,15;25,435233;26,129;26,01;25,72;24,334;18,916;25,238988;-
;;;;;;;;;;;;;;;;;;;;;;;;;;;;;;;;;;;;;;;;;;;;;;;;;;;;;;;;;;;;;
          Western Europe (13) ;180,92;199,74;247,71;301,09;404,54;425,15;472,25;496,04;608,09;814,52;1130,36;1332,9;1526,68;1113,12;1268,86;1296,05;1092,28;1337,21;1432,3;1396,69;727,72;364,53;247,87;218,5;458,72;-;356,7;320,92;380,19;623,1;636,24;628,37;601,77;598,37;530,62;591,13;645,73;454,33;483,8;405,86;343,12;434,86;459,56;440,67;374,8;306,04;310,972;228,45;240,15;324,78;362,63;347,43;347,53;320,202796;318,73;283,76;317,28;291,068;276,871;191,416328;-
;;;;;;;;;;;;;;;;;;;;;;;;;;;;;;;;;;;;;;;;;;;;;;;;;;;;;;;;;;;;;
          Middle East (13) ;-;-;-;-;-;-;64,75;67,66;69,84;75,07;71,31;77,1;79,4;66,97;83,18;114,34;94,87;104,27;98,66;114,48;76,95;67,83;52,07;36,52;81,93;-;78,99;69,86;77,35;78,8;78,2;74,69;81,52;80,54;83,61;77,69;76,49;68,97;60,44;57,44;49,46;72,69;95,45;112,87;109,48;113,06;110,227;104,25;107,28;103,77;102,7;99,36;99,78;104,48877;99,882;56,6;97,4;97,089;77,432;80,132641;-
;;;;;;;;;;;;;;;;;;;;;;;;;;;;;;;;;;;;;;;;;;;;;;;;;;;;;;;;;;;;;
          Africa (13) ;-;-;-;-;-;-;28,91;45,43;50,64;67,43;57,3;80,77;36,85;40,2;31,74;21,19;13,83;31,44;43,43;55,82;37,59;25,96;20,36;14,31;1,93;-;13,51;4,61;32,71;61,44;35,48;33,96;35,15;34,96;35,24;38,57;49,61;73,66;79,45;64,62;68,36;96,34;88,74;86,02;79,01;71,76;74,703;60,33;54,17;61,82;97,11;80,98;69,73;53,660096;56,05;59,78;59,8;64,613;73,823;64,602222;-
;;;;;;;;;;;;;;;;;;;;;;;;;;;;;;;;;;;;;;;;;;;;;;;;;;;;;;;;;;;;;
          Asia and Far East (13) ;-;-;-;-;-;-;289,01;306,59;347,45;389,01;518,69;670,94;743,95;699,69;860,6;938,37;928,6;947,43;1008,06;1024,16;913,46;753,49;705,74;410,84;321,47;-;346,72;388,96;593,1;861,78;958,19;986,4;957,36;1006,31;1031,49;1010,81;971,35;921,77;1044,67;1067,98;942,89;1149,87;1251,06;1435,34;1440,63;1453,23;1560,857;1482,61;1555,22;1633,23;1669,59;1670,79;1609,96;1669,637041;1792,891;1747,99;1815,64;1885,731;1807,542;1749,462864;-
;;;;;;;;;;;;;;;;;;;;;;;;;;;;;;;;;;;;;;;;;;;;;;;;;;;;;;;;;;;;;
          Oceania (13) ;-;-;-;-;-;-;28,34;28,27;26,74;20,57;9,41;14,2;22,98;27,53;33,15;43,21;34,88;40;46,72;49,3;37,7;23,57;21,4;9,11;3,92;-;22,19;17,08;18,32;20,75;18,36;24,24;17,7;18,63;17,24;17,24;13,64;7,8;14,38;10,38;14,18;6,33;11,26;1,62;3,52;2,95;1,973;2,89;1,6;4,4;5,75;3,18;2,12;6,447392;7,128276;3,03;2,336;1,471;1,449;-;-
;;;;;;;;;;;;;;;;;;;;;;;;;;;;;;;;;;;;;;;;;;;;;;;;;;;;;;;;;;;;;
          Total (13) ;501,3;544,83;587,21;678,83;829,31;888,57;968,3;1020,05;1174,17;1528,19;1992,53;2560,34;2891,68;2409,39;2939,64;3142,05;2812,7;3218,47;3375,69;3291,54;2058,4;1431,08;1167,89;780,72;1190,02;973,12;1245,49;1217,5;1642,42;2382,11;2408,98;2296,92;2275,27;2296,13;2236,01;2257,33;2332,48;2087,68;2282,38;2203,1;1928,89;2380,85;2486,77;2631,24;2565,72;2541,16;2672,421;2287,66;2425,085;2634,59;2783,78;2763,32;2611,01;2614,51;2731,591276;2543,44;2690,61;2568,896;2458,94;2272,979401;-
;;;;;;;;;;;;;;;;;;;;;;;;;;;;;;;;;;;;;;;;;;;;;;;;;;;;;;;;;;;;;
Domestic Consumption of Refined Products, Crude Oil and Natural Gas;-;-;-;-;-;-;-;-;-;-;-;-;-;-;-;-;-;-;-;-;-;-;-;-;-;-;-;-;-;-;-;-;-;-;-;-;-;-;-;-;-;-;-;-;-;-;-;-;-;-;-;-;-;-;-;-;-;-;-;-;-
;;;;;;;;;;;;;;;;;;;;;;;;;;;;;;;;;;;;;;;;;;;;;;;;;;;;;;;;;;;;;
          Public Consumption;-;-;-;-;-;-;-;-;-;-;-;-;-;-;-;-;-;-;-;-;-;-;-;-;-;-;-;-;-;-;-;-;-;-;-;-;-;-;-;-;-;-;-;-;-;-;-;-;-;-;-;-;-;-;-;-;-;-;-;-;-
;;;;;;;;;;;;;;;;;;;;;;;;;;;;;;;;;;;;;;;;;;;;;;;;;;;;;;;;;;;;;
                    Liquefied petroleum gas (14) ;-;-;-;-;-;-;-;-;-;-;-;-;-;-;-;-;-;-;-;-;-;-;-;-;-;-;-;-;-;-;-;-;-;-;-;-;-;-;-;-;-;-;-;12,19;11,86;12,456;13,005;13,208;13,148;15,838;13,74;12,266;11,483;12,597;13,396;12,867;13,229;12,59;13,255;16,254;-
;;;;;;;;;;;;;;;;;;;;;;;;;;;;;;;;;;;;;;;;;;;;;;;;;;;;;;;;;;;;;
                    Premium gasoline (14) ;-;-;-;-;-;-;-;-;-;-;-;-;-;-;-;-;-;-;-;-;-;-;-;-;-;-;-;-;-;-;-;-;-;-;-;-;-;-;-;-;-;-;-;108,79;115,3;126,714;136,696;145,123;151,353;162,462;175,92;184,137;190,706;203,978;203,374;208;194,488;194,086;162,437;175,273;-
;;;;;;;;;;;;;;;;;;;;;;;;;;;;;;;;;;;;;;;;;;;;;;;;;;;;;;;;;;;;;
                    Jet fuel and Kerosene (14) ;-;-;-;-;-;-;-;-;-;-;-;-;-;-;-;-;-;-;-;-;-;-;-;-;-;-;-;-;-;-;-;-;-;-;-;-;-;-;-;-;-;-;-;20,5;20,4;21,085;22,634;22,241;23,247;23,896;24,76;25,561;27,283;31,366;32,054;36,141;37,879;36,717;15,39;16,068;-
;;;;;;;;;;;;;;;;;;;;;;;;;;;;;;;;;;;;;;;;;;;;;;;;;;;;;;;;;;;;;
                    Diesel (14) ;-;-;-;-;-;-;-;-;-;-;-;-;-;-;-;-;-;-;-;-;-;-;-;-;-;-;-;-;-;-;-;-;-;-;-;-;-;-;-;-;-;-;-;164,51;178,97;191,848;208,118;214,797;220,384;234,014;253,06;259,399;261,217;276,073;248,537;207,914;182,754;187,889;174,425;177,06;-
;;;;;;;;;;;;;;;;;;;;;;;;;;;;;;;;;;;;;;;;;;;;;;;;;;;;;;;;;;;;;
                    Fuel oil (14) ;-;-;-;-;-;-;-;-;-;-;-;-;-;-;-;-;-;-;-;-;-;-;-;-;-;-;-;-;-;-;-;-;-;-;-;-;-;-;-;-;-;-;-;86,28;93,2;101,255;105,928;76,086;77,495;88,259;91,5;107,465;125,858;140,429;166,074;180,293;173,955;168,578;179,547;167,383;-
;;;;;;;;;;;;;;;;;;;;;;;;;;;;;;;;;;;;;;;;;;;;;;;;;;;;;;;;;;;;;
                    Crude oil (14) ;-;-;-;-;-;-;-;-;-;-;-;-;-;-;-;-;-;-;-;-;-;-;-;-;-;-;-;-;-;-;-;-;-;-;-;-;-;-;-;-;-;-;-;58,79;60,79;69,061;80,463;159,629;192,752;190,734;193,5;176,935;202,364;209,421;182,414;167,367;149,74;155,155;154,481;159,575;-
;;;;;;;;;;;;;;;;;;;;;;;;;;;;;;;;;;;;;;;;;;;;;;;;;;;;;;;;;;;;;
                    Asphalt (14) ;-;-;-;-;-;-;-;-;-;-;-;-;-;-;-;-;-;-;-;-;-;-;-;-;-;-;-;-;-;-;-;-;-;-;-;-;-;-;-;-;-;-;-;15,76;17,89;18,775;22,766;21,68;22,769;20,54;19,96;20,94;28,594;29,117;19,142;20,359;20,731;20,657;19,354;19,866;-
;;;;;;;;;;;;;;;;;;;;;;;;;;;;;;;;;;;;;;;;;;;;;;;;;;;;;;;;;;;;;
                    Lubricating oil (14) ;-;-;-;-;-;-;-;-;-;-;-;-;-;-;-;-;-;-;-;-;-;-;-;-;-;-;-;-;-;-;-;-;-;-;-;-;-;-;-;-;-;-;-;1,99;1,6;1,576;1,854;1,833;1,885;1,762;1,6;1,585;1,919;1,677;1,481;1,337;1,509;27,55;24,521;15,042;-
;;;;;;;;;;;;;;;;;;;;;;;;;;;;;;;;;;;;;;;;;;;;;;;;;;;;;;;;;;;;;
                    Natural gas (14) ;-;-;-;-;-;-;-;-;-;-;-;-;-;-;-;-;-;-;-;-;-;-;-;-;-;-;-;-;-;-;-;-;-;-;-;-;-;-;-;-;-;-;-;336,33;345,88;349,045;381,347;380,787;405,19;437,21;484,62;496,436;504,087;506,065;557,437;573,78;581,356;579,736;604,883;-;-
;;;;;;;;;;;;;;;;;;;;;;;;;;;;;;;;;;;;;;;;;;;;;;;;;;;;;;;;;;;;;
                    Naphtha (14) ;-;-;-;-;-;-;-;-;-;-;-;-;-;-;-;-;-;-;-;-;-;-;-;-;-;-;-;-;-;-;-;-;-;-;-;-;-;-;-;-;-;-;-;-;-;-;-;-;-;-;-;-;-;-;1,811;11,187;8,923;0,75;0,3;0,925;-
;;;;;;;;;;;;;;;;;;;;;;;;;;;;;;;;;;;;;;;;;;;;;;;;;;;;;;;;;;;;;
                    REFORMATE (14) ;-;-;-;-;-;-;-;-;-;-;-;-;-;-;-;-;-;-;-;-;-;-;-;-;-;-;-;-;-;-;-;-;-;-;-;-;-;-;-;-;-;-;-;-;-;-;-;-;-;-;-;-;-;-;-;10,482;10,155;6,177;4,144;0;-
;;;;;;;;;;;;;;;;;;;;;;;;;;;;;;;;;;;;;;;;;;;;;;;;;;;;;;;;;;;;;
          Oil Industry Consumption;-;-;-;-;-;-;-;-;-;-;-;-;-;-;-;-;-;-;-;-;-;-;-;-;-;-;-;-;-;-;-;-;-;-;-;-;-;-;-;-;-;-;-;-;-;-;-;-;-;-;-;-;-;-;-;-;-;-;-;-;-
;;;;;;;;;;;;;;;;;;;;;;;;;;;;;;;;;;;;;;;;;;;;;;;;;;;;;;;;;;;;;
                    Liquefied petroleum gas (14) ;-;-;-;-;-;-;-;-;-;-;-;-;-;-;-;-;-;-;-;-;-;-;-;-;-;-;-;-;-;-;-;-;-;-;-;-;-;-;-;-;-;-;-;1,04;1,27;2,449;2,565;2,639;0,28;2,454;2,62;2,993;3,705;3,53;4,581;4,385;3,912;4,118;3,725;0,767;-
;;;;;;;;;;;;;;;;;;;;;;;;;;;;;;;;;;;;;;;;;;;;;;;;;;;;;;;;;;;;;
                    Fuel oil (14) ;-;-;-;-;-;-;-;-;-;-;-;-;-;-;-;-;-;-;-;-;-;-;-;-;-;-;-;-;-;-;-;-;-;-;-;-;-;-;-;-;-;-;-;9,36;8,3;7,996;8,045;7,176;4,269;6,101;4,9;4,843;14,666;5,196;6,121;6,609;6,975;8,374;14,903;24,99;-
;;;;;;;;;;;;;;;;;;;;;;;;;;;;;;;;;;;;;;;;;;;;;;;;;;;;;;;;;;;;;
                    Diesel (14) ;-;-;-;-;-;-;-;-;-;-;-;-;-;-;-;-;-;-;-;-;-;-;-;-;-;-;-;-;-;-;-;-;-;-;-;-;-;-;-;-;-;-;-;4,11;4,97;2,454;3,348;6,014;5,51;3,616;7,1;6,924;13,722;8,043;8,025;7,683;7,71;4,673;5,509;6,561;-
;;;;;;;;;;;;;;;;;;;;;;;;;;;;;;;;;;;;;;;;;;;;;;;;;;;;;;;;;;;;;
                    Fuel gas (14) ;-;-;-;-;-;-;-;-;-;-;-;-;-;-;-;-;-;-;-;-;-;-;-;-;-;-;-;-;-;-;-;-;-;-;-;-;-;-;-;-;-;-;-;19,07;19,44;18,293;25,106;12,1;20,232;20,162;18,81;20,291;20,557;31,797;34,332;34,399;33,982;29,627;26,498;26,613;-
;;;;;;;;;;;;;;;;;;;;;;;;;;;;;;;;;;;;;;;;;;;;;;;;;;;;;;;;;;;;;
                    Crude oil (14) ;-;-;-;-;-;-;-;-;-;-;-;-;-;-;-;-;-;-;-;-;-;-;-;-;-;-;-;-;-;-;-;-;-;-;-;-;-;-;-;-;-;-;-;0,23;0,2;0,33;0,301;0,343;0,14;0,102;0,09;0,073;0,097;0,047;0,043;0,014;0;0;0;0;-
;;;;;;;;;;;;;;;;;;;;;;;;;;;;;;;;;;;;;;;;;;;;;;;;;;;;;;;;;;;;;
                    Natural gas (14) ;-;-;-;-;-;-;-;-;-;-;-;-;-;-;-;-;-;-;-;-;-;-;-;-;-;-;-;-;-;-;-;-;-;-;-;-;-;-;-;-;-;-;-;80,56;77,02;90,915;96,318;85,455;116,594;113,492;113,36;98,97;108,893;121,28;106,022;121,481;127,314;128,515;113,021;-;-
;;;;;;;;;;;;;;;;;;;;;;;;;;;;;;;;;;;;;;;;;;;;;;;;;;;;;;;;;;;;;
                    Others (14) ;-;-;-;-;-;-;-;-;-;-;-;-;-;-;-;-;-;-;-;-;-;-;-;-;-;-;-;-;-;-;-;-;-;-;-;-;-;-;-;-;-;-;-;4,42;-0,78;4,432;2,209;2,135;3,681;0,769;3,06;3,149;2,006;5,596;5,456;5,641;7,662;0,926;10,809;10,663;-
;;;;;;;;;;;;;;;;;;;;;;;;;;;;;;;;;;;;;;;;;;;;;;;;;;;;;;;;;;;;;
Saudi  Domestic Consumption Natural Gas And Natural Gas Liquids;-;-;-;-;-;-;-;-;-;-;-;-;-;-;-;-;-;-;-;-;-;-;-;-;-;-;-;-;-;-;-;-;-;-;-;-;-;-;-;-;-;-;-;-;-;-;-;-;-;-;-;-;-;-;-;-;-;-;-;-;-
;;;;;;;;;;;;;;;;;;;;;;;;;;;;;;;;;;;;;;;;;;;;;;;;;;;;;;;;;;;;;
          Natural Gas**;-;-;-;-;-;-;-;-;-;-;-;-;-;-;-;-;-;-;-;-;-;-;-;-;-;-;-;-;-;-;-;-;-;-;-;-;-;-;-;-;-;-;-;-;-;-;-;-;-;-;-;-;-;-;-;-;-;-;-;-;-
;;;;;;;;;;;;;;;;;;;;;;;;;;;;;;;;;;;;;;;;;;;;;;;;;;;;;;;;;;;;;
                    Public Consumption (15) ;-;-;-;-;-;-;-;-;-;-;-;-;-;-;-;-;-;-;-;-;-;-;-;-;-;-;-;-;-;-;-;-;-;-;-;-;-;-;-;-;-;-;-;-;-;-;-;-;-;-;-;-;-;-;-;-;-;-;-;604710;-
;;;;;;;;;;;;;;;;;;;;;;;;;;;;;;;;;;;;;;;;;;;;;;;;;;;;;;;;;;;;;
                    Oil Industry Consumption (15) ;-;-;-;-;-;-;-;-;-;-;-;-;-;-;-;-;-;-;-;-;-;-;-;-;-;-;-;-;-;-;-;-;-;-;-;-;-;-;-;-;-;-;-;-;-;-;-;-;-;-;-;-;-;-;-;-;-;-;-;122874;-
;;;;;;;;;;;;;;;;;;;;;;;;;;;;;;;;;;;;;;;;;;;;;;;;;;;;;;;;;;;;;
                    Total (15) ;-;-;-;-;-;-;-;-;-;-;-;-;-;-;-;-;-;-;-;-;-;-;-;-;-;-;-;-;-;-;-;-;-;-;-;-;-;-;-;-;-;-;-;-;-;-;-;-;-;-;-;-;-;-;-;-;-;-;-;727584;-
;;;;;;;;;;;;;;;;;;;;;;;;;;;;;;;;;;;;;;;;;;;;;;;;;;;;;;;;;;;;;
          Propane* (15) ;-;-;-;-;-;-;-;-;-;-;-;-;-;-;-;-;-;-;-;-;-;-;-;-;-;-;-;-;-;-;-;-;-;-;-;-;-;-;-;-;-;-;-;-;-;-;-;-;-;-;-;-;-;-;-;-;-;-;-;135963;-
;;;;;;;;;;;;;;;;;;;;;;;;;;;;;;;;;;;;;;;;;;;;;;;;;;;;;;;;;;;;;
          Butane* (15) ;-;-;-;-;-;-;-;-;-;-;-;-;-;-;-;-;-;-;-;-;-;-;-;-;-;-;-;-;-;-;-;-;-;-;-;-;-;-;-;-;-;-;-;-;-;-;-;-;-;-;-;-;-;-;-;-;-;-;-;64468;-
;;;;;;;;;;;;;;;;;;;;;;;;;;;;;;;;;;;;;;;;;;;;;;;;;;;;;;;;;;;;;
          Natural Gasoline* (15) ;-;-;-;-;-;-;-;-;-;-;-;-;-;-;-;-;-;-;-;-;-;-;-;-;-;-;-;-;-;-;-;-;-;-;-;-;-;-;-;-;-;-;-;-;-;-;-;-;-;-;-;-;-;-;-;-;-;-;-;65064;-
;;;;;;;;;;;;;;;;;;;;;;;;;;;;;;;;;;;;;;;;;;;;;;;;;;;;;;;;;;;;;
Energy sold in Saudi Electricity Company by type of consumption;-;-;-;-;-;-;-;-;-;-;-;-;-;-;-;-;-;-;-;-;-;-;-;-;-;-;-;-;-;-;-;-;-;-;-;-;-;-;-;-;-;-;-;-;-;-;-;-;-;-;-;-;-;-;-;-;-;-;-;-;-
;;;;;;;;;;;;;;;;;;;;;;;;;;;;;;;;;;;;;;;;;;;;;;;;;;;;;;;;;;;;;
          Residential;-;-;-;-;-;-;-;-;-;-;-;-;-;-;-;-;-;-;-;-;-;-;-;-;-;-;-;-;-;-;-;-;-;-;-;-;-;-;-;-;-;-;-;-;-;-;-;-;-;-;-;-;-;-;-;-;-;-;-;-;-
;;;;;;;;;;;;;;;;;;;;;;;;;;;;;;;;;;;;;;;;;;;;;;;;;;;;;;;;;;;;;
                    Central (16) ;-;-;-;-;-;-;-;-;-;-;-;-;-;-;-;-;-;-;-;-;-;-;-;-;-;-;-;-;-;-;-;-;-;-;-;-;-;-;-;-;-;-;-;25109641;27476518;28928580;31697666;31764090;34836233;37042068;39579900;39579812,167;44155475,664433;48496158,565047;47451818,489885;48187135,616203;43004597,477627;42064993,242176;46388998,114582;48701234,474546;49467780,03288
;;;;;;;;;;;;;;;;;;;;;;;;;;;;;;;;;;;;;;;;;;;;;;;;;;;;;;;;;;;;;
                    Eastern (16) ;-;-;-;-;-;-;-;-;-;-;-;-;-;-;-;-;-;-;-;-;-;-;-;-;-;-;-;-;-;-;-;-;-;-;-;-;-;-;-;-;-;-;-;15229332;16981861;17328279;18569845;19401996;20993203;21310629,1;23545600;23230420,261;25866944,437201;28132248,144573;26926413,721502;27619486,932748;25189240,324051;25019012,437958;27033414,019222;27142485,395829;27945381,007444
;;;;;;;;;;;;;;;;;;;;;;;;;;;;;;;;;;;;;;;;;;;;;;;;;;;;;;;;;;;;;
                    Western (16) ;-;-;-;-;-;-;-;-;-;-;-;-;-;-;-;-;-;-;-;-;-;-;-;-;-;-;-;-;-;-;-;-;-;-;-;-;-;-;-;-;-;-;-;29787193;32321910;33693560;35961379;38206816;40465394;38736551,2;43615800;47561823,088;47468304,681;50728853,700954;51567975,286357;49935414,125173;45874487,109837;44575740,428176;45782285,065514;47292651,395032;46053776,499143
;;;;;;;;;;;;;;;;;;;;;;;;;;;;;;;;;;;;;;;;;;;;;;;;;;;;;;;;;;;;;
                    Southern (16) ;-;-;-;-;-;-;-;-;-;-;-;-;-;-;-;-;-;-;-;-;-;-;-;-;-;-;-;-;-;-;-;-;-;-;-;-;-;-;-;-;-;-;-;8177747;9247978;9952665;10458169;11459478;12332642;12172199,1;13504400;15306034,393;16412999,819017;16683439,020121;17266717,66608;17312694,255311;15916069,106449;16480977,574256;18070369,458377;18978754,086633;18982981,199067
;;;;;;;;;;;;;;;;;;;;;;;;;;;;;;;;;;;;;;;;;;;;;;;;;;;;;;;;;;;;;
                    Total (16) ;-;-;-;-;-;-;-;-;-;-;-;-;-;-;-;-;-;-;-;-;-;-;-;-;-;-;-;-;-;-;-;-;-;-;-;-;-;-;-;-;-;-;-;78303913;86028267;89903084;96687059;100832380;108627472;109261447,4;120245700;125678089,909;133903724,601651;144040699,430695;143212925,163824;143054730,929435;129984394,017964;128140723,682566;137275066,657695;142115125,35204;142449918,738534
;;;;;;;;;;;;;;;;;;;;;;;;;;;;;;;;;;;;;;;;;;;;;;;;;;;;;;;;;;;;;
          Industrial;-;-;-;-;-;-;-;-;-;-;-;-;-;-;-;-;-;-;-;-;-;-;-;-;-;-;-;-;-;-;-;-;-;-;-;-;-;-;-;-;-;-;-;-;-;-;-;-;-;-;-;-;-;-;-;-;-;-;-;-;-
;;;;;;;;;;;;;;;;;;;;;;;;;;;;;;;;;;;;;;;;;;;;;;;;;;;;;;;;;;;;;
                    Central (16) ;-;-;-;-;-;-;-;-;-;-;-;-;-;-;-;-;-;-;-;-;-;-;-;-;-;-;-;-;-;-;-;-;-;-;-;-;-;-;-;-;-;-;-;3019440;3269142;3748438;3503729;3859873;4506940;4852750,5;5481000;5743221,923;5767831,014656;6108793,578151;6331590,168866;6413659,152908;6430184,053327;6938621,628943;6933934,419344;7018607,724787;7894769,18694
;;;;;;;;;;;;;;;;;;;;;;;;;;;;;;;;;;;;;;;;;;;;;;;;;;;;;;;;;;;;;
                    Eastern (16) ;-;-;-;-;-;-;-;-;-;-;-;-;-;-;-;-;-;-;-;-;-;-;-;-;-;-;-;-;-;-;-;-;-;-;-;-;-;-;-;-;-;-;-;28089814;26567703;23466665;25036647;26773000;29654872;32408187,1;30569800;38139948,914;38942598,713563;32411721,012489;33276929,180887;34355257,889388;36756391,237097;35331676,078636;36397046,581102;35779123,328331;35777149,47729
;;;;;;;;;;;;;;;;;;;;;;;;;;;;;;;;;;;;;;;;;;;;;;;;;;;;;;;;;;;;;
                    Western (16) ;-;-;-;-;-;-;-;-;-;-;-;-;-;-;-;-;-;-;-;-;-;-;-;-;-;-;-;-;-;-;-;-;-;-;-;-;-;-;-;-;-;-;-;2595075;2603527;3313805;3770074;3750374;4286143;4700709,1;5356900;6511154,666;5856464,412;5815722,930418;6134085,400691;5885153,189196;7247292,720721;6607871,469286;6242513,591456;6648204,702893;7609205,15619
;;;;;;;;;;;;;;;;;;;;;;;;;;;;;;;;;;;;;;;;;;;;;;;;;;;;;;;;;;;;;
                    Southern (16) ;-;-;-;-;-;-;-;-;-;-;-;-;-;-;-;-;-;-;-;-;-;-;-;-;-;-;-;-;-;-;-;-;-;-;-;-;-;-;-;-;-;-;-;96250;108106;105685;110086;270980;120751;167063,1;303600;685738,319;931691,574482;797974,825448;756774,167031;576292,046389;713655,314147;557493,207883;1188510,69242;1808854,15011;1579081,32033
;;;;;;;;;;;;;;;;;;;;;;;;;;;;;;;;;;;;;;;;;;;;;;;;;;;;;;;;;;;;;
                    Total (16) ;-;-;-;-;-;-;-;-;-;-;-;-;-;-;-;-;-;-;-;-;-;-;-;-;-;-;-;-;-;-;-;-;-;-;-;-;-;-;-;-;-;-;-;33800579;32548478;30634593;32420536;34654227;38568706;42128709,8;41711300;51080063,822;51498585,714701;45134212,346506;46499378,917475;47230362,277881;51147523,325292;49435662,384748;50762005,284322;51254789,906121;52860205,14075
;;;;;;;;;;;;;;;;;;;;;;;;;;;;;;;;;;;;;;;;;;;;;;;;;;;;;;;;;;;;;
          Governmental;-;-;-;-;-;-;-;-;-;-;-;-;-;-;-;-;-;-;-;-;-;-;-;-;-;-;-;-;-;-;-;-;-;-;-;-;-;-;-;-;-;-;-;-;-;-;-;-;-;-;-;-;-;-;-;-;-;-;-;-;-
;;;;;;;;;;;;;;;;;;;;;;;;;;;;;;;;;;;;;;;;;;;;;;;;;;;;;;;;;;;;;
                    Central (16) ;-;-;-;-;-;-;-;-;-;-;-;-;-;-;-;-;-;-;-;-;-;-;-;-;-;-;-;-;-;-;-;-;-;-;-;-;-;-;-;-;-;-;-;6361952;7130417;7584420;8311176;8474612;9218486;8758954,4;9921200;10376014,758;11765526,619103;11298483,040698;11488891,428463;11391119,284935;11269449,229402;10998732,807582;10135874,93644;10694049,3381;9725415,52308
;;;;;;;;;;;;;;;;;;;;;;;;;;;;;;;;;;;;;;;;;;;;;;;;;;;;;;;;;;;;;
                    Eastern (16) ;-;-;-;-;-;-;-;-;-;-;-;-;-;-;-;-;-;-;-;-;-;-;-;-;-;-;-;-;-;-;-;-;-;-;-;-;-;-;-;-;-;-;-;4420527;4842500;5314028;5078833;5782753;6639934;6843501,8;6938500;6938437,554;7234719,681978;9048684,308851;8649552,310857;7549721,291985;9966942,76336;9713433,68404;8157111,1529;8370933,11868;7891832,188848
;;;;;;;;;;;;;;;;;;;;;;;;;;;;;;;;;;;;;;;;;;;;;;;;;;;;;;;;;;;;;
                    Western (16) ;-;-;-;-;-;-;-;-;-;-;-;-;-;-;-;-;-;-;-;-;-;-;-;-;-;-;-;-;-;-;-;-;-;-;-;-;-;-;-;-;-;-;-;4716438;4725153;5635773;5580706;6288334;6651198;6050323,8;6676400;7148470,711;7815233,388;8537750,5609;8606441,257269;9112482,162326;17006864,494262;11919416,07998;11872163,563877;11717883,130137;12482111,69285
;;;;;;;;;;;;;;;;;;;;;;;;;;;;;;;;;;;;;;;;;;;;;;;;;;;;;;;;;;;;;
                    Southern (16) ;-;-;-;-;-;-;-;-;-;-;-;-;-;-;-;-;-;-;-;-;-;-;-;-;-;-;-;-;-;-;-;-;-;-;-;-;-;-;-;-;-;-;-;1176250;1306666;1267709;1486482;1702362;2004337;2268610,8;2552500;2920736,086;3195338,973364;3910638,57737;3974516,390248;4393082,95725;5350147,012172;5121859,740344;5075912,44645;5454684,941306;5358375,337529
;;;;;;;;;;;;;;;;;;;;;;;;;;;;;;;;;;;;;;;;;;;;;;;;;;;;;;;;;;;;;
                    Total (16) ;-;-;-;-;-;-;-;-;-;-;-;-;-;-;-;-;-;-;-;-;-;-;-;-;-;-;-;-;-;-;-;-;-;-;-;-;-;-;-;-;-;-;-;16675167;18004736;19801930;20457197;22248061;24513955;23921390,8;26088600;27383659,109;30010818,662445;32795556,487819;32719401,386837;32446405,696496;43593403,499196;37753442,311946;35241062,099667;36237550,528223;35457734,742307
;;;;;;;;;;;;;;;;;;;;;;;;;;;;;;;;;;;;;;;;;;;;;;;;;;;;;;;;;;;;;
          Commercial;-;-;-;-;-;-;-;-;-;-;-;-;-;-;-;-;-;-;-;-;-;-;-;-;-;-;-;-;-;-;-;-;-;-;-;-;-;-;-;-;-;-;-;-;-;-;-;-;-;-;-;-;-;-;-;-;-;-;-;-;-
;;;;;;;;;;;;;;;;;;;;;;;;;;;;;;;;;;;;;;;;;;;;;;;;;;;;;;;;;;;;;
                    Central (16) ;-;-;-;-;-;-;-;-;-;-;-;-;-;-;-;-;-;-;-;-;-;-;-;-;-;-;-;-;-;-;-;-;-;-;-;-;-;-;-;-;-;-;-;5095729;5719504;7110898;7585332;8002703;9888478;11503393,8;12172000;12612462,258;14035005,17904;16824003,248278;17296606,359918;17030168,825674;16356172,57193;16333360,804327;15667773,682012;17524130,175895;19151594,957061
;;;;;;;;;;;;;;;;;;;;;;;;;;;;;;;;;;;;;;;;;;;;;;;;;;;;;;;;;;;;;
                    Eastern (16) ;-;-;-;-;-;-;-;-;-;-;-;-;-;-;-;-;-;-;-;-;-;-;-;-;-;-;-;-;-;-;-;-;-;-;-;-;-;-;-;-;-;-;-;4214045;4779163;4707037;5175903;6021018;6581620;6766531,8;10508100;8216568,951;7992039,749501;9090966,072005;9154764,233012;9622638,394979;8665411,157128;9156217,943481;8446513,477221;9017315,915603;9869285,586722
;;;;;;;;;;;;;;;;;;;;;;;;;;;;;;;;;;;;;;;;;;;;;;;;;;;;;;;;;;;;;
                    Western (16) ;-;-;-;-;-;-;-;-;-;-;-;-;-;-;-;-;-;-;-;-;-;-;-;-;-;-;-;-;-;-;-;-;-;-;-;-;-;-;-;-;-;-;-;5397497;5625673;6601300;7367438;7985269;10596373;12026746,9;14001500;15289385,547;16333917,794;17901728,475271;17998435,410444;17936634,173875;17151855,431242;16614079,306978;13224236,244832;14828840,738558;17165787,814551
;;;;;;;;;;;;;;;;;;;;;;;;;;;;;;;;;;;;;;;;;;;;;;;;;;;;;;;;;;;;;
                    Southern (16) ;-;-;-;-;-;-;-;-;-;-;-;-;-;-;-;-;-;-;-;-;-;-;-;-;-;-;-;-;-;-;-;-;-;-;-;-;-;-;-;-;-;-;-;872702;949522;1020807;1237939;1595891;2243556;2710535,9;3127500;3381204,36;3580744,786339;4263124,554699;4343046,862447;4461487,202722;4909890,89903;4716818,881139;4181710,799144;4659333,780276;4797156,055303
;;;;;;;;;;;;;;;;;;;;;;;;;;;;;;;;;;;;;;;;;;;;;;;;;;;;;;;;;;;;;
                    Total (16) ;-;-;-;-;-;-;-;-;-;-;-;-;-;-;-;-;-;-;-;-;-;-;-;-;-;-;-;-;-;-;-;-;-;-;-;-;-;-;-;-;-;-;-;15579973;17073862;19440042;21366612;23604881;29310027;33007208,4;39809100;39499621,116;41941707,50888;48079822,350253;48792852,865821;49050928,59725;47083330,05933;46820476,935925;41520234,203209;46029620,610332;50983824,413637
;;;;;;;;;;;;;;;;;;;;;;;;;;;;;;;;;;;;;;;;;;;;;;;;;;;;;;;;;;;;;
          Agricultural;-;-;-;-;-;-;-;-;-;-;-;-;-;-;-;-;-;-;-;-;-;-;-;-;-;-;-;-;-;-;-;-;-;-;-;-;-;-;-;-;-;-;-;-;-;-;-;-;-;-;-;-;-;-;-;-;-;-;-;-;-
;;;;;;;;;;;;;;;;;;;;;;;;;;;;;;;;;;;;;;;;;;;;;;;;;;;;;;;;;;;;;
                    Central (16) ;-;-;-;-;-;-;-;-;-;-;-;-;-;-;-;-;-;-;-;-;-;-;-;-;-;-;-;-;-;-;-;-;-;-;-;-;-;-;-;-;-;-;-;2326012;2476127;2119140;2355609;3974335;2469305;2561642,1;2773800;2827004,199;2953608,332191;3284676,258629;3470114,086327;3396840,034397;3106321,704083;3130364,314241;3250986,028071;3459457,176421;3569307,29021
;;;;;;;;;;;;;;;;;;;;;;;;;;;;;;;;;;;;;;;;;;;;;;;;;;;;;;;;;;;;;
                    Eastern (16) ;-;-;-;-;-;-;-;-;-;-;-;-;-;-;-;-;-;-;-;-;-;-;-;-;-;-;-;-;-;-;-;-;-;-;-;-;-;-;-;-;-;-;-;475056;524369;547028;572546;581992;615439;641088,2;739400;742452,421;823794,411671;973951,666154;919708,278054;1003276,287616;904032,838277;867270,601091;921499,672325;981564,7051;1046146,33881
;;;;;;;;;;;;;;;;;;;;;;;;;;;;;;;;;;;;;;;;;;;;;;;;;;;;;;;;;;;;;
                    Western (16) ;-;-;-;-;-;-;-;-;-;-;-;-;-;-;-;-;-;-;-;-;-;-;-;-;-;-;-;-;-;-;-;-;-;-;-;-;-;-;-;-;-;-;-;310849;322232;431311;463884;440533;465741;514058;595500;625887,096;679316,717;784320,930926;870031,069985;897475,22458;908318,227424;874460,259766;879486,977123;918815,140713;923028,10908
;;;;;;;;;;;;;;;;;;;;;;;;;;;;;;;;;;;;;;;;;;;;;;;;;;;;;;;;;;;;;
                    Southern (16) ;-;-;-;-;-;-;-;-;-;-;-;-;-;-;-;-;-;-;-;-;-;-;-;-;-;-;-;-;-;-;-;-;-;-;-;-;-;-;-;-;-;-;-;52342;57560;70389;69228;65119;69172;68832;82600;94935,209;120634,309296;124584,178823;120756,199226;131978,275661;120928,444862;112706,635328;113567,276118;119832,26735;113065,12547
;;;;;;;;;;;;;;;;;;;;;;;;;;;;;;;;;;;;;;;;;;;;;;;;;;;;;;;;;;;;;
                    Total (16) ;-;-;-;-;-;-;-;-;-;-;-;-;-;-;-;-;-;-;-;-;-;-;-;-;-;-;-;-;-;-;-;-;-;-;-;-;-;-;-;-;-;-;-;3164259;3380288;3167868;3461267;5061979;3619657;3785620,3;4191300;4290278,925;4577353,770158;5167533,034532;5380609,633592;5429569,822254;5039601,214646;4984801,810426;5165539,953637;5479669,289584;5651546,86357
;;;;;;;;;;;;;;;;;;;;;;;;;;;;;;;;;;;;;;;;;;;;;;;;;;;;;;;;;;;;;
          Others;-;-;-;-;-;-;-;-;-;-;-;-;-;-;-;-;-;-;-;-;-;-;-;-;-;-;-;-;-;-;-;-;-;-;-;-;-;-;-;-;-;-;-;-;-;-;-;-;-;-;-;-;-;-;-;-;-;-;-;-;-
;;;;;;;;;;;;;;;;;;;;;;;;;;;;;;;;;;;;;;;;;;;;;;;;;;;;;;;;;;;;;
                    Central (16) ;-;-;-;-;-;-;-;-;-;-;-;-;-;-;-;-;-;-;-;-;-;-;-;-;-;-;-;-;-;-;-;-;-;-;-;-;-;-;-;-;-;-;-;2186793;2431666,00000001;2604606;2530461;2507486;2826389;2944333,2;3044999,99999999;3143952,65;3640634,242317;4199537,593456;4247069,458337;4380588,353936;5191912,627763;4522209,582384;4044622,099369;4075710,071053;4003095,958963
;;;;;;;;;;;;;;;;;;;;;;;;;;;;;;;;;;;;;;;;;;;;;;;;;;;;;;;;;;;;;
                    Eastern (16) ;-;-;-;-;-;-;-;-;-;-;-;-;-;-;-;-;-;-;-;-;-;-;-;-;-;-;-;-;-;-;-;-;-;-;-;-;-;-;-;-;-;-;-;921272;993476;1387715;1213545;1248038;1318003,3;1254390,9;1425400;1387568,957;1499023,842413;1694709,047859;1736945,43316;1909509,219756;2400719,467686;2307050,863668;2046812,8121;1984269,508389;2298074,17048
;;;;;;;;;;;;;;;;;;;;;;;;;;;;;;;;;;;;;;;;;;;;;;;;;;;;;;;;;;;;;
                    Western (16) ;-;-;-;-;-;-;-;-;-;-;-;-;-;-;-;-;-;-;-;-;-;-;-;-;-;-;-;-;-;-;-;-;-;-;-;-;-;-;-;-;-;-;-;2016908;2021360;2237958,00000001;2321718;2596702;2645648,1;2503926,9;2819700,00000001;3056279,969;3194896,899;3486365,174235;3617422,591579;3586162,948145;3712893,916923;3762212,205256;3082148,404322;3250787,805276;3229723,115945
;;;;;;;;;;;;;;;;;;;;;;;;;;;;;;;;;;;;;;;;;;;;;;;;;;;;;;;;;;;;;
                    Southern (16) ;-;-;-;-;-;-;-;-;-;-;-;-;-;-;-;-;-;-;-;-;-;-;-;-;-;-;-;-;-;-;-;-;-;-;-;-;-;-;-;-;-;-;-;634696,999999998;668954;602525,000000001;639150;718432,000000001;832726,1;854616,800000003;951900,000000001;1168090,094;1318470,420436;1438389,157115;1485740,304203;1568171,892403;1775371,746809;1950953,355337;1673059,850569;1774235,93938;1767469,203203
;;;;;;;;;;;;;;;;;;;;;;;;;;;;;;;;;;;;;;;;;;;;;;;;;;;;;;;;;;;;;
                    Total (16) ;-;-;-;-;-;-;-;-;-;-;-;-;-;-;-;-;-;-;-;-;-;-;-;-;-;-;-;-;-;-;-;-;-;-;-;-;-;-;-;-;-;-;-;5759670;6115456,00000001;6832804,00000001;6704874;7070658;7622766,5;7557267,8;8242000;8755891,67;9653025,404166;10819000,972665;11087177,787279;11444432,41424;13080897,759181;12542426,006645;10846643,16636;11085003,324098;11298362,448591
;;;;;;;;;;;;;;;;;;;;;;;;;;;;;;;;;;;;;;;;;;;;;;;;;;;;;;;;;;;;;
          Total;-;-;-;-;-;-;-;-;-;-;-;-;-;-;-;-;-;-;-;-;-;-;-;-;-;-;-;-;-;-;-;-;-;-;-;-;-;-;-;-;-;-;-;-;-;-;-;-;-;-;-;-;-;-;-;-;-;-;-;-;-
;;;;;;;;;;;;;;;;;;;;;;;;;;;;;;;;;;;;;;;;;;;;;;;;;;;;;;;;;;;;;
                    Central (16) ;-;-;-;-;-;-;-;-;-;-;-;-;-;-;-;-;-;-;-;-;-;-;-;-;-;-;-;-;-;-;-;-;-;-;-;-;-;-;-;-;-;-;-;44099567;48503374;52096082;55983973;58583099;63745831;67663142;72972900;74282467,955;82318081,05174;90211652,284259;90286089,991796;90799511,268053;85358637,664132;83988282,379653;86422189,279818;91473188,960802;93811962,949134
;;;;;;;;;;;;;;;;;;;;;;;;;;;;;;;;;;;;;;;;;;;;;;;;;;;;;;;;;;;;;
                    Eastern (16) ;-;-;-;-;-;-;-;-;-;-;-;-;-;-;-;-;-;-;-;-;-;-;-;-;-;-;-;-;-;-;-;-;-;-;-;-;-;-;-;-;-;-;-;53350046;54689072;52750752;55647319;59808797;65803071,3;69224328,9;73726800;78655397,058;82359120,836327;81352280,251931;80664313,157472;82059890,016472;83882737,787599;82394661,608874;83002397,71487;83275691,971932;84827868,769594
;;;;;;;;;;;;;;;;;;;;;;;;;;;;;;;;;;;;;;;;;;;;;;;;;;;;;;;;;;;;;
                    Western (16) ;-;-;-;-;-;-;-;-;-;-;-;-;-;-;-;-;-;-;-;-;-;-;-;-;-;-;-;-;-;-;-;-;-;-;-;-;-;-;-;-;-;-;-;44823960;47619855;51913707;55465199;59268028;65110497,1;64532315,9;73065800;80193001,077;81348133,891;87254741,772704;88794391,016325;87353321,823295;91901711,900409;84353779,749442;81082833,847124;84657182,912609;87463632,387759
;;;;;;;;;;;;;;;;;;;;;;;;;;;;;;;;;;;;;;;;;;;;;;;;;;;;;;;;;;;;;
                    Southern (16) ;-;-;-;-;-;-;-;-;-;-;-;-;-;-;-;-;-;-;-;-;-;-;-;-;-;-;-;-;-;-;-;-;-;-;-;-;-;-;-;-;-;-;-;11009988;12338786;13019780;14001054;15812262;17603184,1;18241857,7;20522500;23556738,461;25559879,882934;27218150,313576;27947551,589235;28443706,629736;28786062,523469;28940809,394287;30303130,523078;32795695,165055;32598128,240902
;;;;;;;;;;;;;;;;;;;;;;;;;;;;;;;;;;;;;;;;;;;;;;;;;;;;;;;;;;;;;
                    Total (16) ;-;-;-;-;-;-;-;-;-;-;-;-;-;-;-;-;-;-;-;-;-;-;-;-;-;-;-;-;-;-;-;-;-;-;-;-;-;-;-;-;-;-;-;153283561;163151087;169780321;181097545;193472186;212262583,5;219661644,5;240288000;256687604,551;271585215,662001;286036824,62247;287692345,754828;288656429,737556;289929149,875609;279677533,132256;280810551,36489;292201759,010398;298701592,347389
;;;;;;;;;;;;;;;;;;;;;;;;;;;;;;;;;;;;;;;;;;;;;;;;;;;;;;;;;;;;;
Number of subscribers to the Saudi Electricity Company by type of consumption;-;-;-;-;-;-;-;-;-;-;-;-;-;-;-;-;-;-;-;-;-;-;-;-;-;-;-;-;-;-;-;-;-;-;-;-;-;-;-;-;-;-;-;-;-;-;-;-;-;-;-;-;-;-;-;-;-;-;-;-;-
;;;;;;;;;;;;;;;;;;;;;;;;;;;;;;;;;;;;;;;;;;;;;;;;;;;;;;;;;;;;;
          Residential;-;-;-;-;-;-;-;-;-;-;-;-;-;-;-;-;-;-;-;-;-;-;-;-;-;-;-;-;-;-;-;-;-;-;-;-;-;-;-;-;-;-;-;-;-;-;-;-;-;-;-;-;-;-;-;-;-;-;-;-;-
;;;;;;;;;;;;;;;;;;;;;;;;;;;;;;;;;;;;;;;;;;;;;;;;;;;;;;;;;;;;;
                    Central (17) ;-;-;-;-;-;-;-;-;-;-;-;-;-;-;-;-;-;-;-;-;-;-;-;-;-;-;-;-;-;-;-;-;-;-;-;-;-;-;-;-;-;-;-;1173525;1220291;1264776;1319726;1380254;1460216;1548171;1648082;1766258;1865973;2007566;2111715;2199852;2290078;2375203;2473940;2575443;2681148
;;;;;;;;;;;;;;;;;;;;;;;;;;;;;;;;;;;;;;;;;;;;;;;;;;;;;;;;;;;;;
                    Eastern (17) ;-;-;-;-;-;-;-;-;-;-;-;-;-;-;-;-;-;-;-;-;-;-;-;-;-;-;-;-;-;-;-;-;-;-;-;-;-;-;-;-;-;-;-;623378;654027;685358;720920;762937;803205;853716;918160;986190;1048882;1134062;1197309;1249881;1303214;1349150;1411886;1475394;1535803
;;;;;;;;;;;;;;;;;;;;;;;;;;;;;;;;;;;;;;;;;;;;;;;;;;;;;;;;;;;;;
                    Western (17) ;-;-;-;-;-;-;-;-;-;-;-;-;-;-;-;-;-;-;-;-;-;-;-;-;-;-;-;-;-;-;-;-;-;-;-;-;-;-;-;-;-;-;-;1567653;1645289;1719011;1785456;1857157;1939032;1912061;2008154;2104950;2163750;2360357;2450864;2576960;2688997;2799775;2899347;3009638;3131836
;;;;;;;;;;;;;;;;;;;;;;;;;;;;;;;;;;;;;;;;;;;;;;;;;;;;;;;;;;;;;
                    Southern (17) ;-;-;-;-;-;-;-;-;-;-;-;-;-;-;-;-;-;-;-;-;-;-;-;-;-;-;-;-;-;-;-;-;-;-;-;-;-;-;-;-;-;-;-;533360;564223;593349;630653;675206;689818;709090;761167;815567;855009;917465;986642;1062323;1124062;1189371;1261899;1346321;1429197
;;;;;;;;;;;;;;;;;;;;;;;;;;;;;;;;;;;;;;;;;;;;;;;;;;;;;;;;;;;;;
                    Total (17) ;-;-;-;-;-;-;-;-;-;-;-;-;-;-;-;-;-;-;-;-;-;-;-;-;-;-;-;-;-;-;-;-;-;-;-;-;-;-;-;-;-;-;-;3897916;4083830;4262494;4456755;4675554;4892271;5023038;5335563;5672965;5933614;6419450;6746530;7089016;7406351;7713499;8047072;8406796;8777984
;;;;;;;;;;;;;;;;;;;;;;;;;;;;;;;;;;;;;;;;;;;;;;;;;;;;;;;;;;;;;
          Industrial;-;-;-;-;-;-;-;-;-;-;-;-;-;-;-;-;-;-;-;-;-;-;-;-;-;-;-;-;-;-;-;-;-;-;-;-;-;-;-;-;-;-;-;-;-;-;-;-;-;-;-;-;-;-;-;-;-;-;-;-;-
;;;;;;;;;;;;;;;;;;;;;;;;;;;;;;;;;;;;;;;;;;;;;;;;;;;;;;;;;;;;;
                    Central (17) ;-;-;-;-;-;-;-;-;-;-;-;-;-;-;-;-;-;-;-;-;-;-;-;-;-;-;-;-;-;-;-;-;-;-;-;-;-;-;-;-;-;-;-;2091;2026;2152;2374;2483;2640;2725;2990;3100;3368;3347;3577;3750;3941;4140;4317;4489;4791
;;;;;;;;;;;;;;;;;;;;;;;;;;;;;;;;;;;;;;;;;;;;;;;;;;;;;;;;;;;;;
                    Eastern (17) ;-;-;-;-;-;-;-;-;-;-;-;-;-;-;-;-;-;-;-;-;-;-;-;-;-;-;-;-;-;-;-;-;-;-;-;-;-;-;-;-;-;-;-;1829;1891;2007;1963;2103;2148;2173;2236;2326;2530;2557;2767;2858;2993;3074;3175;3257;3508
;;;;;;;;;;;;;;;;;;;;;;;;;;;;;;;;;;;;;;;;;;;;;;;;;;;;;;;;;;;;;
                    Western (17) ;-;-;-;-;-;-;-;-;-;-;-;-;-;-;-;-;-;-;-;-;-;-;-;-;-;-;-;-;-;-;-;-;-;-;-;-;-;-;-;-;-;-;-;1965;2088;2273;2376;2450;2469;2487;2616;2713;2925;3014;3248;3539;3742;3909;3996;4082;4278
;;;;;;;;;;;;;;;;;;;;;;;;;;;;;;;;;;;;;;;;;;;;;;;;;;;;;;;;;;;;;
                    Southern (17) ;-;-;-;-;-;-;-;-;-;-;-;-;-;-;-;-;-;-;-;-;-;-;-;-;-;-;-;-;-;-;-;-;-;-;-;-;-;-;-;-;-;-;-;269;268;265;254;253;232;261;324;332;395;388;452;498;649;696;726;797;898
;;;;;;;;;;;;;;;;;;;;;;;;;;;;;;;;;;;;;;;;;;;;;;;;;;;;;;;;;;;;;
                    Total (17) ;-;-;-;-;-;-;-;-;-;-;-;-;-;-;-;-;-;-;-;-;-;-;-;-;-;-;-;-;-;-;-;-;-;-;-;-;-;-;-;-;-;-;-;6154;6273;6697;6967;7289;7489;7646;8166;8471;9218;9306;10044;10645;11325;11819;12214;12625;13475
;;;;;;;;;;;;;;;;;;;;;;;;;;;;;;;;;;;;;;;;;;;;;;;;;;;;;;;;;;;;;
          Governmental ;-;-;-;-;-;-;-;-;-;-;-;-;-;-;-;-;-;-;-;-;-;-;-;-;-;-;-;-;-;-;-;-;-;-;-;-;-;-;-;-;-;-;-;-;-;-;-;-;-;-;-;-;-;-;-;-;-;-;-;-;-
;;;;;;;;;;;;;;;;;;;;;;;;;;;;;;;;;;;;;;;;;;;;;;;;;;;;;;;;;;;;;
                    Central (17) ;-;-;-;-;-;-;-;-;-;-;-;-;-;-;-;-;-;-;-;-;-;-;-;-;-;-;-;-;-;-;-;-;-;-;-;-;-;-;-;-;-;-;-;31478;32768;34213;37715;40522;37800;37768;39855;43856;46838;45034;47022;47545;48737;49050;49653;49634;48549
;;;;;;;;;;;;;;;;;;;;;;;;;;;;;;;;;;;;;;;;;;;;;;;;;;;;;;;;;;;;;
                    Eastern (17) ;-;-;-;-;-;-;-;-;-;-;-;-;-;-;-;-;-;-;-;-;-;-;-;-;-;-;-;-;-;-;-;-;-;-;-;-;-;-;-;-;-;-;-;15052;15656;16260;17078;18092;19430;21389;21329;21682;23035;24575;25380;26009;26174;27169;26231;26202;26612
;;;;;;;;;;;;;;;;;;;;;;;;;;;;;;;;;;;;;;;;;;;;;;;;;;;;;;;;;;;;;
                    Western (17) ;-;-;-;-;-;-;-;-;-;-;-;-;-;-;-;-;-;-;-;-;-;-;-;-;-;-;-;-;-;-;-;-;-;-;-;-;-;-;-;-;-;-;-;35014;36893;37059;39085;41548;42409;37266;38300;39445;42047;41538;44296;45048;44514;44814;44400;43910;44698
;;;;;;;;;;;;;;;;;;;;;;;;;;;;;;;;;;;;;;;;;;;;;;;;;;;;;;;;;;;;;
                    Southern (17) ;-;-;-;-;-;-;-;-;-;-;-;-;-;-;-;-;-;-;-;-;-;-;-;-;-;-;-;-;-;-;-;-;-;-;-;-;-;-;-;-;-;-;-;14019;15041;15664;16996;18344;19303;21547;24263;26350;29767;31302;33659;34939;35967;36159;36834;36348;36276
;;;;;;;;;;;;;;;;;;;;;;;;;;;;;;;;;;;;;;;;;;;;;;;;;;;;;;;;;;;;;
                    Total (17) ;-;-;-;-;-;-;-;-;-;-;-;-;-;-;-;-;-;-;-;-;-;-;-;-;-;-;-;-;-;-;-;-;-;-;-;-;-;-;-;-;-;-;-;95563;100358;103196;110874;118506;118942;117970;123747;131333;141687;142449;150357;153541;155392;157192;157118;156094;156135
;;;;;;;;;;;;;;;;;;;;;;;;;;;;;;;;;;;;;;;;;;;;;;;;;;;;;;;;;;;;;
          Commercial;-;-;-;-;-;-;-;-;-;-;-;-;-;-;-;-;-;-;-;-;-;-;-;-;-;-;-;-;-;-;-;-;-;-;-;-;-;-;-;-;-;-;-;-;-;-;-;-;-;-;-;-;-;-;-;-;-;-;-;-;-
;;;;;;;;;;;;;;;;;;;;;;;;;;;;;;;;;;;;;;;;;;;;;;;;;;;;;;;;;;;;;
                    Central (17) ;-;-;-;-;-;-;-;-;-;-;-;-;-;-;-;-;-;-;-;-;-;-;-;-;-;-;-;-;-;-;-;-;-;-;-;-;-;-;-;-;-;-;-;235213;246922;266132;279905;305053;326095;351242;380822;406247;475249;502283;542036;572170;585895;594269;601981;606189;611590
;;;;;;;;;;;;;;;;;;;;;;;;;;;;;;;;;;;;;;;;;;;;;;;;;;;;;;;;;;;;;
                    Eastern (17) ;-;-;-;-;-;-;-;-;-;-;-;-;-;-;-;-;-;-;-;-;-;-;-;-;-;-;-;-;-;-;-;-;-;-;-;-;-;-;-;-;-;-;-;142566;149100;156718;164074;174167;189176;206482;215940;228662;246559;256713;279609;303182;309530;314048;317155;320704;327158
;;;;;;;;;;;;;;;;;;;;;;;;;;;;;;;;;;;;;;;;;;;;;;;;;;;;;;;;;;;;;
                    Western (17) ;-;-;-;-;-;-;-;-;-;-;-;-;-;-;-;-;-;-;-;-;-;-;-;-;-;-;-;-;-;-;-;-;-;-;-;-;-;-;-;-;-;-;-;197762;208913;219207;226813;235232;242037;378713;396475;409870;470591;420650;496425;532744;546540;556601;566512;570350;578039
;;;;;;;;;;;;;;;;;;;;;;;;;;;;;;;;;;;;;;;;;;;;;;;;;;;;;;;;;;;;;
                    Southern (17) ;-;-;-;-;-;-;-;-;-;-;-;-;-;-;-;-;-;-;-;-;-;-;-;-;-;-;-;-;-;-;-;-;-;-;-;-;-;-;-;-;-;-;-;33882;36157;37584;38959;42467;72799;98740;104575;110092;137379;142761;154228;167878;173050;177704;181556;184658;193581
;;;;;;;;;;;;;;;;;;;;;;;;;;;;;;;;;;;;;;;;;;;;;;;;;;;;;;;;;;;;;
                    Total (17) ;-;-;-;-;-;-;-;-;-;-;-;-;-;-;-;-;-;-;-;-;-;-;-;-;-;-;-;-;-;-;-;-;-;-;-;-;-;-;-;-;-;-;-;609423;641092;679641;709751;756919;830107;1035177;1097812;1154871;1329778;1322407;1472298;1575974;1615015;1642622;1667204;1681901;1710368
;;;;;;;;;;;;;;;;;;;;;;;;;;;;;;;;;;;;;;;;;;;;;;;;;;;;;;;;;;;;;
          Agricultural ;-;-;-;-;-;-;-;-;-;-;-;-;-;-;-;-;-;-;-;-;-;-;-;-;-;-;-;-;-;-;-;-;-;-;-;-;-;-;-;-;-;-;-;-;-;-;-;-;-;-;-;-;-;-;-;-;-;-;-;-;-
;;;;;;;;;;;;;;;;;;;;;;;;;;;;;;;;;;;;;;;;;;;;;;;;;;;;;;;;;;;;;
                    Central (17) ;-;-;-;-;-;-;-;-;-;-;-;-;-;-;-;-;-;-;-;-;-;-;-;-;-;-;-;-;-;-;-;-;-;-;-;-;-;-;-;-;-;-;-;30538;31529;32379;32713;33132;33476;34074;35887;38132;39501;42227;44392;46243;47913;49089;50386;51364;52916
;;;;;;;;;;;;;;;;;;;;;;;;;;;;;;;;;;;;;;;;;;;;;;;;;;;;;;;;;;;;;
                    Eastern (17) ;-;-;-;-;-;-;-;-;-;-;-;-;-;-;-;-;-;-;-;-;-;-;-;-;-;-;-;-;-;-;-;-;-;-;-;-;-;-;-;-;-;-;-;13997;15213;16228;17208;18130;19093;20268;21605;22513;23522;24510;25547;26634;25236;25729;26192;26799;27537
;;;;;;;;;;;;;;;;;;;;;;;;;;;;;;;;;;;;;;;;;;;;;;;;;;;;;;;;;;;;;
                    Western (17) ;-;-;-;-;-;-;-;-;-;-;-;-;-;-;-;-;-;-;-;-;-;-;-;-;-;-;-;-;-;-;-;-;-;-;-;-;-;-;-;-;-;-;-;5643;6133;6132;6131;6357;6784;7167;7833;9366;10648;13675;15539;17243;18223;19201;19985;20688;21563
;;;;;;;;;;;;;;;;;;;;;;;;;;;;;;;;;;;;;;;;;;;;;;;;;;;;;;;;;;;;;
                    Southern (17) ;-;-;-;-;-;-;-;-;-;-;-;-;-;-;-;-;-;-;-;-;-;-;-;-;-;-;-;-;-;-;-;-;-;-;-;-;-;-;-;-;-;-;-;1609;1678;1683;1818;1884;1981;2018;2128;2011;2244;2337;2602;2860;2810;3058;3314;3547;3919
;;;;;;;;;;;;;;;;;;;;;;;;;;;;;;;;;;;;;;;;;;;;;;;;;;;;;;;;;;;;;
                    Total (17) ;-;-;-;-;-;-;-;-;-;-;-;-;-;-;-;-;-;-;-;-;-;-;-;-;-;-;-;-;-;-;-;-;-;-;-;-;-;-;-;-;-;-;-;51787;54553;56422;57870;59503;61334;63527;67453;72022;75915;82749;88080;92980;94182;97077;99877;102398;105935
;;;;;;;;;;;;;;;;;;;;;;;;;;;;;;;;;;;;;;;;;;;;;;;;;;;;;;;;;;;;;
          *Others;-;-;-;-;-;-;-;-;-;-;-;-;-;-;-;-;-;-;-;-;-;-;-;-;-;-;-;-;-;-;-;-;-;-;-;-;-;-;-;-;-;-;-;-;-;-;-;-;-;-;-;-;-;-;-;-;-;-;-;-;-
;;;;;;;;;;;;;;;;;;;;;;;;;;;;;;;;;;;;;;;;;;;;;;;;;;;;;;;;;;;;;
                    Central (17) ;-;-;-;-;-;-;-;-;-;-;-;-;-;-;-;-;-;-;-;-;-;-;-;-;-;-;-;-;-;-;-;-;-;-;-;-;-;-;-;-;-;-;-;25525;27199;28705;30054;31573;33283;35231;37460;39413;42144;44279;46484;48481;50217;51203;51916;52531;53296
;;;;;;;;;;;;;;;;;;;;;;;;;;;;;;;;;;;;;;;;;;;;;;;;;;;;;;;;;;;;;
                    East (17) ;-;-;-;-;-;-;-;-;-;-;-;-;-;-;-;-;-;-;-;-;-;-;-;-;-;-;-;-;-;-;-;-;-;-;-;-;-;-;-;-;-;-;-;8666;8934;9214;9541;9948;10197;10535;10752;11151;11795;13001;13383;13951;14311;14684;15002;15236;15639
;;;;;;;;;;;;;;;;;;;;;;;;;;;;;;;;;;;;;;;;;;;;;;;;;;;;;;;;;;;;;
                    West (17) ;-;-;-;-;-;-;-;-;-;-;-;-;-;-;-;-;-;-;-;-;-;-;-;-;-;-;-;-;-;-;-;-;-;-;-;-;-;-;-;-;-;-;-;19710;20444;22177;23538;25602;26404;27899;29577;31150;34518;35641;35205;37110;38294;39563;40283;40935;41634
;;;;;;;;;;;;;;;;;;;;;;;;;;;;;;;;;;;;;;;;;;;;;;;;;;;;;;;;;;;;;
                    South (17) ;-;-;-;-;-;-;-;-;-;-;-;-;-;-;-;-;-;-;-;-;-;-;-;-;-;-;-;-;-;-;-;-;-;-;-;-;-;-;-;-;-;-;-;12627;13223;13993;15460;16622;17526;20002;20469;21440;23610;24966;26361;28014;29400;31089;32209;32911;33851
;;;;;;;;;;;;;;;;;;;;;;;;;;;;;;;;;;;;;;;;;;;;;;;;;;;;;;;;;;;;;
                    Total (17) ;-;-;-;-;-;-;-;-;-;-;-;-;-;-;-;-;-;-;-;-;-;-;-;-;-;-;-;-;-;-;-;-;-;-;-;-;-;-;-;-;-;-;-;66528;69800;74089;78593;83745;87410;93667;98258;103154;112067;117887;121433;127556;132222;136539;139410;141613;144420
;;;;;;;;;;;;;;;;;;;;;;;;;;;;;;;;;;;;;;;;;;;;;;;;;;;;;;;;;;;;;
          Total;-;-;-;-;-;-;-;-;-;-;-;-;-;-;-;-;-;-;-;-;-;-;-;-;-;-;-;-;-;-;-;-;-;-;-;-;-;-;-;-;-;-;-;-;-;-;-;-;-;-;-;-;-;-;-;-;-;-;-;-;-
;;;;;;;;;;;;;;;;;;;;;;;;;;;;;;;;;;;;;;;;;;;;;;;;;;;;;;;;;;;;;
                    Central (17) ;-;-;-;-;-;-;-;-;-;-;-;-;-;-;-;-;-;-;-;-;-;-;-;-;-;-;-;-;-;-;-;-;-;-;-;-;-;-;-;-;-;-;-;1498370;1560735;1628357;1702487;1793017;1893510;2009211;2145096;2297006;2473073;2644736;2795226;2918041;3026781;3122954;3232193;3339650;3452290
;;;;;;;;;;;;;;;;;;;;;;;;;;;;;;;;;;;;;;;;;;;;;;;;;;;;;;;;;;;;;
                    Eastern (17) ;-;-;-;-;-;-;-;-;-;-;-;-;-;-;-;-;-;-;-;-;-;-;-;-;-;-;-;-;-;-;-;-;-;-;-;-;-;-;-;-;-;-;-;805488;844821;885785;930784;985377;1043249;1114563;1190022;1272524;1356323;1455418;1543995;1622515;1681458;1733854;1799641;1867592;1936257
;;;;;;;;;;;;;;;;;;;;;;;;;;;;;;;;;;;;;;;;;;;;;;;;;;;;;;;;;;;;;
                    Western (17) ;-;-;-;-;-;-;-;-;-;-;-;-;-;-;-;-;-;-;-;-;-;-;-;-;-;-;-;-;-;-;-;-;-;-;-;-;-;-;-;-;-;-;-;1827747;1919760;2005859;2083399;2168346;2259135;2365593;2482955;2597494;2724479;2874875;3045577;3212644;3340310;3463863;3574523;3689603;3822048
;;;;;;;;;;;;;;;;;;;;;;;;;;;;;;;;;;;;;;;;;;;;;;;;;;;;;;;;;;;;;
                    Southern (17) ;-;-;-;-;-;-;-;-;-;-;-;-;-;-;-;-;-;-;-;-;-;-;-;-;-;-;-;-;-;-;-;-;-;-;-;-;-;-;-;-;-;-;-;595766;630590;662538;704140;754776;801659;851658;912926;975792;1048404;1119219;1203944;1296512;1365938;1438077;1516538;1604582;1697722
;;;;;;;;;;;;;;;;;;;;;;;;;;;;;;;;;;;;;;;;;;;;;;;;;;;;;;;;;;;;;
                    Total (17) ;-;-;-;-;-;-;-;-;-;-;-;-;-;-;-;-;-;-;-;-;-;-;-;-;-;-;-;-;-;-;-;-;-;-;-;-;-;-;-;-;-;-;-;4727371;4955906;5182539;5420810;5701516;5997553;6341025;6730999;7142816;7602279;8094248;8588742;9049712;9414487;9758748;10122895;10501427;10908317
;;;;;;;;;;;;;;;;;;;;;;;;;;;;;;;;;;;;;;;;;;;;;;;;;;;;;;;;;;;;;
Electric Power Generation Capacity and Number of Subscribers (Annual);-;-;-;-;-;-;-;-;-;-;-;-;-;-;-;-;-;-;-;-;-;-;-;-;-;-;-;-;-;-;-;-;-;-;-;-;-;-;-;-;-;-;-;-;-;-;-;-;-;-;-;-;-;-;-;-;-;-;-;-;-
;;;;;;;;;;;;;;;;;;;;;;;;;;;;;;;;;;;;;;;;;;;;;;;;;;;;;;;;;;;;;
          Power Generation Capacity (MW)* (18) ;-;-;-;-;-;-;-;-;344;418;512;657;938;1141;1749;2368;3213;4129;5913;7355;8953;10720;11857;13939;14763;14910;15212;16471;16459;16849;17051;17627;17544;17494;18805;19351;20266;20647;22060;23230;25457;27018;27423;28640;30308;32603;34470;37913;39973;41924;43083;45908;48623,82;50171;54671;56588,17;53534;53199,53;53250,69;54870,62;54532,98
;;;;;;;;;;;;;;;;;;;;;;;;;;;;;;;;;;;;;;;;;;;;;;;;;;;;;;;;;;;;;
          Peak Load (MW) (18) ;-;-;-;-;-;-;-;-;300;345;438;577;722;848;1140;1633;2161;2955;3986;5227;6309;7708;8503;9424;10252;10690;11202;11573;12173;12889;14389;15674;17387;16907;17706;17995;19326;20236;21673;23582;23938;26272;27847;29913;31240;34953;38000;41200;45661;48367;51939;53864;56547,4;62260,1;60828;62121;61743;62076;62266;64161;65302
;;;;;;;;;;;;;;;;;;;;;;;;;;;;;;;;;;;;;;;;;;;;;;;;;;;;;;;;;;;;;
          Number of Subscribers (In thousands) (18) ;-;-;-;-;-;-;-;-;216;233;248;265;304;346;400;465;583;725;872;1054;1212;1393;1586;1762;1902;2043;2154;2259;2367;2461;2588;2687;2815;2926;3036;3151;3257;3372;3622;3792;4029;4247;4492;4727;4955,9;5183;5421;5702;5997,553;6341;6730,999;7143;7602;8094,248;8588,742;9049,712;9414,487;9758,748;10123;10501;10908,317
;;;;;;;;;;;;;;;;;;;;;;;;;;;;;;;;;;;;;;;;;;;;;;;;;;;;;;;;;;;;;
          Power Sold (Thousands MWh) (18) ;-;-;-;-;-;-;-;-;1690;1902;2202;2678;3400;3826;5298;6353;8465;13456;17452;21173;27144;31152;36111;40320;45796;48906;51531;55201;58972;63632;67437;74113;82198;85908;89641;92228;97050;105612;114161;122944;128629;142194;144385;153284;163151;169780;181098;193472;212262,583;219661,26;240288,07;256688;271585,215662001;286037;287692,346;288656,845;289929,15;279677,53;280810,55136489;292201,759010398;298701,592347389
