SITC Section,2015,2016,2017,2018,2019,2020,2021,2022,2023,2024
Food and live animals,"12,586.8","12,625.5","12,795.3","12,362.4","12,394.3","12,072.8","13,273.6","15,294.2","16,808.6","10,491.5"
Beverages and tobacco,861.0,700.5,594.3,563.9,560.1,693.4,758.6,804.0,905.1,748.8
"Crude materials, inedible, except fuels","4,211.2","4,449.6","6,190.3","8,478.5","6,849.6","6,774.0","11,401.7","18,299.4","13,727.2","8,741.0"
"Mineral fuels, lubricants and related materials","573,548.6","510,744.2","638,419.1","868,457.9","751,831.2","447,738.3","758,218.1","1,226,284.3","927,679.5","513,915.2"
"Animal and vegetable oils, fats and waxes",917.6,980.9,831.9,803.7,836.0,851.1,"1,436.0","1,889.3","1,453.5",789.3
"Chemicals and related products, nes","114,903.5","104,984.1","116,586.0","152,334.0","139,264.9","117,983.2","171,477.1","197,994.9","144,141.5","81,700.0"
Manufactured goods classified chiefly by material,"20,507.7","18,791.7","20,059.1","25,499.7","22,649.5","21,703.8","27,087.9","28,383.2","26,369.5","13,926.8"
Machinery and transport equipment,"28,029.3","26,094.7","27,980.6","27,158.2","34,515.3","30,413.6","38,379.1","40,823.9","50,782.5","44,482.0"
Miscellaneous manufactured articles,"6,379.0","5,638.4","5,954.1","5,922.6","8,525.8","5,391.2","9,099.8","8,181.1","12,388.7","6,305.9"
Commodities and transactions not classified elsewhere in the SITC,"1,368.5","3,413.4","2,470.6","2,319.5","3,585.7","8,330.5","4,539.8","3,986.6","5,799.4","3,788.7"
Grand Total,"763,313.1","688,423.0","831,881.3","1,103,900.5","981,012.4","651,952.0","1,035,671.6","1,541,940.9","1,200,055.5","684,889.1"
