,Saudi Proven Crude Oil and Natural Gas Reserves,Crude Oil (Billion Barrels),Saudi ARAMCO (1),Others (1),Total (1),Natural Gas (Billion Standard Cubic Feet),Saudi ARAMCO (1),Others (1),Total (1),Saudi Crude Oil Production,Total (2),Percentage Change (2),Daily Average (2),Production of Refined Products,Fuel Oil (3),Diesel (3),Gasoline* (3),Naphtha (3),LPG (3),Kerosene Aviation Fuels (3),Asphalt & Others ** (3),COKE (3),Fuel Gas (3),Total (3),"Domestic Consumption of Refined Products, Crude Oil and Natural Gas by Sectors",Consumption of LPG,Public (4),Oil Industry (4),Total (4),Consumption of Natural Gas,Public (4),Oil Industry (4),Total (4),Consumption of Other Refined Products,Public (4),Oil Industry (4),Total (4),Saudi Aramco Production of Natural Gas Liquids,Annual Production (5),Percentage Change (5),Average Daily Production (5),Spot Prices of Saudi Crude Oils,"Arabian Light,34 API (6)","Arabian Medium,31 API (6)","Arabian Heavy,27 API (6)",World Oil Production,OPEC (7),OECD (7),Major non-OPEC Producers,FSU (7),U.S.A. (7),Mexico (7),China (7),Canada (7),UK (7),Norway (7),Total Non  - OPEC (7),Total World (7),Nominal and Real Oil Prices ( Base Year 2005 ),NOMINAL OIL PRICE,Arabian Light (8),North Sea (Brent) (8),OPEC BASKET (8),*REAL OIL PRICE,Arabian Light (8),North Sea (Brent) (8),OPEC BASKET (8),Average World Demand for Oil,North America                     (9),Western Europe                     (9),Pacific countries                    (9),OECD Countries (9),Non-OECD Countries,Former USSR                          (9),China                                        (9),Eastern Europe Countries       (9),South American Countries      (9),Other Asian Countries              (9),Middle Eastern Countries        (9),African Countries                      (9),Total Non-OECD (9),Total World Demand (9),Mineral Ores Extracted in The Kingdom,Limestone  (10),Mud (10),Salt (10),Silica sand  (10),Crushers materials (pebbles )  (10),Sand  (10),Iron sands (10),Gypsum  (10),Marble for industrial purposes  (10),Marble masses  (10),Granite masses  (10),Limestone masses  (10),Kaolin (10),Barite  (10),Feldspar  (10),Basalt  (10),Boslan  (10),Dolomite  (10),Shiest  (10),Berofilit (10),Low Percentage Bauxite (10),Bauxite (10),Phosphate Diammonium (10),Some Metais Production in Kingdom of Saudi Arabia,Gold  (kg) (11),Silver (kg) (11),Copper (tons) (11),Zinc (tons) (11),Lead (tons) (11),Saudi Exports Of Refined Products By Destination,North America (12),South America (12),Western Europe (12),Middle East (12),Africa (12),Asia and Far East (12),Oceania (12),Total (12),Saudi Exports of Crude Oil by Destination,North America (13),South America (13),Western Europe (13),Middle East (13),Africa (13),Asia and Far East (13),Oceania (13),Total (13),"Domestic Consumption of Refined Products, Crude Oil and Natural Gas",Public Consumption,Liquefied petroleum gas (14),Premium gasoline (14),Jet fuel and Kerosene (14),Diesel (14),Fuel oil (14),Crude oil (14),Asphalt (14),Lubricating oil (14),Natural gas (14),Naphtha (14),REFORMATE (14),Oil Industry Consumption,Liquefied petroleum gas (14),Fuel oil (14),Diesel (14),Fuel gas (14),Crude oil (14),Natural gas (14),Others (14),Saudi  Domestic Consumption Natural Gas And Natural Gas Liquids,Natural Gas**,Public Consumption (15),Oil Industry Consumption (15),Total (15),Propane* (15),Butane* (15),Natural Gasoline* (15),Energy sold in Saudi Electricity Company by type of consumption,Residential,Central (16),Eastern (16),Western (16),Southern (16),Total (16),Industrial,Central (16),Eastern (16),Western (16),Southern (16),Total (16),Governmental,Central (16),Eastern (16),Western (16),Southern (16),Total (16),Commercial,Central (16),Eastern (16),Western (16),Southern (16),Total (16),Agricultural,Central (16),Eastern (16),Western (16),Southern (16),Total (16),Others,Central (16),Eastern (16),Western (16),Southern (16),Total (16),Total,Central (16),Eastern (16),Western (16),Southern (16),Total (16),Number of subscribers to the Saudi Electricity Company by type of consumption,Residential,Central (17),Eastern (17),Western (17),Southern (17),Total (17),Industrial,Central (17),Eastern (17),Western (17),Southern (17),Total (17),Governmental,Central (17),Eastern (17),Western (17),Southern (17),Total (17),Commercial,Central (17),Eastern (17),Western (17),Southern (17),Total (17),Agricultural,Central (17),Eastern (17),Western (17),Southern (17),Total (17),*Others,Central (17),East (17),West (17),South (17),Total (17),Total,Central (17),Eastern (17),Western (17),Southern (17),Total (17),Electric Power Generation Capacity and Number of Subscribers (Annual),Power Generation Capacity (MW)* (18),Peak Load (MW) (18),Number of Subscribers (In thousands) (18),Power Sold (Thousands MWh) (18)
1962,,,56.9,2.6,59.5,,,,12533.0,,599.76,,1.64317808219178,,57163.0,12310.0,9339.0,,1058.0,8200.0,6348.0,,,94418.0,,,,,,,,,,,,,,,1.06,,0.0029041095890411,,,,,,,,,,,,,,,,,,,,,,,,,,,,,,,,,,,,,,,,,,,,,,,,,,,,,,,,,,,,,,,,,,,,,,,,,,,2.03,,,,,81.59,,,,180.92,,,,,501.3,,,,,,,,,,,,,,,,,,,,,,,,,,,,,,,,,,,,,,,,,,,,,,,,,,,,,,,,,,,,,,,,,,,,,,,,,,,,,,,,,,,,,,,,,,,,,,,,,,,,,,,,,,,,,,,,,,,,,,,,
1963,,,57.8,3.3,61.1,,,,15099.0,,651.71,8.66179805255436,1.78550684931507,,56274.0,15174.0,11265.0,,2117.0,8291.0,6648.0,,,99769.0,,,,,,,,,,,,,,,2.12,100.0,0.00580821917808219,,,,,,,,,,,,,,,,,,,,,,,,,,,,,,,,,,,,,,,,,,,,,,,,,,,,,,,,,,,,,,,,,,,,,,,,,,,2.77,,,,,88.33,,,,199.74,,,,,544.83,,,,,,,,,,,,,,,,,,,,,,,,,,,,,,,,,,,,,,,,,,,,,,,,,,,,,,,,,,,,,,,,,,,,,,,,,,,,,,,,,,,,,,,,,,,,,,,,,,,,,,,,,,,,,,,,,,,,,,,,
1964,,,59.1,3.3,62.4,,,,18191.0,,694.13,6.50903009007073,1.89653005464481,,61641.0,13713.0,13936.0,,4127.0,7796.0,4737.0,,,105950.0,,,,,,,,,,,,,,,4.03,90.0943396226415,0.0110109289617486,,,,,,,,,,,,,,,,,,,,,,,,,,,,,,,,,,,,,,,,,,,,,,,,,,,,,,,,,,,,,,,,,,,,,,,,,,,1.68,,,,,95.76,,,,247.71,,,,,587.21,,,,,,,,,,,,,,,,,,,,,,,,,,,,,,,,,,,,,,,,,,,,,,,,,,,,,,,,,,,,,,,,,,,,,,,,,,,,,,,,,,,,,,,,,,,,,,,,,,,,,,,,,,,,,,,,,,,,,,,,
1965,,,63.7,3.3,67.0,,,,21916.0,,804.94,15.9638684396295,2.20531506849315,,67520.0,16533.0,17958.0,,4032.0,11766.0,2531.0,,,120340.0,,,,,,,,,,,,,,,5.06,25.5583126550868,0.0138630136986301,,,,,,,,,,,,,,,,,,,,,,,,,,,,,,,,,,,,,,,,,,,,,,,,,,,,,,,,,,,,,,,,,,,,,,,,,,,1.69,,,,,110.43,,,,301.09,,,,,678.83,,,,,,,,,,,,,,,,,,,,,,,,,,,,,,,,,,,,,,,,,,,,,,,,,,,,,,,,,,,,,,,,,,,,,,,,,,,,,,,,,,,,,,,,,,,,,,,,,,,,,,,,,,,,,,,,,,,,,,,,
1966,,,74.7,3.3,78.0,,,,26404.0,,948.57,17.843565980073,2.59882191780822,,69071.0,16038.0,18965.0,,5679.0,12197.0,1201.0,,,123151.0,,,,,,,,,,,,,,,5.68,12.2529644268775,0.0155616438356164,,,,,,,,,,,,,,,,,,,,,,,,,,,,,,,,,,,,,,,,,,,,,,,,,,,,,,,,,,,,,,,,,,,,,,,,,,,2.85,,,,,113.19,,,,404.54,,,,,829.31,,,,,,,,,,,,,,,,,,,,,,,,,,,,,,,,,,,,,,,,,,,,,,,,,,,,,,,,,,,,,,,,,,,,,,,,,,,,,,,,,,,,,,,,,,,,,,,,,,,,,,,,,,,,,,,,,,,,,,,,
1967,,,77.0,3.40000000000001,80.4,,,,34982.0,,1023.84,7.93510231190107,2.80504109589041,,74739.0,16322.0,22517.0,,6683.0,12323.0,1036.0,,,133620.0,,,,,,,,,,,,,,,7.44,30.9859154929578,0.0203835616438356,,,,,,,,,,,,,,,,,,,,,,,,,,,,,,,,,,,,,,,,,,,,,,,,,,,,,,,,,,,,,,,,,,,,,,,,,,,4.03,,,,,122.16,,,,425.15,,,,,888.57,,,,,,,,,,,,,,,,,,,,,,,,,,,,,,,,,,,,,,,,,,,,,,,,,,,,,,,,,,,,,,,,,,,,,,,,,,,,,,,,,,,,,,,,,,,,,,,,,,,,,,,,,,,,,,,,,,,,,,,,
1968,,,132.6,3.40000000000001,136.0,,,,42995.0,,1113.71,8.77773870917331,3.04292349726776,,88166.0,19050.0,26860.0,,10643.0,16372.0,2039.0,,,163130.0,,,,,,,,,,,,,,,14.08,89.247311827957,0.0384699453551913,,,,,,,,,,,,,,,,,,,,,,,,,,,,,,,,,,,,,,,,,,,,,,,,,,,,,,,,,,,,,,,,,,,,,,,,,1.12,1.76,2.25,2.39,6.21,58.99,4.55,77.27,,46.19,36.33,472.25,64.75,28.91,289.01,28.34,968.3,,,,,,,,,,,,,,,,,,,,,,,,,,,,,,,,,,,,,,,,,,,,,,,,,,,,,,,,,,,,,,,,,,,,,,,,,,,,,,,,,,,,,,,,,,,,,,,,,,,,,,,,,,,,,,,,,,,,,,,,
1969,,,133.3,3.39999999999998,136.7,,,,49985.0,,1173.89,5.40356107065574,3.21613698630137,,90753.0,19010.0,28329.0,,13259.0,17332.0,3793.0,,,172476.0,,,408.0,,408.0,,,,,,13818.0,,13818.0,,16.85,19.6732954545455,0.0461643835616438,,,,,,,,,,,,,,,,,,,,,,,,,,,,,,,,,,,,,,,,,,,,,,,,,,,,,,,,,,,,,,,,,,,,,,,,,0.87,3.64,1.28,1.98,4.32,63.63,4.38,80.1,,41.62,34.44,496.04,67.66,45.43,306.59,28.27,1020.05,,,,,,,,,,,,,,,,,,,,,,,,,,,,,,,,,,,,,,,,,,,,,,,,,,,,,,,,,,,,,,,,,,,,,,,,,,,,,,,,,,,,,,,,,,,,,,,,,,,,,,,,,,,,,,,,,,,,,,,,
1970,,,135.0,3.69999999999999,138.7,,,,49491.0,,1386.67,18.1260595115386,3.79909589041096,,126763.0,21629.0,37580.0,,17017.0,20646.0,1662.0,,,225297.0,,,489.0,,489.0,,,10621.0,10621.0,,15023.0,1103.0,16126.0,,19.02,12.8783382789317,0.0521095890410959,,,,,,,,,,,,,,,,,,,,1.3,2.23,1.67,,9.06568,15.551128,11.67,,,,,,,,,,,,,,,,,,,,,,,,,,,,,,,,,,,,,,,,,,,,,,,0.08,6.4,6.71,1.67,7.58,96.2,8.03,126.67,,20.82,50.59,608.09,69.84,50.64,347.45,26.74,1174.17,,,,,,,,,,,,,,,,,,,,,,,,,,,,,,,,,,,,,,,,,,,,,,,,,,,,,,,,,,,,,,,,,,,,,,,,,,,,,,,,,,,,,,,,,,,,,,,,,,,,,,,,,,,,,,,,,,,,,344.0,300.0,216.0,1690.0
1971,,,134.72,3.53999999999999,138.26,,,,53487.0,,1740.68,25.5295059386876,4.76898630136986,,124401.0,22905.0,34373.0,,17895.0,18505.0,1099.0,,,219178.0,,,594.0,,594.0,,,8863.0,8863.0,,16598.0,544.0,17142.0,,19.0,-0.105152471083068,0.0520547945205479,,,,,,,,,,,,,,,,,,,,1.65,3.21,2.03,,10.61742,20.655708,13.07,,,,,,,,,,,,,,,,,,,,,,,,,,,,,,,,,,,,,,,,,,,,,,,2.92,7.46,9.12,2.23,6.48,74.75,4.41,107.37,,70.3,91.29,814.52,75.07,67.43,389.01,20.57,1528.19,,,,,,,,,,,,,,,,,,,,,,,,,,,,,,,,,,,,,,,,,,,,,,,,,,,,,,,,,,,,,,,,,,,,,,,,,,,,,,,,,,,,,,,,,,,,,,,,,,,,,,,,,,,,,,,,,,,,,418.0,345.0,233.0,1902.0
1972,,,133.83,3.23999999999998,137.07,,,,53734.0,,2201.96,26.4999885102374,6.01628415300546,,122589.0,23458.0,38238.0,,15855.0,21281.0,1142.0,,,222563.0,,,745.0,,745.0,,,10045.0,10045.0,,19294.0,732.0,20026.0,,19.79,4.1578947368421,0.0540710382513661,,,,,,,,,,,,,,,,,,,,1.9,3.61,2.29,,10.66375,20.261125,12.88,,,,,,,,,,,,,,,,,,,,,,,,,,,,,,,,,,,,,,,,,,,,,,,5.83,5.32,7.18,2.14,7.87,78.49,10.09,116.92,,90.31,115.15,1130.36,71.31,57.3,518.69,9.41,1992.53,,,,,,,,,,,,,,,,,,,,,,,,,,,,,,,,,,,,,,,,,,,,,,,,,,,,,,,,,,,,,,,,,,,,,,,,,,,,,,,,,,,,,,,,,,,,,,,,,,,,,,,,,,,,,,,,,,,,,512.0,438.0,248.0,2202.0
1973,,,133.68,3.15000000000001,136.83,,,,54892.0,,2772.61,25.9155479663572,7.59619178082192,,113993.0,27247.0,48063.0,,25672.0,18715.0,1482.0,,,235172.0,,,896.0,,896.0,,,11824.0,11824.0,,24003.0,1152.0,25155.0,,35.45,79.1308741788782,0.0971232876712329,,,,,,,,,,,,,,,,,,,,2.7,4.25,3.05,,12.61953,19.864075,14.26,,,,,,,,,,,,,,,,,,,,,,,,,,,,,,,,,,,,,,,,,,,,,,,7.87,9.04,19.83,1.49,7.39,69.77,5.66,121.05,,137.14,247.29,1332.9,77.1,80.77,670.94,14.2,2560.34,,,,,,,,,,,,,,,,,,,,,,,,,,,,,,,,,,,,,,,,,,,,,,,,,,,,,,,,,,,,,,,,,,,,,,,,,,,,,,,,,,,,,,,,,,,,,,,,,,,,,,,,,,,,,,,,,,,,,657.0,577.0,265.0,2678.0
1974,,,136.85,4.19,141.04,,,,58739.0,,3095.09,11.6309181601451,8.47969863013699,,106352.0,28110.0,47500.0,,37966.0,15258.0,1987.0,,,237173.0,,,1050.0,,1050.0,,,14962.0,14962.0,,30972.0,2530.0,33502.0,,50.24,41.7207334273625,0.137643835616438,,,,,,,,,,,,,,,,,,,,9.76,12.93,10.73,,41.186224,54.563307,45.26,,,,,,,,,,,,,,,,,,,,,,,,,,,,,,,,,,,,,,,,,,,,,,,8.24,4.49,19.22,1.66,4.03,75.15,4.57,117.36,,139.8,342.02,1526.68,79.4,36.85,743.95,22.98,2891.68,,,,,,,,,,,,,,,,,,,,,,,,,,,,,,,,,,,,,,,,,,,,,,,,,,,,,,,,,,,,,,,,,,,,,,,,,,,,,,,,,,,,,,,,,,,,,,,,,,,,,,,,,,,,,,,,,,,,,938.0,722.0,304.0,3400.0
1975,,,141.25,3.33000000000001,144.58,,,,71412.0,,2582.53,-16.5604231217832,7.07542465753425,,86977.0,24941.0,44301.0,,39780.0,12371.0,2465.0,,,210835.0,,,1230.0,,1230.0,,,17805.0,17805.0,,41568.0,3443.0,45011.0,,51.62,2.74681528662419,0.141424657534247,,,,,,,,,,,,,,,,,,,,10.72,11.5,10.73,,39.85696,42.757,39.9,,,,,,,,,,,,,,,,,,,,,,,,,,,,,,,,,,,,,,,,,,,,,,,8.91,10.35,12.71,0.86,3.51,75.95,8.42,120.71,,117.0,344.88,1113.12,66.97,40.2,699.69,27.53,2409.39,,,,,,,,,,,,,,,,,,,,,,,,,,,,,,,,,,,,,,,,,,,,,,,,,,,,,,,,,,,,,,,,,,,,,,,,,,,,,,,,,,,,,,,,,,,,,,,,,,,,,,,,,,,,,,,,,,,,,1141.0,848.0,346.0,3826.0
1976,,,147.85,3.56,151.41,,,,70106.0,,3139.28,21.5583168443348,8.57726775956284,,104528.0,26914.0,61036.0,,47021.0,12881.0,5081.0,,,257461.0,,,1399.0,129.0,1528.0,,,19220.0,19220.0,,56445.0,4205.0,60650.0,,67.63,31.0151104223169,0.184781420765027,,,,,,,,,,,,,,,,,,,,11.51,13.14,11.51,,41.606348,47.498472,41.61,,,,,,,,,,,,,,,,,,,,,,,,,,,,,,,,,,,,,,,,,,,,,,,8.24,8.5,13.47,1.7,4.36,100.77,5.7,142.74,,171.15,490.96,1268.86,83.18,31.74,860.6,33.15,2939.64,,,,,,,,,,,,,,,,,,,,,,,,,,,,,,,,,,,,,,,,,,,,,,,,,,,,,,,,,,,,,,,,,,,,,,,,,,,,,,,,,,,,,,,,,,,,,,,,,,,,,,,,,,,,,,,,,,,,,1749.0,1140.0,400.0,5298.0
1977,,,165.68,3.79999999999998,169.48,,,,87473.0,,3357.96,6.96592849315766,9.1998904109589,,98279.0,32116.0,61592.0,,57571.0,10623.0,6793.0,,,266974.0,,,1749.0,,1749.0,,6198.0,20851.0,27049.0,,61392.0,2227.0,63619.0,,80.1,18.4385627680024,0.219452054794521,,,,,,,,,,,,,,,,,,,,12.4,14.31,12.39,,40.12888,46.310022,40.11,,,,,,,,,,,,,,,,,,,,,,,,,,,,,,,,,,,,,,,,,,,,,,,2.63,6.11,12.26,1.85,2.21,96.2,3.34,124.6,,359.68,369.21,1296.05,114.34,21.19,938.37,43.21,3142.05,,,,,,,,,,,,,,,,,,,,,,,,,,,,,,,,,,,,,,,,,,,,,,,,,,,,,,,,,,,,,,,,,,,,,,,,,,,,,,,,,,,,,,,,,,,,,,,,,,,,,,,,,,,,,,,,,,,,,2368.0,1633.0,465.0,6353.0
1978,,,163.35,3.71000000000001,167.06,,,,96369.0,,3029.9,-9.76962203242445,8.30109589041096,,95423.0,37491.0,68001.0,,65326.0,10056.0,7263.0,,,283560.0,,,2263.0,,2263.0,,13183.0,24116.0,37299.0,,78368.0,4943.0,83311.0,,92.38,15.330836454432,0.253095890410959,,,,,,,,,,,,,,,,,,,,12.7,14.26,12.7,,34.34207,38.560466,34.35,,,,,,,,,,,,,,,,,,,,,,,,,,,,,,,,,,,,,,,,,,,,,,,1.71,3.69,15.91,1.0,2.97,102.51,2.7,130.49,,509.2,139.04,1092.28,94.87,13.83,928.6,34.88,2812.7,,,,,,,,,,,,,,,,,,,,,,,,,,,,,,,,,,,,,,,,,,,,,,,,,,,,,,,,,,,,,,,,,,,,,,,,,,,,,,,,,,,,,,,,,,,,,,,,,,,,,,,,,,,,,,,,,,,,,3213.0,2161.0,583.0,8465.0
1979,,,164.77,3.62,168.39,,65861.0,29837.0,95698.0,,3479.15,14.8272220205287,9.53191780821918,,97997.0,34991.0,72566.0,,79523.0,10161.0,9497.0,,,304735.0,,,2717.0,9.0,2726.0,,20322.0,25471.0,45793.0,,96525.0,6571.0,103096.0,,112.88,22.1909504221693,0.309260273972603,,,,,,,,,,,,,,,,,,,,17.26,32.11,17.25,,41.87276,77.89886,41.84,,,,,,,,,,,,,,,,,,,,,,,,,,,,,,,,,,,,,,,,,,,,,,,6.57,2.48,21.16,1.21,1.45,102.47,1.74,137.08,,641.74,116.38,1337.21,104.27,31.44,947.43,40.0,3218.47,,,,,,,,,,,,,,,,,,,,,,,,,,,,,,,,,,,,,,,,,,,,,,,,,,,,,,,,,,,,,,,,,,,,,,,,,,,,,,,,,,,,,,,,,,,,,,,,,,,,,,,,,,,,,,,,,,,,,4129.0,2955.0,725.0,13456.0
1980,,,164.22,3.24,167.46,,68800.0,43559.0,112359.0,,3623.8,4.15762470718423,9.90109289617486,,89003.0,44507.0,72316.0,,74865.0,12050.0,9753.0,,,302494.0,,,3328.0,52.0,3380.0,,31198.0,32691.0,63889.0,,177626.0,8921.0,186547.0,,135.14,19.7200566973777,0.369234972677596,,,,,,,,,,,,,,,,,,,,28.67,37.89,28.64,,62.853241,83.066247,62.79,,,,,,,,,,,,,,,,,,,,,,,,,,,,,,,,,,,,,,,,,,,,,,,4.53,2.31,36.93,1.88,0.39,100.34,2.51,148.89,,619.11,127.41,1432.3,98.66,43.43,1008.06,46.72,3375.69,,,,,,,,,,,,,,,,,,,,,,,,,,,,,,,,,,,,,,,,,,,,,,,,,,,,,,,,,,,,,,,,,,,,,,,,,,,,,,,,,,,,,,,,,,,,,,,,,,,,,,,,,,,,,,,,,,,,,5913.0,3986.0,872.0,17452.0
1981,,,161.9,2.92,164.82,,70800.0,47313.0,118113.0,,3579.89,-1.21171146310504,9.80791780821918,,85513.0,54152.0,71149.0,,69510.0,12210.0,11966.0,,,304500.0,,,3770.0,152.0,3922.0,,38658.0,35829.0,74487.0,,215092.0,6429.0,221521.0,,163.58,21.0448423856741,0.448164383561644,,,,,,,,,,,,,,,,,,,,34.23,36.68,32.51,,77.80479,83.37364,73.9,,,,,,,,,,,,,,,,,,,,,,,,,,,,,,,,,,,,,,,,,,,,,,,9.0,6.74,50.98,7.29,0.25,100.79,0.98,176.03,,508.28,142.81,1396.69,114.48,55.82,1024.16,49.3,3291.54,,,,,,,,,,,,,,,,,,,,,,,,,,,,,,,,,,,,,,,,,,,,,,,,,,,,,,,,,,,,,,,,,,,,,,,,,,,,,,,,,,,,,,,,,,,,,,,,,,,,,,,,,,,,,,,,,,,,,7355.0,5227.0,1054.0,21173.0
1982,,,165.46,2.86,168.32,,114000.0,7150.0,121150.0,,2366.41,-33.8971309174304,6.48331506849315,,93748.0,66975.0,66853.0,,57243.0,11814.0,14125.0,,,310758.0,,,4588.0,41.0,4629.0,,41392.0,37555.0,78947.0,,238118.0,6123.0,244241.0,,156.77,-4.16310062354811,0.429506849315068,,,,,,,,,,,,,,,,,,,,31.74,33.42,32.38,,74.576304,78.523632,76.09,,,,,,,,,,,,,,,,,,,,,,,,,,,,,,,,,,,,,,,,,,,,,,,7.53,11.92,33.89,9.93,,120.16,0.95,184.38,,171.05,93.93,727.72,76.95,37.59,913.46,37.7,2058.4,,,,,,,,,,,,,,,,,,,,,,,,,,,,,,,,,,,,,,,,,,,,,,,,,,,,,,,,,,,,,,,,,,,,,,,,,,,,,,,,,,,,,,,,,,,,,,,,,,,,,,,,,,,,,,,,,,,,,8953.0,6309.0,1212.0,27144.0
1983,,,166.22,2.8,169.02,,119000.0,6103.0,125103.0,,1656.88,-29.9833925651092,4.53939726027397,,100855.0,84411.0,75363.0,,41334.0,15211.0,16610.0,,,333784.0,,,4412.0,630.0,5042.0,,52234.0,24861.0,77095.0,,269135.0,7437.0,276572.0,,120.49,-23.1421828155897,0.330109589041096,,,,,,18.6,16.01,,12.36,10.3,2.93,2.13,1.7,2.4,0.66,39.49,58.09,,,28.77,29.83,29.04,,68.426568,70.947672,69.06,,,,,,,,,,,,,,,,,,,,,,,,,,,,,,,,,,,,,,,,,,,,,,,7.35,6.67,21.02,0.6,0.13,103.24,1.03,140.04,,128.06,67.64,364.53,67.83,25.96,753.49,23.57,1431.08,,,,,,,,,,,,,,,,,,,,,,,,,,,,,,,,,,,,,,,,,,,,,,,,,,,,,,,,,,,,,,,,,,,,,,,,,,,,,,,,,,,,,,,,,,,,,,,,,,,,,,,,,,,,,,,,,,,,,10720.0,7708.0,1393.0,31152.0
1984,,,166.3,5.41,171.71,,122700.0,4662.0,127362.0,,1492.9,-9.89691468301869,4.07896174863388,,97950.0,96143.0,75079.0,,51220.0,14110.0,14920.0,,,349422.0,,,3978.0,646.0,4624.0,,68218.0,25703.0,93921.0,,284578.0,12124.0,296702.0,,129.96,7.85957340858164,0.355081967213115,,,,,,18.79,16.74,,12.26,10.55,2.94,2.29,1.78,2.61,0.74,40.91,59.7,,,28.06,28.8,28.2,,69.36432,71.1936,69.72,,,,,,,,,,,,,,,,,,,,,,,,,,,,,,,,,,,,,,,,,,,,,,,6.4,7.66,32.48,11.38,1.14,112.66,1.92,173.64,,83.32,37.13,247.87,52.07,20.36,705.74,21.4,1167.89,,,,,,,,,,,,,,,,,,,,,,,,,,,,,,,,,,,,,,,,,,,,,,,,,,,,,,,,,,,,,,,,,,,,,,,,,,,,,,,,,,,,,,,,,,,,,,,,,,,,,,,,,,,,,,,,,,,,,11857.0,8503.0,1586.0,36111.0
1985,,,166.5,4.99,171.49,,126100.0,4051.0,130151.0,,1158.8,-22.379261839373,3.17479452054795,,122125.0,110553.0,89546.0,,51225.0,24158.0,17648.0,,,415255.0,,,3722.0,1053.0,4775.0,,84653.0,25323.0,109976.0,,272971.0,16335.0,289306.0,,115.45,-11.164973838104,0.316301369863014,,27.52,26.52,25.85,,17.57,17.13,,11.95,10.64,2.91,2.51,1.84,2.66,0.85,41.65,59.22,,,27.54,27.33,27.01,,67.161798,66.649671,65.86,,,,,,,,,,,,,,,,,,,,,,,,,,,,,,,,,,,,,,,,,,,,,,,12.21,1.79,26.95,19.71,7.06,122.52,4.99,195.23,,47.11,44.33,218.5,36.52,14.31,410.84,9.11,780.72,,,,,,,,,,,,,,,,,,,,,,,,,,,,,,,,,,,,,,,,,,,,,,,,,,,,,,,,,,,,,,,,,,,,,,,,,,,,,,,,,,,,,,,,,,,,,,,,,,,,,,,,,,,,,,,,,,,,,13939.0,9424.0,1762.0,40320.0
1986,,,167.0,2.75,169.75,,135800.0,6141.0,141941.0,,1746.2,50.690369347601,4.7841095890411,,138325.0,109290.0,109711.0,,55050.0,30708.0,53152.0,,,496236.0,,,4066.0,881.0,4947.0,,94563.0,26659.0,121222.0,,268879.0,14051.0,282930.0,,111.03,-3.82849718492854,0.304191780821918,,13.73,12.95,12.3,,19.89,16.87,,12.35,10.29,2.75,2.62,1.82,2.68,0.9,42.06,61.96,,,13.73,14.5,13.53,,26.21057,27.6805,25.83,,,,,,,,,,,,,,,,,,,,,,,,,,,,,,,,,,,,,,,,,,,,,,,27.29,3.77,44.82,16.62,6.78,154.66,8.65,262.59,,243.15,78.9,458.72,81.93,1.93,321.47,3.92,1190.02,,,,,,,,,,,,,,,,,,,,,,,,,,,,,,,,,,,,,,,,,,,,,,,,,,,,,,,,,,,,,,,,,,,,,,,,,,,,,,,,,,,,,,,,,,,,,,,,,,,,,,,,,,,,,,,,,,,,,14763.0,10252.0,1902.0,45796.0
1987,,,167.4,2.19,169.59,,141800.0,6107.0,147907.0,,1505.4,-13.7899438781354,4.12438356164384,,152577.0,149129.0,130102.0,,7949.0,47485.0,14442.0,,,501684.0,,,4214.0,1187.0,5401.0,,97005.0,27535.0,124540.0,,260187.0,20325.0,280512.0,,125.9,13.3927767270107,0.344931506849315,,17.23,16.57,16.1,,19.69,19.78,,12.54,10.01,2.88,2.69,1.91,2.62,1.05,42.72,62.42,,,17.23,18.34,17.73,,28.381256,30.209648,29.2,,,,,,,,,,,,,,,,,,,,,,,,,,,,,,,,,,,,,,,,,,,,,,,,,,,,,,248.11,,,,,,,,,973.12,,,,,,,,,,,,,,,,,,,,,,,,,,,,,,,,,,,,,,,,,,,,,,,,,,,,,,,,,,,,,,,,,,,,,,,,,,,,,,,,,,,,,,,,,,,,,,,,,,,,,,,,,,,,,,,,,,,,,14910.0,10690.0,2043.0,48906.0
1988,,,252.38,2.61,254.99,,177294.0,3442.0,180736.0,,1890.1,25.554669855188,5.16420765027322,,164282.0,161590.0,130539.0,,9559.0,46769.0,13084.0,,,525823.0,,,4566.0,1143.0,5709.0,,108696.0,31948.0,140644.0,,257196.0,23240.0,280436.0,,152.33,20.9928514694202,0.41620218579235,,13.4,12.84,12.17,,21.81,19.63,,12.51,9.82,2.88,2.74,2.0,2.42,1.2,42.94,64.76,,,13.4,14.97,14.24,,20.44974,22.845717,21.74,,,,,,,,,,,,,,,,,,,,,,,,,,,,,,,,,,,,,,,,,,,,,,,54.67,5.01,63.02,22.52,12.59,246.56,10.64,415.01,,359.42,67.96,356.7,78.99,13.51,346.72,22.19,1245.49,,,,,,,,,,,,,,,,,,,,,,,,,,,,,,,,,,,,,,,,,,,,,,,,,,,,,,,,,,,,,,,,,,,,,,,,,,,,,,,,,,,,,,,,,,,,,,,,,,,,,,,,,,,,,,,,,,,,,15212.0,11202.0,2154.0,51531.0
1989,,,257.5,2.55,260.05,,180355.0,3840.0,184195.0,,1848.5,-2.2009417491138,5.06438356164384,,148348.0,145670.0,124104.0,,7909.0,48132.0,13437.0,,,487600.0,,,4604.0,1420.0,6024.0,,122799.0,33217.0,156016.0,,233663.0,16324.0,249987.0,,153.65,0.866539749228644,0.420958904109589,,16.21,15.39,14.93,,23.79,18.89,,12.2,9.22,2.9,2.76,1.96,1.95,1.57,42.27,66.06,,,16.21,18.22,17.31,,25.201687,28.326634,26.91,,,,,,,,,,,,,,,,,,,,,,,,,,,,,,,,,,,,,,,,,,,,,,,30.32,4.84,48.27,25.32,11.34,259.13,12.21,391.43,,380.48,35.59,320.92,69.86,4.61,388.96,17.08,1217.5,,,,,,,,,,,,,,,,,,,,,,,,,,,,,,,,,,,,,,,,,,,,,,,,,,,,,,,,,,,,,,,,,,,,,,,,,,,,,,,,,,,,,,,,,,,,,,,,,,,,,,,,,,,,,,,,,,,,,16471.0,11573.0,2259.0,55201.0
1990,,,257.85,2.49,260.34,,180526.0,4022.0,184548.0,,2340.5,26.6161752772518,6.41232876712329,,183863.0,161660.0,139808.0,,7320.0,50552.0,18033.0,,,561236.0,,,6461.0,1722.0,8183.0,,128992.0,33705.0,162697.0,,289334.0,20681.0,310015.0,,194.63,26.6710055320534,0.533232876712329,,20.82,19.56,18.82,,25.06,18.97,,11.48,8.99,2.98,2.77,1.97,1.94,1.72,41.86,66.92,,,20.82,23.99,22.26,,28.402644,32.727158,30.36,,,,,,,,,,,,,,,,,,,,,,,,,,,,,,,,,,,,,,,,,,,,,,,50.61,6.43,80.67,34.64,18.73,274.67,10.87,476.62,,481.04,59.71,380.19,77.35,32.71,593.1,18.32,1642.42,,,,,,,,,,,,,,,,,,,,,,,,,,,,,,,,,,,,,,,,,,,,,,,,,,,,,,,,,,,,,,,,,,,,,,,,,,,,,,,,,,,,,,,,,,,,,,,,,,,,,,,,,,,,,,,,,,,,,16459.0,12173.0,2367.0,58972.0
1991,,,258.47,2.46,260.93,,180460.0,4014.0,184474.0,,2963.0,26.5968810083316,8.11780821917808,,161700.0,147439.0,128594.0,,8380.0,48642.0,22501.0,,,517256.0,,,6388.0,2328.0,8716.0,,131969.0,35019.0,166988.0,,298829.0,11059.0,309888.0,,214.16,10.0344242922468,0.586739726027397,,17.43,15.72,13.96,,25.33,19.53,,10.37,9.16,3.13,2.8,1.98,1.94,1.96,41.46,66.79,,,17.43,19.99,18.62,,23.497383,26.948519,25.1,,,,,,,,,,,,,,,,,,,,,,,,,,,,,,,,,,,,,,,,,,,,,,,36.37,8.02,67.82,48.39,16.08,255.13,15.72,447.53,,663.89,72.35,623.1,78.8,61.44,861.78,20.75,2382.11,,,,,,,,,,,,,,,,,,,,,,,,,,,,,,,,,,,,,,,,,,,,,,,,,,,,,,,,,,,,,,,,,,,,,,,,,,,,,,,,,,,,,,,,,,,,,,,,,,,,,,,,,,,,,,,,,,,,,16849.0,12889.0,2461.0,63632.0
1992,,,258.8,2.4,261.2,,181478.0,3993.0,185471.0,,3049.4,2.91596355045562,8.33169398907104,,171689.0,159256.0,132781.0,,11120.0,56174.0,10509.0,,,541529.0,,,7703.0,2627.0,10330.0,,151450.0,45263.0,196713.0,,286180.0,31142.0,317322.0,,227.67,6.30836757564437,0.622049180327869,,17.94,16.4,15.2,,26.48,19.76,,8.93,9.0,3.12,2.84,2.07,2.0,2.22,40.76,67.24,,,17.94,19.33,18.44,,22.643868,24.398326,23.27,,,,,,,,,,,,,,,,,,,,,,,,,,,,,,,,,,,,,,,,,,,,,,,46.02,18.2,65.05,45.08,18.92,264.53,13.47,471.27,,614.84,67.67,636.24,78.2,35.48,958.19,18.36,2408.98,,,,,,,,,,,,,,,,,,,,,,,,,,,,,,,,,,,,,,,,,,,,,,,,,,,,,,,,,,,,,,,,,,,,,,,,,,,,,,,,,,,,,,,,,,,,,,,,,,,,,,,,,,,,,,,,,,,,,17051.0,14389.0,2588.0,67437.0
1993,,,259.02,2.34,261.36,,181931.0,3974.0,185905.0,,2937.4,-3.67285367613301,8.04767123287671,,177596.0,161154.0,132849.0,,9925.0,57986.0,9299.0,,,548809.0,,,8409.0,2540.0,10949.0,,158550.0,47655.0,206205.0,,311645.0,28610.0,340255.0,,233.51,2.56511617692274,0.639753424657534,,15.68,14.19,13.03,,26.95,19.95,,7.95,8.82,3.14,2.91,2.18,2.14,2.38,40.51,67.45,,,15.68,17.0,16.33,,20.51728,22.2445,21.36,,,,,,,,,,,,,,,,,,,,,,,,,,,,,,,,,,,,,,,,,,,,,,,47.54,45.52,76.28,60.14,17.37,246.87,12.07,505.79,,487.75,61.51,628.37,74.69,33.96,986.4,24.24,2296.92,,,,,,,,,,,,,,,,,,,,,,,,,,,,,,,,,,,,,,,,,,,,,,,,,,,,,,,,,,,,,,,,,,,,,,,,,,,,,,,,,,,,,,,,,,,,,,,,,,,,,,,,,,,,,,,,,,,,,17627.0,15674.0,2687.0,74113.0
1994,,,259.03,2.35,261.38,,186085.0,3977.0,190062.0,,2937.9,0.0170218560631851,8.04904109589041,,156626.0,169889.0,138496.0,,8207.0,58417.0,19996.0,,,551631.0,,,8847.0,2310.0,11157.0,,166828.0,53083.0,219911.0,,329842.0,26825.0,356667.0,,251.09,7.52858549955035,0.687917808219178,,15.39,14.43,13.67,,27.36,20.84,,7.25,8.64,3.14,2.84,2.27,2.7,2.69,41.27,68.63,,,15.39,15.8,15.53,,19.306755,19.8211,19.48,,,,,,,,,,,,,,,,,,,,,,,,,,,,,,,,,,,,,,,,,,,,,,,36.65,35.1,64.22,56.63,18.41,281.42,3.96,496.39,,521.41,60.36,601.77,81.52,35.15,957.36,17.7,2275.27,,,,,,,,,,,,,,,,,,,,,,,,,,,,,,,,,,,,,,,,,,,,,,,,,,,,,,,,,,,,,,,,,,,,,,,,,,,,,,,,,,,,,,,,,,,,,,,,,,,,,,,,,,,,,,,,,,,,,17544.0,17387.0,2815.0,82198.0
1995,,,259.05,2.4,261.45,,191928.0,3989.0,195917.0,,2928.54,-0.318594914735019,8.02339726027397,,159052.0,166766.0,129204.0,,12733.0,57028.0,4428.0,,,529211.0,,,8853.0,2486.0,11339.0,,166233.0,68853.0,235086.0,,316731.0,25144.0,341875.0,,267.12,6.38416504042375,0.731835616438356,,16.73,16.1,15.59,,27.65,21.1,,7.14,8.61,3.07,2.99,2.4,2.79,2.91,42.53,70.18,,,16.73,17.01,16.86,,19.241173,19.563201,19.39,,,,,,,,,,,,,,,,,,,,,,,,,,,,,,,,,,,,,,,,,,,,,,,24.1,17.29,33.54,53.19,14.88,323.92,15.46,482.38,,504.02,53.3,598.37,80.54,34.96,1006.31,18.63,2296.13,,,,,,,,,,,,,,,,,,,,,,,,,,,,,,,,,,,,,,,,,,,,,,,,,,,,,,,,,,,,,,,,,,,,,,,,,,,,,,,,,,,,,,,,,,,,,,,,,,,,,,,,,,,,,,,,,,,,,17494.0,16907.0,2926.0,85908.0
1996,,,259.09,2.35,261.44,,197442.0,3437.0,200879.0,,2965.45,1.26035498917549,8.10232240437158,,181059.0,192509.0,142164.0,,15424.0,64058.0,5387.0,,,600601.0,,,9083.0,2474.0,11557.0,,172122.0,72781.0,244903.0,,337803.0,31215.0,369018.0,,276.75,3.60512129380054,0.756147540983607,,19.91,18.93,18.36,,28.41,21.72,,7.09,8.59,3.28,3.12,2.46,2.81,3.23,43.63,72.04,,,19.91,20.7,20.29,,23.073699,23.98923,23.52,,,,,,,,,,,,,,,,,,,,,,,,,,,,,,,,,,,,,,,,,,,,,,,35.58,26.73,30.01,60.51,19.8,350.95,22.49,546.07,,490.66,47.15,530.62,83.61,35.24,1031.49,17.24,2236.01,,,,,,,,,,,,,,,,,,,,,,,,,,,,,,,,,,,,,,,,,,,,,,,,,,,,,,,,,,,,,,,,,,,,,,,,,,,,,,,,,,,,,,,,,,,,,,,,,,,,,,,,,,,,,,,,,,,,,18805.0,17706.0,3036.0,89641.0
1997,,,259.15,2.39,261.54,,204038.0,3448.0,207486.0,,2924.28,-1.38832217707261,8.01172602739726,,165375.0,191948.0,138740.0,,14447.0,60844.0,6934.0,,,578288.0,,,9284.0,2462.0,11746.0,,180852.0,73494.0,254346.0,,340880.0,29822.0,370702.0,,280.12,1.21770551038844,0.767452054794521,,18.71,18.06,17.26,,29.9,22.07,,7.23,8.65,3.41,3.19,2.57,2.74,3.28,44.45,74.35,,,18.71,19.06,18.68,,23.037623,23.468578,22.99,,,,,,,,,,,,,,,,,,,,,,,,,,,,,,,,,,,,,,,,,,,,,,,27.29,25.54,29.95,67.68,29.73,311.23,17.0,508.42,,488.73,33.16,591.13,77.69,38.57,1010.81,17.24,2257.33,,,,,,,,,,,,,,,,,,,,,,,,,,,,,,,,,,,,,,,,,,,,,,,,,,,,,,,,,,,,,,,,,,,,,,,,,,,,,,,,,,,,,,,,,,,,,,,,,,,,,,,,,,,,,,,,,,,,,19351.0,17995.0,3151.0,92228.0
1998,,,259.2,2.34,261.54,,210832.0,3430.0,214262.0,,3022.27,3.35091030954627,8.28019178082192,,176460.0,193328.0,142606.0,,11929.0,53243.0,6533.0,,,584099.0,,,9959.0,2518.0,12477.0,,190404.0,71944.0,262348.0,,366313.0,32711.0,399024.0,,279.16,-0.342710267028409,0.764821917808219,,12.2,11.58,10.95,,30.79,21.88,,7.3,8.37,3.5,3.19,2.67,2.84,3.14,44.68,75.47,,,12.2,12.71,12.28,,15.08286,15.713373,15.18,,,,,,,,,,,,,,,,,,,,,,,,,,,,,,,,,,,,,,,,,,,,,,,16.81,31.75,34.8,50.36,41.84,309.51,14.59,499.66,,544.24,31.42,645.73,76.49,49.61,971.35,13.64,2332.48,,,,,,,,,,,,,,,,,,,,,,,,,,,,,,,,,,,,,,,,,,,,,,,,,,,,,,,,,,,,,,,,,,,,,,,,,,,,,,,,,,,,,,,,,,,,,,,,,,,,,,,,,,,,,,,,,,,,,20266.0,19326.0,3257.0,97050.0
1999,,,259.22,3.57,262.79,,213238.0,3789.0,217027.0,,2761.1,-8.64151779953479,7.56465753424658,,164032.0,188848.0,148853.0,,12533.0,60638.0,6625.0,,,581529.0,,,9775.0,1928.0,11703.0,,192364.0,69223.0,261587.0,,381272.0,30725.0,411997.0,,269.13,-3.59292162200889,0.737342465753425,,17.45,16.92,16.41,,29.43,21.43,,7.49,8.1,3.35,3.19,2.56,2.93,3.14,44.69,74.12,,,17.45,17.91,17.48,,21.597865,22.167207,21.63,,,,,,,,,,,,,,,,,,,,,,,,,,,,,,,,,,,,,,,,,,,,,,,10.43,16.44,22.83,33.75,33.2,335.66,14.77,467.08,,534.2,26.95,454.33,68.97,73.66,921.77,7.8,2087.68,,,,,,,,,,,,,,,,,,,,,,,,,,,,,,,,,,,,,,,,,,,,,,,,,,,,,,,,,,,,,,,,,,,,,,,,,,,,,,,,,,,,,,,,,,,,,,,,,,,,,,,,,,,,,,,,,,,,,20647.0,20236.0,3372.0,105612.0
2000,,,259.25,3.51,262.76,,218690.0,3803.0,222493.0,,2962.6,7.2978160877911,8.09453551912568,,163941.0,198178.0,155398.0,,9634.0,66920.0,8083.0,,,602154.0,,,10111.0,1800.0,11911.0,,205976.0,75284.0,281260.0,,389832.0,28701.0,418533.0,,285.01,5.90049418496637,0.778715846994535,,26.81,26.02,25.2,,30.8,21.93,,7.92,8.11,3.45,3.23,2.74,2.71,3.32,46.07,76.87,,,26.81,28.44,27.6,,35.643895,37.81098,36.69,,24.3,15.3,8.9,48.5,,3.7,4.7,0.6,4.8,7.7,4.8,2.5,28.8,77.3,,,,,,,,,,,,,,,,,,,,,,,,,,,,,,,,7.7,20.56,28.48,43.77,39.66,292.83,15.24,448.24,,577.17,22.47,483.8,60.44,79.45,1044.67,14.38,2282.38,,,,,,,,,,,,,,,,,,,,,,,,,,,,,,,,,,,,,,,,,,,,,,,,,,,,,,,,,,,,,,,,,,,,,,,,,,,,,,,,,,,,,,,,,,,,,,,,,,,,,,,,,,,,,,,,,,,,,22060.0,21673.0,3622.0,114161.0
2001,,,259.27,3.43,262.7,,224179.0,3767.0,227946.0,,2879.46,-2.80631877404982,7.88893150684931,,169527.0,193768.0,152232.0,,13225.0,60053.0,8650.0,,,597455.0,,,10523.0,1680.0,12203.0,,238404.0,66676.0,305080.0,,391329.0,29027.0,420356.0,,292.38,2.58587417985334,0.801041095890411,,23.06,22.6,21.9,,30.11,21.81,,8.56,8.07,3.56,3.3,2.73,2.53,3.41,46.67,76.78,,,23.06,24.46,23.12,,31.144836,33.035676,31.23,,24.3,15.5,8.8,48.6,,3.8,4.8,0.7,4.8,7.9,5.0,2.5,29.5,78.1,,,,,,,,,,,,,,,,,,,,,,,,,,,,,,,,5.76,13.55,29.52,44.93,37.02,252.25,12.1,395.13,,560.06,36.76,405.86,57.44,64.62,1067.98,10.38,2203.1,,,,,,,,,,,,,,,,,,,,,,,,,,,,,,,,,,,,,,,,,,,,,,,,,,,,,,,,,,,,,,,,,,,,,,,,,,,,,,,,,,,,,,,,,,,,,,,,,,,,,,,,,,,,,,,,,,,,,23230.0,23582.0,3792.0,122944.0
2002,,,259.4,3.39,262.79,,230623.0,4050.0,234673.0,,2588.98,-10.0880026116008,7.09309589041096,,157683.0,192723.0,153245.0,,10344.0,59702.0,9182.0,,,582879.0,,,10980.0,2110.0,13090.0,,254730.0,72278.0,327008.0,,397349.0,34994.0,432343.0,,316.94,8.40002736165264,0.868328767123288,,24.32,23.84,23.37,,28.55,21.88,,9.37,8.06,3.59,3.39,2.86,2.5,3.33,47.97,76.52,,,24.32,25.03,24.36,,31.265792,32.178568,31.32,,24.4,15.4,8.7,48.5,,3.7,5.1,0.7,4.7,8.1,5.1,2.6,30.0,78.5,,,,,,,,,,,,,,,,,,,,,,,,,,,,,,,,4.91,10.87,18.3,36.61,29.98,256.46,5.51,362.64,,488.8,22.08,343.12,49.46,68.36,942.89,14.18,1928.89,,,,,,,,,,,,,,,,,,,,,,,,,,,,,,,,,,,,,,,,,,,,,,,,,,,,,,,,,,,,,,,,,,,,,,,,,,,,,,,,,,,,,,,,,,,,,,,,,,,,,,,,,,,,,,,,,,,,,25457.0,23938.0,4029.0,128629.0
2003,,,259.43,3.3,262.73,,234470.0,4022.0,238492.0,,3069.74,18.5694752373522,8.41024657534247,,169376.0,215593.0,107480.0,64240.0,10148.0,65550.0,10236.0,,,642623.0,,,11252.0,2076.0,13328.0,,265824.0,73972.0,339796.0,,419672.0,34996.0,454668.0,,345.08,8.87865211080961,0.945424657534247,,27.69,27.03,26.51,,30.66,21.6,,10.31,7.82,3.79,3.41,3.0,2.28,3.26,49.01,79.67,,,27.69,28.81,28.1,,30.918654,32.169246,31.37,,24.8,15.5,8.9,49.2,,3.8,5.6,0.7,4.6,8.3,5.2,2.7,30.9,80.1,,,,,,,,,,,,,,,,,,,,,,,,,,8769.4,17402.13,627.0,1797.0,,,10.61,11.43,29.76,45.93,34.25,276.82,3.14,411.94,,596.92,23.84,434.86,72.69,96.34,1149.87,6.33,2380.85,,,,,,,,,,,,,,,,,,,,,,,,,,,,,,,,,,,,,,,,,,,,,,,,,,,,,,,,,,,,,,,,,,,,,,,,,,,,,,,,,,,,,,,,,,,,,,,,,,,,,,,,,,,,,,,,,,,,,27018.0,26272.0,4247.0,142194.0
2004,,,259.7,4.61,264.31,,237010.0,4313.0,241323.0,,3256.3,6.07738766149578,8.89699453551913,,172787.0,234888.0,116050.0,82520.0,13397.0,66981.0,11491.0,,,698114.0,,,11613.0,1300.0,12913.0,,310537.0,65603.0,376140.0,,437920.0,36889.0,474809.0,,387.3,12.2348440941231,1.05819672131148,,34.53,32.62,31.09,,32.97,21.25,,11.22,7.66,3.83,3.48,3.09,2.06,3.19,50.12,83.07,,,34.53,38.23,36.05,,35.141181,38.906671,36.68,,25.7,15.6,8.8,50.1,,3.9,6.5,0.7,4.9,8.9,5.6,2.8,33.3,83.4,,31000.0,4000.0,1430.0,592.0,156000.0,33000.0,495.0,2553.0,680.0,83.0,716.0,409.0,214.0,15.0,42.0,43.0,277.0,532.0,663.0,,,,,,8267.8,14494.34,652.0,,,,22.25,13.77,49.11,51.76,36.91,309.57,3.7,487.07,,558.38,22.32,459.56,95.45,88.74,1251.06,11.26,2486.77,,,,,,,,,,,,,,,,,,,,,,,,,,,,,,,,,,,,,,,,,,,,,,,,,,,,,,,,,,,,,,,,,,,,,,,,,,,,,,,,,,,,,,,,,,,,,,,,,,,,,,,,,,,,,,,,,,,,,27423.0,27847.0,4492.0,144385.0
2005,,,259.78,4.43,264.21,,239475.0,4173.0,243648.0,,3413.94,4.8410772963179,9.3532602739726,,177971.0,236371.0,114300.0,84570.0,12739.0,80908.0,13781.0,,,720640.0,,,12191.0,1044.0,13235.0,,336334.0,80563.0,416897.0,,456617.0,37179.0,493796.0,,400.38,3.37722695584818,1.09693150684932,,50.21,47.97,45.23,,34.2,20.33,,11.64,7.32,3.76,3.62,3.06,1.84,2.97,50.25,84.45,,,50.21,54.44,50.64,,50.21,54.37,50.64,,25.9,15.7,8.8,50.4,,3.9,6.8,0.8,5.1,8.9,6.0,2.9,34.4,84.8,,30000.0,4300.0,1700.0,518.0,190000.0,28000.0,443.0,2000.0,642.0,85.0,850.0,462.0,1.5,15.0,42.0,43.0,372.0,500.0,582.0,,,,,,7459.4,13501.2,668.0,,,,18.55,12.12,55.57,56.75,41.4,317.22,4.06,505.67,,530.93,23.79,440.67,112.87,86.02,1435.34,1.62,2631.24,,,12.19,108.79,20.5,164.51,86.28,58.79,15.76,1.99,336.33,,,,1.04,9.36,4.11,19.07,0.23,80.56,4.42,,,,,,,,,,,25109641.0,15229332.0,29787193.0,8177747.0,78303913.0,,3019440.0,28089814.0,2595075.0,96250.0,33800579.0,,6361952.0,4420527.0,4716438.0,1176250.0,16675167.0,,5095729.0,4214045.0,5397497.0,872702.0,15579973.0,,2326012.0,475056.0,310849.0,52342.0,3164259.0,,2186793.0,921272.0,2016908.0,634696.999999998,5759670.0,,44099567.0,53350046.0,44823960.0,11009988.0,153283561.0,,,1173525.0,623378.0,1567653.0,533360.0,3897916.0,,2091.0,1829.0,1965.0,269.0,6154.0,,31478.0,15052.0,35014.0,14019.0,95563.0,,235213.0,142566.0,197762.0,33882.0,609423.0,,30538.0,13997.0,5643.0,1609.0,51787.0,,25525.0,8666.0,19710.0,12627.0,66528.0,,1498370.0,805488.0,1827747.0,595766.0,4727371.0,,28640.0,29913.0,4727.0,153284.0
2006,,,259.92,4.33,264.25,,248452.0,4155.0,252607.0,,3360.9,-1.55363011652226,9.20794520547945,,181000.0,241785.0,102570.0,83850.0,14732.0,77334.0,14156.0,,,715427.0,,,11864.0,1274.0,13138.0,,345883.0,77022.0,422905.0,,488140.0,32132.0,520272.0,,399.03,-0.337179679304666,1.09323287671233,,61.1,59.56,56.8,,34.34,19.97,,12.25,7.34,3.68,3.67,3.19,1.66,2.78,51.09,85.43,,,61.1,65.16,61.08,,59.94,63.90234,59.92,,25.7,15.7,8.7,50.1,,4.0,7.2,0.8,5.2,9.2,6.2,2.9,35.5,85.6,,30500.0,3800.0,1752.0,782.0,217000.0,34000.0,584.0,2200.0,810.0,85.0,962.0,308.0,4.0,23.0,42.0,53.0,400.0,550.0,722.0,40.0,,,,,5181.8,9103.5,730.0,983.0,,,13.23,7.23,49.64,72.01,45.17,275.92,3.11,466.31,,534.5,23.78,374.8,109.48,79.01,1440.63,3.52,2565.72,,,11.86,115.3,20.4,178.97,93.2,60.79,17.89,1.6,345.88,,,,1.27,8.3,4.97,19.44,0.2,77.02,-0.78,,,,,,,,,,,27476518.0,16981861.0,32321910.0,9247978.0,86028267.0,,3269142.0,26567703.0,2603527.0,108106.0,32548478.0,,7130417.0,4842500.0,4725153.0,1306666.0,18004736.0,,5719504.0,4779163.0,5625673.0,949522.0,17073862.0,,2476127.0,524369.0,322232.0,57560.0,3380288.0,,2431666.00000001,993476.0,2021360.0,668954.0,6115456.00000001,,48503374.0,54689072.0,47619855.0,12338786.0,163151087.0,,,1220291.0,654027.0,1645289.0,564223.0,4083830.0,,2026.0,1891.0,2088.0,268.0,6273.0,,32768.0,15656.0,36893.0,15041.0,100358.0,,246922.0,149100.0,208913.0,36157.0,641092.0,,31529.0,15213.0,6133.0,1678.0,54553.0,,27199.0,8934.0,20444.0,13223.0,69800.0,,1560735.0,844821.0,1919760.0,630590.0,4955906.0,,30308.0,31240.0,4955.9,163151.0
2007,,,259.94,4.27,264.21,,253789.0,4165.0,257954.0,,3217.77,-4.25868071052397,8.81580821917808,,174385.0,238496.0,128381.0,60260.0,11521.0,67282.0,15041.0,,,695366.0,,,12456.0,2449.0,14905.0,,349045.0,90915.0,439960.0,,530314.0,33505.0,563819.0,,394.56,-1.1202165250733,1.08098630136986,,68.75,66.72,64.19,,34.86,19.85,,12.77,7.47,3.48,3.73,3.32,1.66,2.56,50.69,85.55,,,68.75,72.55,69.08,,62.59,66.04952,62.89,,25.9,15.6,8.6,50.1,,4.1,7.6,0.8,5.3,9.8,6.4,3.1,37.1,87.2,,33000.0,3900.0,1507.0,820.0,234000.0,26000.0,642.0,2100.0,832.0,85.0,954.0,308.0,44.0,30.0,73.0,,784.0,465.0,608.0,40.0,,,,,4440.3,9028.0,737.0,716.0,,,11.04,9.36,36.28,61.04,45.31,249.66,2.97,415.66,,571.78,22.34,306.04,113.06,71.76,1453.23,2.95,2541.16,,,12.456,126.714,21.085,191.848,101.255,69.061,18.775,1.576,349.045,,,,2.449,7.996,2.454,18.293,0.33,90.915,4.432,,,,,,,,,,,28928580.0,17328279.0,33693560.0,9952665.0,89903084.0,,3748438.0,23466665.0,3313805.0,105685.0,30634593.0,,7584420.0,5314028.0,5635773.0,1267709.0,19801930.0,,7110898.0,4707037.0,6601300.0,1020807.0,19440042.0,,2119140.0,547028.0,431311.0,70389.0,3167868.0,,2604606.0,1387715.0,2237958.00000001,602525.000000001,6832804.00000001,,52096082.0,52750752.0,51913707.0,13019780.0,169780321.0,,,1264776.0,685358.0,1719011.0,593349.0,4262494.0,,2152.0,2007.0,2273.0,265.0,6697.0,,34213.0,16260.0,37059.0,15664.0,103196.0,,266132.0,156718.0,219207.0,37584.0,679641.0,,32379.0,16228.0,6132.0,1683.0,56422.0,,28705.0,9214.0,22177.0,13993.0,74089.0,,1628357.0,885785.0,2005859.0,662538.0,5182539.0,,32603.0,34953.0,5183.0,169780.0
2008,,,259.96,4.1,264.06,,262969.0,4342.0,267311.0,,3366.34,4.61717276250323,9.19765027322404,,174381.0,247438.0,124009.0,76597.0,11303.0,69677.0,17960.0,,,721365.0,,,13005.0,2565.0,15570.0,,381347.0,96318.0,477665.0,,578459.0,39009.0,617468.0,,402.2,1.93633414436334,1.09890710382514,,95.16,91.01,87.75,,35.63,19.33,,12.82,7.52,3.16,3.79,3.25,1.56,2.46,50.75,86.38,,,95.16,97.37,94.45,,80.381652,82.248439,79.78,,24.6,15.4,8.3,48.3,,4.2,7.8,0.8,5.7,9.7,6.8,3.3,38.3,86.6,,36000.0,5000.0,1600.0,799.0,248000.0,22000.0,581.0,2300.0,1000.0,85.0,110.0,242.0,,,55.0,,810.0,465.0,608.0,40.0,,,,,4527.0,8232.0,1465.0,3663.0,,,5.822,8.966,38.901,56.661,49.415,224.272,2.233,386.27,,590.662,23.027,310.972,110.227,74.703,1560.857,1.973,2672.421,,,13.005,136.696,22.634,208.118,105.928,80.463,22.766,1.854,381.347,,,,2.565,8.045,3.348,25.106,0.301,96.318,2.209,,,,,,,,,,,31697666.0,18569845.0,35961379.0,10458169.0,96687059.0,,3503729.0,25036647.0,3770074.0,110086.0,32420536.0,,8311176.0,5078833.0,5580706.0,1486482.0,20457197.0,,7585332.0,5175903.0,7367438.0,1237939.0,21366612.0,,2355609.0,572546.0,463884.0,69228.0,3461267.0,,2530461.0,1213545.0,2321718.0,639150.0,6704874.0,,55983973.0,55647319.0,55465199.0,14001054.0,181097545.0,,,1319726.0,720920.0,1785456.0,630653.0,4456755.0,,2374.0,1963.0,2376.0,254.0,6967.0,,37715.0,17078.0,39085.0,16996.0,110874.0,,279905.0,164074.0,226813.0,38959.0,709751.0,,32713.0,17208.0,6131.0,1818.0,57870.0,,30054.0,9541.0,23538.0,15460.0,78593.0,,1702487.0,930784.0,2083399.0,704140.0,5420810.0,,34470.0,38000.0,5421.0,181098.0
2009,,,260.07,4.52,264.59,,275177.0,4493.0,279670.0,,2987.27,-11.2605975629319,8.18430136986301,,181613.0,227686.0,129622.0,65361.0,12692.0,63502.0,17035.0,,,697511.0,,,13208.0,2639.0,15847.0,,380787.0,85455.0,466242.0,,641388.0,27768.0,669156.0,,410.2,1.98906016907011,1.12383561643836,,61.38,61.18,60.06,,33.5,18.81,,13.28,7.44,2.97,3.89,3.22,1.48,2.39,51.7,85.2,,,61.38,61.68,61.06,,53.89164,54.15504,53.61,,23.7,14.7,7.9,46.3,,4.0,7.9,0.7,5.7,10.1,7.2,3.4,39.0,85.3,,37000.0,5250.0,1680.0,840.0,260000.0,23100.0,600.0,2415.0,1050.0,90.0,116.0,254.0,,,58.0,,850.0,480.0,640.0,40.0,246.0,,,,4857.5,7527.0,1719.0,5507.0,685.0,,4.67,7.48,31.32,71.77,40.03,211.71,1.08,368.06,,386.12,23.01,228.45,104.25,60.33,1482.61,2.89,2287.66,,,13.208,145.123,22.241,214.797,76.086,159.629,21.68,1.833,380.787,,,,2.639,7.176,6.014,12.1,0.343,85.455,2.135,,,,,,,,,,,31764090.0,19401996.0,38206816.0,11459478.0,100832380.0,,3859873.0,26773000.0,3750374.0,270980.0,34654227.0,,8474612.0,5782753.0,6288334.0,1702362.0,22248061.0,,8002703.0,6021018.0,7985269.0,1595891.0,23604881.0,,3974335.0,581992.0,440533.0,65119.0,5061979.0,,2507486.0,1248038.0,2596702.0,718432.000000001,7070658.0,,58583099.0,59808797.0,59268028.0,15812262.0,193472186.0,,,1380254.0,762937.0,1857157.0,675206.0,4675554.0,,2483.0,2103.0,2450.0,253.0,7289.0,,40522.0,18092.0,41548.0,18344.0,118506.0,,305053.0,174167.0,235232.0,42467.0,756919.0,,33132.0,18130.0,6357.0,1884.0,59503.0,,31573.0,9948.0,25602.0,16622.0,83745.0,,1793017.0,985377.0,2168346.0,754776.0,5701516.0,,37913.0,41200.0,5702.0,193472.0
2010,,,260.085,4.43,264.515,,278521.0,4536.0,283057.0,,2980.43,-0.2289716028347,8.16556164383562,,162575.0,231212.0,137080.0,71690.0,12228.0,58112.0,18212.0,,,691109.0,,,13148.0,280.0,13428.0,,405190.0,116594.0,521784.0,,689885.0,33832.0,723717.0,,445.0,8.48366650414432,1.21917808219178,,77.82,76.64,75.51,,34.75,18.86,,13.55,7.77,2.96,4.1,3.37,1.36,2.14,52.58,87.33,,,77.82,79.6,77.45,,68.6,70.17,68.27,,24.2,14.7,8.1,47.0,,4.3,9.1,0.7,6.1,10.7,7.3,3.6,41.8,88.8,,45750.0,5800.0,1800.0,820.0,277000.0,26000.0,550.0,2100.0,1500.0,48.0,1100.0,256.0,62.0,30.0,42.0,,915.0,583.0,603.0,24.0,284.0,,,,4477.1,7670.0,1603.0,4218.0,543.0,,5.32,5.61,25.96,74.87,33.86,201.44,0.0,347.06,,442.237,24.428,240.15,107.28,54.17,1555.22,1.6,2425.085,,,13.148,151.353,23.247,220.384,77.495,192.752,22.769,1.885,405.19,,,,0.28,4.269,5.51,20.232,0.14,116.594,3.681,,,,,,,,,,,34836233.0,20993203.0,40465394.0,12332642.0,108627472.0,,4506940.0,29654872.0,4286143.0,120751.0,38568706.0,,9218486.0,6639934.0,6651198.0,2004337.0,24513955.0,,9888478.0,6581620.0,10596373.0,2243556.0,29310027.0,,2469305.0,615439.0,465741.0,69172.0,3619657.0,,2826389.0,1318003.3,2645648.1,832726.1,7622766.5,,63745831.0,65803071.3,65110497.1,17603184.1,212262583.5,,,1460216.0,803205.0,1939032.0,689818.0,4892271.0,,2640.0,2148.0,2469.0,232.0,7489.0,,37800.0,19430.0,42409.0,19303.0,118942.0,,326095.0,189176.0,242037.0,72799.0,830107.0,,33476.0,19093.0,6784.0,1981.0,61334.0,,33283.0,10197.0,26404.0,17526.0,87410.0,,1893510.0,1043249.0,2259135.0,801659.0,5997553.0,,39973.0,45661.0,5997.553,212262.583
2011,,,259.69,5.72,265.41,,282813.0,5009.0,287822.0,,3398.52,14.0278416201689,9.31101369863014,,152172.0,229397.0,142584.0,62122.0,11970.0,60738.0,18718.0,,,677701.0,,,15838.0,2454.0,18292.0,,437210.0,113492.0,550702.0,,721667.0,30750.0,752417.0,,461.4,3.68539325842696,1.2641095890411,,107.82,105.97,104.05,,35.65,18.94,,13.57,8.14,2.94,4.1,3.51,1.11,2.04,52.78,88.44,,,107.82,111.36,107.46,,88.79,91.7,88.5,,24.0,14.2,8.2,46.4,,4.6,9.5,0.7,6.3,11.0,7.5,3.6,43.2,89.6,,46300.0,6547.0,1864.0,1303.0,272700.0,25400.0,652.0,2239.0,1352.0,24.0,993.0,770.0,70.0,30.0,160.0,,1010.0,616.0,738.0,8.0,634.0,,,,4612.0,5839.0,1954.0,4934.0,396.0,,1.65,9.42,42.71,58.54,35.74,180.29,0.945,329.3,,479.34,27.25,324.78,103.77,61.82,1633.23,4.4,2634.59,,,15.838,162.462,23.896,234.014,88.259,190.734,20.54,1.762,437.21,,,,2.454,6.101,3.616,20.162,0.102,113.492,0.769,,,,,,,,,,,37042068.0,21310629.1,38736551.2,12172199.1,109261447.4,,4852750.5,32408187.1,4700709.1,167063.1,42128709.8,,8758954.4,6843501.8,6050323.8,2268610.8,23921390.8,,11503393.8,6766531.8,12026746.9,2710535.9,33007208.4,,2561642.1,641088.2,514058.0,68832.0,3785620.3,,2944333.2,1254390.9,2503926.9,854616.800000003,7557267.8,,67663142.0,69224328.9,64532315.9,18241857.7,219661644.5,,,1548171.0,853716.0,1912061.0,709090.0,5023038.0,,2725.0,2173.0,2487.0,261.0,7646.0,,37768.0,21389.0,37266.0,21547.0,117970.0,,351242.0,206482.0,378713.0,98740.0,1035177.0,,34074.0,20268.0,7167.0,2018.0,63527.0,,35231.0,10535.0,27899.0,20002.0,93667.0,,2009211.0,1114563.0,2365593.0,851658.0,6341025.0,,41924.0,48367.0,6341.0,219661.26
2012,,,260.173,5.68,265.853,,284806.0,5966.0,290772.0,,3573.4,5.14576933488695,9.76338797814208,,168383.0,234122.0,145889.0,64180.0,11249.0,63802.0,17688.0,,,705313.0,,,13740.0,2616.0,16356.0,,484615.0,113357.0,597972.0,,760296.0,33966.0,794262.0,,482.0,4.46467273515388,1.31693989071038,,110.22,109.82,108.36,,37.58,19.88,,13.62,9.18,2.92,4.18,3.75,0.94,1.91,53.36,90.94,,,110.22,111.62,109.45,,93.06,94.24,92.4,,23.6,13.8,8.5,45.9,,4.6,9.9,0.7,6.5,11.4,7.8,3.8,44.7,90.6,,48615.0,8300.0,1611.0,1270.0,300000.0,30000.0,987.0,1700.0,1300.0,25.0,834.0,484.0,137.0,32.0,227.0,,941.0,153.0,683.0,8.0,835.0,,1534.0,,5215.0,5212.0,17639.0,21213.0,,,0.56,4.53,40.56,55.4,34.89,178.51,1.07,315.52,,520.96,25.04,362.63,102.7,97.11,1669.59,5.75,2783.78,,,13.74,175.92,24.76,253.06,91.5,193.5,19.96,1.6,484.62,,,,2.62,4.9,7.1,18.81,0.09,113.36,3.06,,,,,,,,,,,39579900.0,23545600.0,43615800.0,13504400.0,120245700.0,,5481000.0,30569800.0,5356900.0,303600.0,41711300.0,,9921200.0,6938500.0,6676400.0,2552500.0,26088600.0,,12172000.0,10508100.0,14001500.0,3127500.0,39809100.0,,2773800.0,739400.0,595500.0,82600.0,4191300.0,,3044999.99999999,1425400.0,2819700.00000001,951900.000000001,8242000.0,,72972900.0,73726800.0,73065800.0,20522500.0,240288000.0,,,1648082.0,918160.0,2008154.0,761167.0,5335563.0,,2990.0,2236.0,2616.0,324.0,8166.0,,39855.0,21329.0,38300.0,24263.0,123747.0,,380822.0,215940.0,396475.0,104575.0,1097812.0,,35887.0,21605.0,7833.0,2128.0,67453.0,,37460.0,10752.0,29577.0,20469.0,98258.0,,2145096.0,1190022.0,2482955.0,912926.0,6730999.0,,43083.0,51939.0,6730.999,240288.07
2013,,,260.2,5.59,265.79,,287896.0,5789.0,293685.0,,3517.62,-1.56097833995635,9.63731506849315,,166197.0,219768.0,134692.0,58654.0,13862.0,59455.0,19604.0,,,672232.0,,,12266.0,2993.0,15259.0,,496436.0,100799.0,597235.0,,776022.0,35280.0,811302.0,,455.9,-5.4149377593361,1.24904109589041,,106.53,106.14,103.96,,36.72,20.91,,13.88,10.24,2.89,4.18,3.97,0.89,1.84,54.62,91.39,,,106.53,108.62,105.87,,88.95,90.7,88.4,,24.1,13.6,8.3,46.0,,4.7,10.3,0.7,6.7,11.8,7.9,3.9,46.0,92.0,,56700.0,6880.0,1900.0,1160.0,300000.0,29000.0,644.0,1700.0,3000.0,11.0,1100.0,1200.0,101.0,30.0,160.0,,460.0,181.0,650.0,6.0,934.0,1044.0,1820.0,,4158.0,4655.0,41332.0,39813.0,,,,3.036,27.885,43.006,33.404,182.471,,289.802,,532.52,29.06,347.43,99.36,80.98,1670.79,3.18,2763.32,,,12.266,184.137,25.561,259.399,107.465,176.935,20.94,1.585,496.436,,,,2.993,4.843,6.924,20.291,0.073,98.97,3.149,,,,,,,,,,,39579812.167,23230420.261,47561823.088,15306034.393,125678089.909,,5743221.923,38139948.914,6511154.666,685738.319,51080063.822,,10376014.758,6938437.554,7148470.711,2920736.086,27383659.109,,12612462.258,8216568.951,15289385.547,3381204.36,39499621.116,,2827004.199,742452.421,625887.096,94935.209,4290278.925,,3143952.65,1387568.957,3056279.969,1168090.094,8755891.67,,74282467.955,78655397.058,80193001.077,23556738.461,256687604.551,,,1766258.0,986190.0,2104950.0,815567.0,5672965.0,,3100.0,2326.0,2713.0,332.0,8471.0,,43856.0,21682.0,39445.0,26350.0,131333.0,,406247.0,228662.0,409870.0,110092.0,1154871.0,,38132.0,22513.0,9366.0,2011.0,72022.0,,39413.0,11151.0,31150.0,21440.0,103154.0,,2297006.0,1272524.0,2597494.0,975792.0,7142816.0,,45908.0,53864.0,7143.0,256688.0
2014,,,261.11,5.47,266.58,,293991.0,5751.0,299742.0,,3545.14,0.782347155178785,9.71271232876712,,175676.0,274842.0,160938.0,70272.0,16171.0,77315.0,20063.0,8567.0,,803844.0,,,11483.0,3705.0,15188.0,,504087.0,110540.0,614627.0,,837941.0,49048.0,886989.0,,471.3,3.37793375740295,1.29123287671233,,97.18,96.27,93.57,,37.48,22.91,,13.87,11.99,2.81,4.25,4.28,0.87,1.89,56.29,93.74,,,97.18,99.08,96.29,,80.34,81.91,79.6,,24.2,13.5,8.1,45.8,,4.7,10.8,0.6,6.8,12.0,8.4,3.8,47.1,92.9,,59500.0,7220.0,1990.0,1210.0,315000.0,30400.0,676.0,1780.0,3150.0,11.5,1155.0,1260.0,106.0,32.0,168.0,,480.0,190.0,680.0,7.0,980.0,1096.0,1911.0,,4789.0,4800.0,33116.0,39798.0,,,4.708,4.753,41.131,67.943,41.732,200.291,,360.56,,456.74,25.15,347.53,99.78,69.73,1609.96,2.12,2611.01,,,11.483,190.706,27.283,261.217,125.858,202.364,28.594,1.919,504.087,,,,3.705,14.666,13.722,20.557,0.097,108.893,2.006,,,,,,,,,,,44155475.664433,25866944.437201,47468304.681,16412999.819017,133903724.601651,,5767831.014656,38942598.713563,5856464.412,931691.574482,51498585.714701,,11765526.619103,7234719.681978,7815233.388,3195338.973364,30010818.662445,,14035005.17904,7992039.749501,16333917.794,3580744.786339,41941707.50888,,2953608.332191,823794.411671,679316.717,120634.309296,4577353.770158,,3640634.242317,1499023.842413,3194896.899,1318470.420436,9653025.404166,,82318081.05174,82359120.836327,81348133.891,25559879.882934,271585215.662001,,,1865973.0,1048882.0,2163750.0,855009.0,5933614.0,,3368.0,2530.0,2925.0,395.0,9218.0,,46838.0,23035.0,42047.0,29767.0,141687.0,,475249.0,246559.0,470591.0,137379.0,1329778.0,,39501.0,23522.0,10648.0,2244.0,75915.0,,42144.0,11795.0,34518.0,23610.0,112067.0,,2473073.0,1356323.0,2724479.0,1048404.0,7602279.0,,48623.82,56547.4,7602.0,271585.215662001
2015,,,261.059,5.396,266.455,,297643.0,5608.0,303251.0,,3720.28,4.94028444574827,10.1925479452055,,163156.0,351471.0,179901.0,68770.0,16758.0,76954.0,21596.0,26821.0,,905427.0,,,12597.0,3530.0,16127.0,,506065.0,121611.0,627676.0,,892061.0,50634.0,942695.0,,474.4,0.657755145342662,1.29972602739726,,49.85,48.91,47.02,,38.14,23.92,,14.0,12.99,2.6,4.33,4.39,0.96,1.95,58.45,96.59,,,49.85,52.41,49.49,,46.47,48.86,46.13,,24.6,13.8,8.1,46.5,,4.6,11.6,0.7,6.7,12.5,8.5,4.2,48.8,95.3,,60000.0,8800.0,2000.0,1230.0,330000.0,31800.0,672.0,2780.0,2700.0,12.9,1100.0,1320.0,187.0,43.0,179.0,,480.0,203.0,576.0,40.0,922.0,2100.0,5100.0,,5089.0,4500.0,46253.0,39008.0,,,,1.485231,65.966801,71.472613,71.254788,211.295237,,421.48,,434.629861,25.435233,320.202796,104.48877,53.660096,1669.637041,6.447392,2614.51,,,12.597,203.978,31.366,276.073,140.429,209.421,29.117,1.677,506.065,,,,3.53,5.196,8.043,31.797,0.047,121.28,5.596,,,,,,,,,,,48496158.565047,28132248.144573,50728853.700954,16683439.020121,144040699.430695,,6108793.578151,32411721.012489,5815722.930418,797974.825448,45134212.346506,,11298483.040698,9048684.308851,8537750.5609,3910638.57737,32795556.487819,,16824003.248278,9090966.072005,17901728.475271,4263124.554699,48079822.350253,,3284676.258629,973951.666154,784320.930926,124584.178823,5167533.034532,,4199537.593456,1694709.047859,3486365.174235,1438389.157115,10819000.972665,,90211652.284259,81352280.251931,87254741.772704,27218150.313576,286036824.62247,,,2007566.0,1134062.0,2360357.0,917465.0,6419450.0,,3347.0,2557.0,3014.0,388.0,9306.0,,45034.0,24575.0,41538.0,31302.0,142449.0,,502283.0,256713.0,420650.0,142761.0,1322407.0,,42227.0,24510.0,13675.0,2337.0,82749.0,,44279.0,13001.0,35641.0,24966.0,117887.0,,2644736.0,1455418.0,2874875.0,1119219.0,8094248.0,,50171.0,62260.1,8094.248,286037.0
2016,,,260.813,5.395,266.208,,298742.0,5607.0,304349.0,,3828.43,2.90703925510982,10.4601912568306,,168314.0,384619.0,202353.0,75771.0,15608.0,89498.0,18246.0,79853.0,,1034262.0,,,13396.0,4581.0,17977.0,,557437.0,106022.0,663459.0,,854887.0,53977.0,908864.0,,497.5,4.86930860033727,1.35928961748634,,40.96,39.805,38.3633333333333,,39.59,23.42,,14.24,12.53,2.47,3.98,4.47,1.03,1.99,57.37,96.96,,,40.96,43.76,40.76,,31.9,34.1,31.8,,24.9,14.0,8.1,47.0,,4.4,12.0,0.7,6.4,13.1,8.3,4.2,49.1,96.1,,63300.0,9240.0,2400.0,1300.0,347000.0,22155.0,706.0,3000.0,2800.0,12.0,1053.0,104.0,196.0,41.0,188.0,30.0,504.0,2131.0,604.0,42.0,968.0,3800.0,5400.0,,6946.0,4710.0,110000.0,41610.0,,,0.531,2.717,82.133,108.573,87.357,268.634,,549.945,,430.781,26.129,318.73,99.882,56.05,1792.891,7.128276,2731.591276,,,13.396,203.374,32.054,248.537,166.074,182.414,19.142,1.481,557.437,1.811,,,4.581,6.121,8.025,34.332,0.043,106.022,5.456,,,,,,,,,,,47451818.489885,26926413.721502,51567975.286357,17266717.66608,143212925.163824,,6331590.168866,33276929.180887,6134085.400691,756774.167031,46499378.917475,,11488891.428463,8649552.310857,8606441.257269,3974516.390248,32719401.386837,,17296606.359918,9154764.233012,17998435.410444,4343046.862447,48792852.865821,,3470114.086327,919708.278054,870031.069985,120756.199226,5380609.633592,,4247069.458337,1736945.43316,3617422.591579,1485740.304203,11087177.787279,,90286089.991796,80664313.157472,88794391.016325,27947551.589235,287692345.754828,,,2111715.0,1197309.0,2450864.0,986642.0,6746530.0,,3577.0,2767.0,3248.0,452.0,10044.0,,47022.0,25380.0,44296.0,33659.0,150357.0,,542036.0,279609.0,496425.0,154228.0,1472298.0,,44392.0,25547.0,15539.0,2602.0,88080.0,,46484.0,13383.0,35205.0,26361.0,121433.0,,2795226.0,1543995.0,3045577.0,1203944.0,8588742.0,,54671.0,60828.0,8588.742,287692.346
2017,,,260.86,5.4,266.26,,302310.0,5626.0,307936.0,,3635.29,-5.04488785220051,9.95969863013699,,170126.0,393934.0,203564.0,74279.0,15554.0,90544.0,16809.0,84077.0,,1048887.0,,,12867.0,4385.0,17252.0,,573780.0,121481.0,695261.0,,843080.0,54346.0,897426.0,,488.0,-1.90954773869347,1.33698630136986,,52.59,52.4875,51.0416666666667,,37.52,24.2,,14.3,13.27,2.23,3.87,4.82,1.01,1.97,59.88,97.4,,,52.59,54.17,52.43,,40.7,41.9,40.6,,25.1,14.4,8.2,47.7,,4.5,12.6,0.8,6.3,13.8,8.4,4.3,50.7,98.4,,66150.0,9702.0,2520.0,1365.0,364000.0,23000.0,741.0,3150.0,2940.0,12.6,1105.0,109.0,206.0,,197.0,32.0,529.0,2237.0,634.0,44.0,1016.0,3990.0,5670.0,,10333.0,5069.0,67097.0,21787.0,,,2.66,,98.39,182.57,125.29,249.06,,657.97,,366.26,26.01,283.76,56.6,59.78,1747.99,3.03,2543.44,,,12.867,208.0,36.141,207.914,180.293,167.367,20.359,1.337,573.78,11.187,10.482,,4.385,6.609,7.683,34.399,0.014,121.481,5.641,,,,,,,,,,,48187135.616203,27619486.932748,49935414.125173,17312694.255311,143054730.929435,,6413659.152908,34355257.889388,5885153.189196,576292.046389,47230362.277881,,11391119.284935,7549721.291985,9112482.162326,4393082.95725,32446405.696496,,17030168.825674,9622638.394979,17936634.173875,4461487.202722,49050928.59725,,3396840.034397,1003276.287616,897475.22458,131978.275661,5429569.822254,,4380588.353936,1909509.219756,3586162.948145,1568171.892403,11444432.41424,,90799511.268053,82059890.016472,87353321.823295,28443706.629736,288656429.737556,,,2199852.0,1249881.0,2576960.0,1062323.0,7089016.0,,3750.0,2858.0,3539.0,498.0,10645.0,,47545.0,26009.0,45048.0,34939.0,153541.0,,572170.0,303182.0,532744.0,167878.0,1575974.0,,46243.0,26634.0,17243.0,2860.0,92980.0,,48481.0,13951.0,37110.0,28014.0,127556.0,,2918041.0,1622515.0,3212644.0,1296512.0,9049712.0,,56588.17,62121.0,9049.712,288656.845
2018,,,261.527,5.499,267.026,,314700.0,5754.0,320454.0,,3765.13,3.57165453100028,10.3154246575342,,166203.0,391548.0,199053.0,60102.0,17064.0,95804.0,14072.0,84452.0,,1028298.0,,,13229.0,3912.0,17141.0,,581356.0,127314.0,708670.0,,780134.0,56329.0,836463.0,,495.0,1.4344262295082,1.35616438356164,,70.59,69.6533333333333,68.5366666666667,,37.38,26.9,,14.56,15.54,2.07,3.81,5.41,1.11,1.85,62.94,100.32,,,70.59,71.22,69.78,,54.1,54.6,53.5,,25.4,14.33,8.0,47.73,,4.7,13.1,0.8,6.3,14.0,8.66,4.16,51.72,99.45,,69457.0,10187.0,2646.0,1433.0,382200.0,24000.0,778.0,3307.0,2947.0,13.2,1160.0,114.0,216.0,,206.0,33.0,555.0,2348.0,665.0,46.0,438.0,4623.0,5444.0,,11765.0,5322.0,60340.0,18000.0,,,16.655,0.693,150.898,337.022,83.704,129.05,1.466,719.49,,372.426,25.72,317.28,97.4,59.8,1815.64,2.336,2690.61,,,13.229,194.488,37.879,182.754,173.955,149.74,20.731,1.509,581.356,8.923,10.155,,3.912,6.975,7.71,33.982,0.0,127.314,7.662,,,,,,,,,,,43004597.477627,25189240.324051,45874487.109837,15916069.106449,129984394.017964,,6430184.053327,36756391.237097,7247292.720721,713655.314147,51147523.325292,,11269449.229402,9966942.76336,17006864.494262,5350147.012172,43593403.499196,,16356172.57193,8665411.157128,17151855.431242,4909890.89903,47083330.05933,,3106321.704083,904032.838277,908318.227424,120928.444862,5039601.214646,,5191912.627763,2400719.467686,3712893.916923,1775371.746809,13080897.759181,,85358637.664132,83882737.787599,91901711.900409,28786062.523469,289929149.875609,,,2290078.0,1303214.0,2688997.0,1124062.0,7406351.0,,3941.0,2993.0,3742.0,649.0,11325.0,,48737.0,26174.0,44514.0,35967.0,155392.0,,585895.0,309530.0,546540.0,173050.0,1615015.0,,47913.0,25236.0,18223.0,2810.0,94182.0,,50217.0,14311.0,38294.0,29400.0,132222.0,,3026781.0,1681458.0,3340310.0,1365938.0,9414487.0,,53534.0,61743.0,9414.487,289929.15
2019,,,267.073,,267.073,,324914.0,,324914.0,,3579.96,-4.91802407884987,9.8081095890411,,154538.0,385754.0,193566.0,50861.0,14665.0,84723.0,14309.0,26526.0,,924942.0,,,12590.0,4118.0,16708.0,,579736.0,128515.0,708251.0,,797559.0,43600.0,841159.0,,481.0,-2.82828282828283,1.31780821917808,,64.96,65.0,63.8583333333333,,34.9,28.51,,14.64,17.16,1.93,3.92,5.54,1.13,1.74,65.6,100.5,,,64.96,64.19,64.04,,50.8,50.2,50.1,,25.54,14.34,7.91,47.79,,4.66,13.9,0.8,6.29,14.0,8.7,4.3,52.65,100.44,,72930.0,10696.0,2778.0,1505.0,401310.0,25000.0,817.0,3472.0,3094.0,13.9,1218.0,120.0,227.0,,216.0,35.0,583.0,2465.0,600.0,48.0,297.0,4100.0,6098.0,,12593.0,7123.0,88491.0,51856.0,,,10.028,1.637,147.169,71.565,116.641,125.889,1.478,474.407,,204.59,24.334,291.068,97.089,64.613,1885.731,1.471,2568.896,,,12.59,194.086,36.717,187.889,168.578,155.155,20.657,27.55,579.736,0.75,6.177,,4.118,8.374,4.673,29.627,0.0,128.515,0.926,,,,,,,,,,,42064993.242176,25019012.437958,44575740.428176,16480977.574256,128140723.682566,,6938621.628943,35331676.078636,6607871.469286,557493.207883,49435662.384748,,10998732.807582,9713433.68404,11919416.07998,5121859.740344,37753442.311946,,16333360.804327,9156217.943481,16614079.306978,4716818.881139,46820476.935925,,3130364.314241,867270.601091,874460.259766,112706.635328,4984801.810426,,4522209.582384,2307050.863668,3762212.205256,1950953.355337,12542426.006645,,83988282.379653,82394661.608874,84353779.749442,28940809.394287,279677533.132256,,,2375203.0,1349150.0,2799775.0,1189371.0,7713499.0,,4140.0,3074.0,3909.0,696.0,11819.0,,49050.0,27169.0,44814.0,36159.0,157192.0,,594269.0,314048.0,556601.0,177704.0,1642622.0,,49089.0,25729.0,19201.0,3058.0,97077.0,,51203.0,14684.0,39563.0,31089.0,136539.0,,3122954.0,1733854.0,3463863.0,1438077.0,9758748.0,,53199.53,62076.0,9758.748,279677.53
2020,,,261.556,5.526,267.082,,320334.0,5776.0,326110.0,,3372.03,-5.80816545436261,9.21319672131148,,126135.0,360359.0,166343.0,44725.0,12914.0,53167.0,12733.0,20486.0,,796862.0,,,13255.0,3725.0,16980.0,,604883.0,113572.0,718455.0,,734599.0,57719.0,792318.0,,439.2,-8.69022869022869,1.2,,41.91,41.9266666666667,41.3516666666667,,30.8,27.92,,13.5,16.56,1.93,3.97,5.35,1.08,2.01,63.0,93.8,,,41.91,41.67,41.47,,33.4,33.2,33.0,,22.6,12.4,7.1,42.1,,4.5,14.3,0.7,5.6,12.6,8.24,3.84,49.78,91.88,,46210.0,7147.0,2220.0,1380.0,197800.0,21400.0,764.0,3803.0,3506.0,34.5,2320.0,480.0,213.0,,523.0,28.0,930.0,639.0,570.0,61.0,282.0,4945.0,8000.0,,11822.0,6493.0,92883.0,50819.0,,,2.804,0.631,117.064,58.635,79.81,113.125,0.0,372.073,,202.911,18.916,276.871,77.432,73.823,1807.542,1.449,2458.94,,,13.255,162.437,15.39,174.425,179.547,154.481,19.354,24.521,604.883,0.3,4.144,,3.725,14.903,5.509,26.498,0.0,113.021,10.809,,,,,,,,,,,46388998.114582,27033414.019222,45782285.065514,18070369.458377,137275066.657695,,6933934.419344,36397046.581102,6242513.591456,1188510.69242,50762005.284322,,10135874.93644,8157111.1529,11872163.563877,5075912.44645,35241062.099667,,15667773.682012,8446513.477221,13224236.244832,4181710.799144,41520234.203209,,3250986.028071,921499.672325,879486.977123,113567.276118,5165539.953637,,4044622.099369,2046812.8121,3082148.404322,1673059.850569,10846643.16636,,86422189.279818,83002397.71487,81082833.847124,30303130.523078,280810551.36489,,,2473940.0,1411886.0,2899347.0,1261899.0,8047072.0,,4317.0,3175.0,3996.0,726.0,12214.0,,49653.0,26231.0,44400.0,36834.0,157118.0,,601981.0,317155.0,566512.0,181556.0,1667204.0,,50386.0,26192.0,19985.0,3314.0,99877.0,,51916.0,15002.0,40283.0,32209.0,139410.0,,3232193.0,1799641.0,3574523.0,1516538.0,10122895.0,,53250.69,62266.0,10123.0,280810.55136489
2021,,,261.592,5.6,267.192,,323268.0,5813.0,329081.0,,3330.52,-1.23100921403428,9.12471232876712,,154063.0,407034.0,198813.0,63408.0,14003.0,45990.0,15292.0,24359.0,6888.0,929850.0,,,16254.0,767.0,17021.0,,,,,,731192.0,68827.0,800019.0,,438.0,-0.273224043715844,1.2,,70.65,70.6183333333333,69.81,,31.58,28.21,,13.77,16.72,1.95,4.06,5.62,0.89,2.04,63.71,95.28,,,70.65,70.8,69.89,,55.5,55.7,54.9,,24.26,13.08,7.36,44.7,,4.8,15.5,0.8,6.0,13.11,8.54,4.0,52.75,97.45,,48521.0,7504.0,2331.0,1449.0,207690.0,22470.0,802.0,3993.0,3681.0,36.0,2436.0,504.0,224.0,,549.0,29.0,977.0,671.0,599.0,64.0,296.0,5192.0,8400.0,,12413.0,6818.0,97527.0,53360.0,,,26.919559,1.82189,102.76539,74.494432,153.418336,130.506716,0.406,490.333,,162.126358,25.238988,191.416328,80.132641,64.602222,1749.462864,,2272.979401,,,16.254,175.273,16.068,177.06,167.383,159.575,19.866,15.042,,0.925,0.0,,0.767,24.99,6.561,26.613,0.0,,10.663,,,604710.0,122874.0,727584.0,135963.0,64468.0,65064.0,,,48701234.474546,27142485.395829,47292651.395032,18978754.086633,142115125.35204,,7018607.724787,35779123.328331,6648204.702893,1808854.15011,51254789.906121,,10694049.3381,8370933.11868,11717883.130137,5454684.941306,36237550.528223,,17524130.175895,9017315.915603,14828840.738558,4659333.780276,46029620.610332,,3459457.176421,981564.7051,918815.140713,119832.26735,5479669.289584,,4075710.071053,1984269.508389,3250787.805276,1774235.93938,11085003.324098,,91473188.960802,83275691.971932,84657182.912609,32795695.165055,292201759.010398,,,2575443.0,1475394.0,3009638.0,1346321.0,8406796.0,,4489.0,3257.0,4082.0,797.0,12625.0,,49634.0,26202.0,43910.0,36348.0,156094.0,,606189.0,320704.0,570350.0,184658.0,1681901.0,,51364.0,26799.0,20688.0,3547.0,102398.0,,52531.0,15236.0,40935.0,32911.0,141613.0,,3339650.0,1867592.0,3689603.0,1604582.0,10501427.0,,54870.62,64161.0,10501.0,292201.759010398
2022,,,,,,,,,,,,,,,,,,,,,,,,,,,,,,,,,,,,,,,,,,,,,,,,,,,,,,,,,,,,,,,,,,,,,,,,,,,,,,,,,,,,,,,,,,,,,,,,,,,,,,,,,,,,,,,,,,,,,,,,,,,,,,,,,,,,,,,,,,,,,,,,,,,,,,,,,,,,,,,,,,49467780.03288,27945381.007444,46053776.499143,18982981.199067,142449918.738534,,7894769.18694,35777149.47729,7609205.15619,1579081.32033,52860205.14075,,9725415.52308,7891832.188848,12482111.69285,5358375.337529,35457734.742307,,19151594.957061,9869285.586722,17165787.814551,4797156.055303,50983824.413637,,3569307.29021,1046146.33881,923028.10908,113065.12547,5651546.86357,,4003095.958963,2298074.17048,3229723.115945,1767469.203203,11298362.448591,,93811962.949134,84827868.769594,87463632.387759,32598128.240902,298701592.347389,,,2681148.0,1535803.0,3131836.0,1429197.0,8777984.0,,4791.0,3508.0,4278.0,898.0,13475.0,,48549.0,26612.0,44698.0,36276.0,156135.0,,611590.0,327158.0,578039.0,193581.0,1710368.0,,52916.0,27537.0,21563.0,3919.0,105935.0,,53296.0,15639.0,41634.0,33851.0,144420.0,,3452290.0,1936257.0,3822048.0,1697722.0,10908317.0,,54532.98,65302.0,10908.317,298701.592347389
