Year,Manufacturing,Wholesale And Retail Trade,Financial and Insurance Activities,Transportation and Storage,Construction,Mining and Quarrying,Information and Communication,"Professional, Scientific and Technical Activities",Administrative and Support Service Activities,Real Estate Activities,"Electricity, Gas, Steam And Air Conditioning Supply","Water supply; sewerage, waste management and remediation activities",Accommodation And Food Service Activities,Human Health and Social Work Activities,Education,"Agriculture, forestry and fishing","Arts, entertainment and recreation",Other service activities,Total
2015,113672819,61046498,62852665,9649029,30947185,16697612,16726358,11054899,15405922,36213633,12434145,5664324,12609172,1684803,244750,521374,234945,569592,408229726
2016,159255099,65549398,59997548,13181064,44612603,17637338,15251019,14361268,18573276,47156061,14369858,8980115,13094191,1765052,790747,710559,357707,598568,496241470
2017,157435162,69738324,55954503,12421043,46669671,19268888,13981326,16451629,17310655,51218502,16170794,8585676,11706592,2264364,1059531,459467,366245,751207,501813581
2018,168985822,76301457,66544492,13331933,54019169,20222789,15209418,16439423,17247698,56195793,16486536,9590039,13111662,3458548,1334070,798870,355379,444029,550077127
2019,191811769,73133345,63993391,14582836,50965292,17391465,17107514,14911430,16215607,55161008,15231217,8809019,13724943,3739148,1440712,809764,404398,-30694,559402164
2020,189810796,83107831,58565391,14251481,51746274,17946507,21876592,14542126,17513951,55475722,15795620,9101086,14224834,4027298,1584249,751929,505846,-107402,570720131
2021,200183347,123071334,70147399,63513539,61619436,24964341,24705088,20549255,25008604,18749374,14079753,12894266,10983845,4751469,3063378,1865499,569356,25226,680744508
2022,214405134,124358837,94362944,113691001,68977162,27925089,24725187,25152342,26318766,19146735,15471190,13764892,11889841,4969922,3109515,2023123,645088,99203,791035970
2023,258737185,134755131,112129546,111256304,79785614,33224432,31710238,30407786,28141031,21655657,15673084,14291381,12843145,5337023,3276642,2176052,1698260,248748,897347258
