Year,Manufacturing,Financial and Insurance Activities,Construction,Wholesale And Retail Trade,"Professional, Scientific and Technical Activities",Mining and Quarrying,Information and Communication,Real Estate Activities,Administrative and Support Service Activities,"Arts, entertainment and recreation",Accommodation And Food Service Activities,"Water supply; sewerage, waste management and remediation activities",Human Health and Social Work Activities,"Electricity, Gas, Steam And Air Conditioning Supply",Education,Other service activities,"Agriculture, forestry and fishing",Transportation and Storage,Total
2015,0,0,0,0,0,0,0,0,0,0,0,0,0,0,0,0,0,0,0
2016,54310229,4345066,12794412,6018827,2670433,4786712,3098087,8493234,1953466,1958,589503,4903577,-20550,3521904,173911,20560,108551,2308469,110078350
2017,6921769,-1223084,6847650,2650766,662938,6988405,522294,3146078,-431298,17285,-753677,97913,289059,1832159,188935,22154,-90822,403510,28092034
2018,15324758,1961533,13921326,10002886,2501488,7297574,4420619,8073178,49481,-9792,1889100,1098716,1345772,1229284,280067,-190692,409034,706537,70310869
2019,-9211095,-902127,9539771,12387166,-586708,2155626,13902057,344357,866366,-38314,2065892,-1269144,1231767,-3125333,433600,-668170,49598,4650420,31825729
2020,17634019,1171949,2505374,3515185,34907,680740,2072017,619752,539822,28991,-186726,200147,177095,842522,100835,-64654,9076,-17891,29863160
2021,33528371,3821513,7793650,14247912,3275368,1355089,3300931,492506,1052643,47070,825363,725083,367293,775445,122138,176456,125718,49757262,121789813
2022,21407846,16114122,10755470,4150635,5515861,3036032,1255563,685562,1902723,75896,933932,963978,248468,1585130,63011,108684,175388,49962861,118941162
2023,34439778,14860140,13385272,12574361,5926334,4211062,3813011,2609079,2230652,1062094,1004643,566961,380345,265404,173342,162401,154922,-1836481,95983319
