Year,Manufacturing,Financial and Insurance Activities,Construction,Wholesale And Retail Trade,"Professional, Scientific and Technical Activities",Information and Communication,Mining and Quarrying,Real Estate Activities,Administrative and Support Service Activities,"Arts, entertainment and recreation",Accommodation And Food Service Activities,"Water supply; sewerage, waste management and remediation activities",Human Health and Social Work Activities,"Electricity, Gas, Steam And Air Conditioning Supply",Education,Other service activities,"Agriculture, forestry and fishing",Transportation and Storage,Total
2015,0,0,0,0,0,0,0,0,0,0,0,0,0,0,0,0,0,0,0
2016,49660186,1263044,6454952,4714444,1917810,-852666,1485596,7622730,964734,1958,589538,4413471,-20551,1852738,26265,11129,108558,2116691,82330627
2017,2742542,-3059348,-541908,1032163,-140934,-1281606,2716882,2881417,-598495,17414,-759301,-560186,277019,1133027,67627,-12799,-100107,-10671,3802734
2018,7834422,-25760,6862076,8299438,1868279,3107228,5037513,7760216,-466746,-9796,1889736,462686,1079476,761881,279372,-215663,409181,595669,45529208
2019,-14293672,-2734702,3563302,11030888,-1045877,13118140,-389456,-306640,-37800,-38313,2054261,-1550052,1142258,-3222245,397232,-680324,49596,4490468,11547065
2020,10544436,-373371,-3372142,1313361,-518094,880492,-1218587,375164,-209725,29028,-187088,100578,-383317,-120312,35045,-82969,-96300,-636458,6079741
2021,28945760,3649829,5322989,12361821,1961959,1527562,889986,-289534,749193,37412,-71456,673422,195228,402564,120431,160591,108448,49567696,106313900
2022,13139483,15807081,7536847,1494611,4778115,540041,1455993,422697,1400725,75894,905239,886368,224527,1404102,50453,79318,159028,49802210,100162733
2023,32101829,14677093,10854632,10455630,5245063,3382104,3024699,2509512,1937344,1045157,962221,537512,369611,217518,171217,155415,153922,-2287359,85513118
