Column;1969;1970;1971;1972;1973;1974;1975;1976;1977;1978;1979;1980;1981;1982;1983;1984;1985;1986;1987;1988;1989;1990;1991;1992;1993;1994;1995;1996;1997;1998;1999;2000;2001;2002;2003;2004;2005;2006;2007;2008;2009;2010;2011;2012;2013;2014;2015;2016;2017;2018;2019;2020;2021;2022;2023;2024
;;;;;;;;;;;;;;;;;;;;;;;;;;;;;;;;;;;;;;;;;;;;;;;;;;;;;;;;
Public Debt;-;-;-;-;-;-;-;-;-;-;-;-;-;-;-;-;-;-;-;-;-;-;-;-;-;-;-;-;-;-;-;-;-;-;-;-;-;-;-;-;-;-;-;-;-;-;-;-;-;-;-;-;-;-;-;-
;;;;;;;;;;;;;;;;;;;;;;;;;;;;;;;;;;;;;;;;;;;;;;;;;;;;;;;;
          Borrowed;-;-;-;-;-;-;-;-;-;-;-;-;-;-;-;-;-;-;-;-;-;-;-;-;-;-;-;-;-;-;-;-;-;-;-;-;-;-;-;-;-;-;-;-;-;-;-;-;-;-;-;-;-;-;-;-
;;;;;;;;;;;;;;;;;;;;;;;;;;;;;;;;;;;;;;;;;;;;;;;;;;;;;;;;
                    Internal (1) ;-;-;-;-;-;-;-;-;-;-;-;-;-;-;-;-;-;-;-;-;-;-;-;-;-;-;-;-;-;-;-;-;-;-;-;-;41445;35997;11180;298;217;15;5422;0;0;0;98000;97020;58455;48750;69839;174252,5;108753,65;106649;87982,51632691;-
;;;;;;;;;;;;;;;;;;;;;;;;;;;;;;;;;;;;;;;;;;;;;;;;;;;;;;;;
                    External (1) ;-;-;-;-;-;-;-;-;-;-;-;-;-;-;-;-;-;-;-;-;-;-;-;-;-;-;-;-;-;-;-;-;-;-;-;-;-;-;-;-;-;-;-;-;-;-;-;103125;80625;71250;50161;45747,47;49143,76;18750;101250;-
;;;;;;;;;;;;;;;;;;;;;;;;;;;;;;;;;;;;;;;;;;;;;;;;;;;;;;;;
          Repaid;-;-;-;-;-;-;-;-;-;-;-;-;-;-;-;-;-;-;-;-;-;-;-;-;-;-;-;-;-;-;-;-;-;-;-;-;-;-;-;-;-;-;-;-;-;-;-;-;-;-;-;-;-;-;-;-
;;;;;;;;;;;;;;;;;;;;;;;;;;;;;;;;;;;;;;;;;;;;;;;;;;;;;;;;
                    Internal (1) ;-;-;-;-;-;-;-;-;-;-;-;-;-;-;-;-;-;-;-;-;-;-;-;-;-;-;-;-;-;-;-;-;-;-;-;-;192406,0125;131022;109040;32026;10143;58124;36922;51651;23730;15858;0;25825;12408;3272;2055;44360;52662,68;50441;58533,2;-
;;;;;;;;;;;;;;;;;;;;;;;;;;;;;;;;;;;;;;;;;;;;;;;;;;;;;;;;
                    External (1) ;-;-;-;-;-;-;-;-;-;-;-;-;-;-;-;-;-;-;-;-;-;-;-;-;-;-;-;-;-;-;-;-;-;-;-;-;-;-;-;-;-;-;-;-;-;-;-;0;0;0;0;49,83;20739,32;22886;70132;-
;;;;;;;;;;;;;;;;;;;;;;;;;;;;;;;;;;;;;;;;;;;;;;;;;;;;;;;;
          Outstanding Public Debt at year end;-;-;-;-;-;-;-;-;-;-;-;-;-;-;-;-;-;-;-;-;-;-;-;-;-;-;-;-;-;-;-;-;-;-;-;-;-;-;-;-;-;-;-;-;-;-;-;-;-;-;-;-;-;-;-;-
;;;;;;;;;;;;;;;;;;;;;;;;;;;;;;;;;;;;;;;;;;;;;;;;;;;;;;;;
                    Internal (1) ;-;-;-;-;-;-;-;-;-;-;-;-;-;-;-;-;-;-;-;-;-;-;-;-;-;-;-;-;-;-;-;-;-;-;-;-;459646,9875;364622;266762;235034;225108;166999;135499;83848;60118;44260;142260;213455;259502;304980;372764;502656,019;558746,99;614955;644405,31632691;-
;;;;;;;;;;;;;;;;;;;;;;;;;;;;;;;;;;;;;;;;;;;;;;;;;;;;;;;;
                    External (1) ;-;-;-;-;-;-;-;-;-;-;-;-;-;-;-;-;-;-;-;-;-;-;-;-;-;-;-;-;-;-;-;-;-;-;-;-;-;-;-;-;-;-;-;-;-;-;-;103125;183750;255000;305161;350859,12;379264;375128;405877;-
;;;;;;;;;;;;;;;;;;;;;;;;;;;;;;;;;;;;;;;;;;;;;;;;;;;;;;;;
          Total Public Debt (1) ;-;-;-;-;-;-;-;-;-;-;-;-;-;-;-;-;-;-;-;-;-;-;-;-;-;-;-;-;-;-;-;-;-;-;-;-;459646,9875;364622;266762;235034;225108;166999;135499;83848;60118;44260;142260;316580;443252;559980;677925;853515,139;938010,99;990083;1050282,31632691;-
;;;;;;;;;;;;;;;;;;;;;;;;;;;;;;;;;;;;;;;;;;;;;;;;;;;;;;;;
State Annual Budget Projections-By Sectors from 1981-2017;-;-;-;-;-;-;-;-;-;-;-;-;-;-;-;-;-;-;-;-;-;-;-;-;-;-;-;-;-;-;-;-;-;-;-;-;-;-;-;-;-;-;-;-;-;-;-;-;-;-;-;-;-;-;-;-
;;;;;;;;;;;;;;;;;;;;;;;;;;;;;;;;;;;;;;;;;;;;;;;;;;;;;;;;
          Revenues;-;-;-;-;-;-;-;-;-;-;-;-;-;-;-;-;-;-;-;-;-;-;-;-;-;-;-;-;-;-;-;-;-;-;-;-;-;-;-;-;-;-;-;-;-;-;-;-;-;-;-;-;-;-;-;-
;;;;;;;;;;;;;;;;;;;;;;;;;;;;;;;;;;;;;;;;;;;;;;;;;;;;;;;;
                    Oil Revenues (2) ;-;-;-;-;-;-;-;-;-;-;-;-;333968;270579;164496;164500;154250;-;74183;73525;-;-;-;117693;121703;86933;101461;99606;129444;136800;75881;117895;169000;97000;110000;145000;220000;320000;330000;370000;320000;400000;468000;621000;727000;735000;581300;333800;480000;-;-;-;-;-;-;-
;;;;;;;;;;;;;;;;;;;;;;;;;;;;;;;;;;;;;;;;;;;;;;;;;;;;;;;;
                    Other Revenues (2) ;-;-;-;-;-;-;-;-;-;-;-;-;6032;42821;60504;49600;45750;-;32743;31775;-;-;-;33307;47447;33067;33539;31894;34556;41200;45119;39105;46000;60000;60000;55000;60000;70000;70000;80000;90000;70000;72000;81000;102000;120000;133700;180000;212000;-;-;-;-;-;-;-
;;;;;;;;;;;;;;;;;;;;;;;;;;;;;;;;;;;;;;;;;;;;;;;;;;;;;;;;
                    Total Revenues (2) ;-;-;-;-;-;-;-;-;-;-;-;-;340000;313400;225000;214100;200000;-;106926;105300;-;-;-;151000;169150;120000;135000;131500;164000;178000;121000;157000;215000;157000;170000;200000;280000;390000;400000;450000;410000;470000;540000;702000;829000;855000;715000;513800;692000;-;-;-;-;-;-;-
;;;;;;;;;;;;;;;;;;;;;;;;;;;;;;;;;;;;;;;;;;;;;;;;;;;;;;;;
          Expenditures;-;-;-;-;-;-;-;-;-;-;-;-;-;-;-;-;-;-;-;-;-;-;-;-;-;-;-;-;-;-;-;-;-;-;-;-;-;-;-;-;-;-;-;-;-;-;-;-;-;-;-;-;-;-;-;-
;;;;;;;;;;;;;;;;;;;;;;;;;;;;;;;;;;;;;;;;;;;;;;;;;;;;;;;;
                    Human Resource Development  (2) ;-;-;-;-;-;-;-;-;-;-;-;-;26248;31864;27736;30413;24533;-;23689;23388;24004;-;56392;31855;32121;29226;26912;27536;41595;45498;42792;49284;53010;47037;49609;55832;69899;87164;96483;104600;121942;137440;148307;167970;203147;209296;216022;191572;200242;-;-;-;-;-;-;-
;;;;;;;;;;;;;;;;;;;;;;;;;;;;;;;;;;;;;;;;;;;;;;;;;;;;;;;;
                    Transport & Communications (2) ;-;-;-;-;-;-;-;-;-;-;-;-;35343;32533;24950;22175;14497;-;10904;9493;8516;-;17420;8452;8197;6855;6199;6310;6890;8517;5197;5534;5732;5464;5634;6352;8629;9804;11329;12143;14642;16442;17334;20566;22063;23506;22348;12301;25258;-;-;-;-;-;-;-
;;;;;;;;;;;;;;;;;;;;;;;;;;;;;;;;;;;;;;;;;;;;;;;;;;;;;;;;
                    Economic Resource Development (2) ;-;-;-;-;-;-;-;-;-;-;-;-;22679;22045;13202;12533;9081;-;6615;5888;5039;-;9184;4615;5063;4284;3855;4544;4733;5820;4418;5955;5629;4969;6927;7020;10516;12454;13902;16317;21692;29288;32938;41152;46696;49537;48148;26025;47051;-;-;-;-;-;-;-
;;;;;;;;;;;;;;;;;;;;;;;;;;;;;;;;;;;;;;;;;;;;;;;;;;;;;;;;
                    Health & Social Development (2) ;-;-;-;-;-;-;-;-;-;-;-;-;13716;17010;13591;16134;12892;-;11094;10806;10634;-;24492;13534;13626;11259;10161;10110;14366;16390;15152;16381;18089;18970;16767;17971;23057;26798;31010;34426;40426;46600;52447;61284;70938;78166;82071;79958;95502;-;-;-;-;-;-;-
;;;;;;;;;;;;;;;;;;;;;;;;;;;;;;;;;;;;;;;;;;;;;;;;;;;;;;;;
                    Infrastructure Development (2) ;-;-;-;-;-;-;-;-;-;-;-;-;14126;11705;9582;9833;6924;-;4299;3555;2807;-;4912;2090;2078;1580;1395;1356;1588;2160;1707;2067;2532;2693;2544;2620;3292;4555;5188;6384;7762;8438;8918;10525;11702;13540;12592;7708;26147;-;-;-;-;-;-;-
;;;;;;;;;;;;;;;;;;;;;;;;;;;;;;;;;;;;;;;;;;;;;;;;;;;;;;;;
                    Municipal Services (2) ;-;-;-;-;-;-;-;-;-;-;-;-;26292;26224;19070;17063;11890;-;8110;7017;5430;-;11882;5922;6121;5224;4880;4893;5445;6546;5400;5710;7224;7965;5393;6192;8976;11588;13576;14954;16509;18748;21201;25460;31729;34610;34192;21246;47941;-;-;-;-;-;-;-
;;;;;;;;;;;;;;;;;;;;;;;;;;;;;;;;;;;;;;;;;;;;;;;;;;;;;;;;
                    Defence & Security (2) ;-;-;-;-;-;-;-;-;-;-;-;-;82533;92889;75565;79892;63956;-;54226;50080;47812;-;122666;57601;61692;53549;49501;50025;67975;78231;68700;74866;78850;69382;70303;78414;95146;110779;132922;143336;154752;169667;181991;211867;251325;302859;306947;213207;287541;-;-;-;-;-;-;-
;;;;;;;;;;;;;;;;;;;;;;;;;;;;;;;;;;;;;;;;;;;;;;;;;;;;;;;;
                    Public Administration and other Government Spending (2) ;-;-;-;-;-;-;-;-;-;-;-;-;43113;44586;47218;43928;38584;-;30974;25058;31345;-;100480;49176;58171;40530;39706;37952;30836;25067;16458;19277;37372;39316;44848;49936;51665;62814;61756;63031;79148;92017;93820;107551;119948;84558;80575;68553;127339;-;-;-;-;-;-;-
;;;;;;;;;;;;;;;;;;;;;;;;;;;;;;;;;;;;;;;;;;;;;;;;;;;;;;;;
                    (4)Government Lending Institutions (2) ;-;-;-;-;-;-;-;-;-;-;-;-;24850;23382;20000;17500;9300;-;3590;590;-;-;2123;648;714;523;476;415;439;500;420;436;411;373;375;387;502;575;1026;479;524;596;635;10785;14950;15375;14978;3895;759;-;-;-;-;-;-;-
;;;;;;;;;;;;;;;;;;;;;;;;;;;;;;;;;;;;;;;;;;;;;;;;;;;;;;;;
                    Subsidies (2) ;-;-;-;-;-;-;-;-;-;-;-;-;9100;11162;9086;10529;8343;-;6145;5325;4873;-;10050;7107;9167;6970;6915;6859;7133;7271;4756;5490;6151;5831;6600;5276;8318;8469;12808;14329;17602;20764;22410;32840;47502;43553;42127;32535;32220;-;-;-;-;-;-;-
;;;;;;;;;;;;;;;;;;;;;;;;;;;;;;;;;;;;;;;;;;;;;;;;;;;;;;;;
                    Budget Support Provision (2) ;-;-;-;-;-;-;-;-;-;-;-;-;-;-;-;-;-;-;-;-;-;-;-;-;-;-;-;-;-;-;-;-;-;-;-;-;-;-;-;-;-;-;-;-;-;-;-;183000;-;-;-;-;-;-;-;-
;;;;;;;;;;;;;;;;;;;;;;;;;;;;;;;;;;;;;;;;;;;;;;;;;;;;;;;;
                    Total Expenditures (2) ;-;-;-;-;-;-;-;-;-;-;-;-;298000;313400;260000;260000;200000;-;159646;141200;140460;-;359601;181000;196950;160000;150000;150000;181000;196000;165000;185000;215000;202000;209000;230000;280000;335000;380000;410000;475000;540000;580000;690000;820000;855000;860000;840000;890000;-;-;-;-;-;-;-
;;;;;;;;;;;;;;;;;;;;;;;;;;;;;;;;;;;;;;;;;;;;;;;;;;;;;;;;
                    Deficit_Surplus (Expected) (2) ;-;-;-;-;-;-;-;-;-;-;-;-;42000;0;-35000;-45900;0;-;-52720;-35900;-;-;-;-30000;-27800;-40000;-15000;-18500;-17000;-18000;-44000;-28000;0;-45000;-39000;-30000;0;55000;20000;40000;-65000;-70000;-40000;12000;9000;0;-145000;-326197;-198000;-;-;-;-;-;-;-
;;;;;;;;;;;;;;;;;;;;;;;;;;;;;;;;;;;;;;;;;;;;;;;;;;;;;;;;
State Annual Budget Projections-By Sectors from 2016;-;-;-;-;-;-;-;-;-;-;-;-;-;-;-;-;-;-;-;-;-;-;-;-;-;-;-;-;-;-;-;-;-;-;-;-;-;-;-;-;-;-;-;-;-;-;-;-;-;-;-;-;-;-;-;-
;;;;;;;;;;;;;;;;;;;;;;;;;;;;;;;;;;;;;;;;;;;;;;;;;;;;;;;;
          Oil Revenues (3) ;-;-;-;-;-;-;-;-;-;-;-;-;-;-;-;-;-;-;-;-;-;-;-;-;-;-;-;-;-;-;-;-;-;-;-;-;-;-;-;-;-;-;-;-;-;-;-;333800;480000;492000;661875;513000;-;-;-;-
;;;;;;;;;;;;;;;;;;;;;;;;;;;;;;;;;;;;;;;;;;;;;;;;;;;;;;;;
          Non-oil Revenues  (3) ;-;-;-;-;-;-;-;-;-;-;-;-;-;-;-;-;-;-;-;-;-;-;-;-;-;-;-;-;-;-;-;-;-;-;-;-;-;-;-;-;-;-;-;-;-;-;-;180000;212000;291343;313408;320065;-;-;-;-
;;;;;;;;;;;;;;;;;;;;;;;;;;;;;;;;;;;;;;;;;;;;;;;;;;;;;;;;
          Total Revenues (3) ;-;-;-;-;-;-;-;-;-;-;-;-;-;-;-;-;-;-;-;-;-;-;-;-;-;-;-;-;-;-;-;-;-;-;-;-;-;-;-;-;-;-;-;-;-;-;-;513800;692000;783343;975283;833065;849064;1045090;1130000;1172000
;;;;;;;;;;;;;;;;;;;;;;;;;;;;;;;;;;;;;;;;;;;;;;;;;;;;;;;;
          Education (3) ;-;-;-;-;-;-;-;-;-;-;-;-;-;-;-;-;-;-;-;-;-;-;-;-;-;-;-;-;-;-;-;-;-;-;-;-;-;-;-;-;-;-;-;-;-;-;-;207145;200329;192361;192622;193168,2;185702,095569189;185102,641974165;189010,555631235;195000
;;;;;;;;;;;;;;;;;;;;;;;;;;;;;;;;;;;;;;;;;;;;;;;;;;;;;;;;
          Economic Resources (3) ;-;-;-;-;-;-;-;-;-;-;-;-;-;-;-;-;-;-;-;-;-;-;-;-;-;-;-;-;-;-;-;-;-;-;-;-;-;-;-;-;-;-;-;-;-;-;-;36798;47261;105309;131340;97645,1;72395,0617715404;53591,3182462153;71770,7163108311;84000
;;;;;;;;;;;;;;;;;;;;;;;;;;;;;;;;;;;;;;;;;;;;;;;;;;;;;;;;
          Health & Social Development (3) ;-;-;-;-;-;-;-;-;-;-;-;-;-;-;-;-;-;-;-;-;-;-;-;-;-;-;-;-;-;-;-;-;-;-;-;-;-;-;-;-;-;-;-;-;-;-;-;124835;120420;146549;172041;166980,37;174676,861405183;138236,062168257;189342,941965471;214000
;;;;;;;;;;;;;;;;;;;;;;;;;;;;;;;;;;;;;;;;;;;;;;;;;;;;;;;;
          Infrastructure and Transport (3) ;-;-;-;-;-;-;-;-;-;-;-;-;-;-;-;-;-;-;-;-;-;-;-;-;-;-;-;-;-;-;-;-;-;-;-;-;-;-;-;-;-;-;-;-;-;-;-;30827;52164;54166;70243;55705,27;45819,3104114648;42037,7095875936;34026,5761599523;38000
;;;;;;;;;;;;;;;;;;;;;;;;;;;;;;;;;;;;;;;;;;;;;;;;;;;;;;;;
          Military (3) ;-;-;-;-;-;-;-;-;-;-;-;-;-;-;-;-;-;-;-;-;-;-;-;-;-;-;-;-;-;-;-;-;-;-;-;-;-;-;-;-;-;-;-;-;-;-;-;179099;190854;210000;190978;181923,2;175096,131059966;170899,763826625;259248,781318204;269000
;;;;;;;;;;;;;;;;;;;;;;;;;;;;;;;;;;;;;;;;;;;;;;;;;;;;;;;;
          Municipality Service (3) ;-;-;-;-;-;-;-;-;-;-;-;-;-;-;-;-;-;-;-;-;-;-;-;-;-;-;-;-;-;-;-;-;-;-;-;-;-;-;-;-;-;-;-;-;-;-;-;34687;47942;53410;62238;53560,04;50799,3336160288;49589,3308086191;63118,1227908321;81000
;;;;;;;;;;;;;;;;;;;;;;;;;;;;;;;;;;;;;;;;;;;;;;;;;;;;;;;;
          Public Administration (3) ;-;-;-;-;-;-;-;-;-;-;-;-;-;-;-;-;-;-;-;-;-;-;-;-;-;-;-;-;-;-;-;-;-;-;-;-;-;-;-;-;-;-;-;-;-;-;-;28464;26716;26202;27542;28018,22;33571,5053029463;32259,8851725073;36946,5532533214;43000
;;;;;;;;;;;;;;;;;;;;;;;;;;;;;;;;;;;;;;;;;;;;;;;;;;;;;;;;
          General Items (3) ;-;-;-;-;-;-;-;-;-;-;-;-;-;-;-;-;-;-;-;-;-;-;-;-;-;-;-;-;-;-;-;-;-;-;-;-;-;-;-;-;-;-;-;-;-;-;-;95750;107627;89239;156169;140652,07;151122,833513813;182003,094976191;165135,412495086;216000
;;;;;;;;;;;;;;;;;;;;;;;;;;;;;;;;;;;;;;;;;;;;;;;;;;;;;;;;
          Security and Regional Administration (3) ;-;-;-;-;-;-;-;-;-;-;-;-;-;-;-;-;-;-;-;-;-;-;-;-;-;-;-;-;-;-;-;-;-;-;-;-;-;-;-;-;-;-;-;-;-;-;-;102395;96687;100764;102827;102347,98;100816,867349659;101280,165411206;105400,34007503;112000
;;;;;;;;;;;;;;;;;;;;;;;;;;;;;;;;;;;;;;;;;;;;;;;;;;;;;;;;
          TOTAL  (3) ;-;-;-;-;-;-;-;-;-;-;-;-;-;-;-;-;-;-;-;-;-;-;-;-;-;-;-;-;-;-;-;-;-;-;-;-;-;-;-;-;-;-;-;-;-;-;-;840000;890000;978000;1106000;1020000,45;989999,99999979;954999,972171379;1114000;1251000
;;;;;;;;;;;;;;;;;;;;;;;;;;;;;;;;;;;;;;;;;;;;;;;;;;;;;;;;
          Deficit / Surplus ( Expected )  (3) ;-;-;-;-;-;-;-;-;-;-;-;-;-;-;-;-;-;-;-;-;-;-;-;-;-;-;-;-;-;-;-;-;-;-;-;-;-;-;-;-;-;-;-;-;-;-;-;-326200;-198000;-194657;-130717;-186935,45;-140935,99999979;90090,0278286207;16000;-79000
;;;;;;;;;;;;;;;;;;;;;;;;;;;;;;;;;;;;;;;;;;;;;;;;;;;;;;;;
Annual Government  Revenues And Expenditures by Sector -Actual;-;-;-;-;-;-;-;-;-;-;-;-;-;-;-;-;-;-;-;-;-;-;-;-;-;-;-;-;-;-;-;-;-;-;-;-;-;-;-;-;-;-;-;-;-;-;-;-;-;-;-;-;-;-;-;-
;;;;;;;;;;;;;;;;;;;;;;;;;;;;;;;;;;;;;;;;;;;;;;;;;;;;;;;;
          Revenues;-;-;-;-;-;-;-;-;-;-;-;-;-;-;-;-;-;-;-;-;-;-;-;-;-;-;-;-;-;-;-;-;-;-;-;-;-;-;-;-;-;-;-;-;-;-;-;-;-;-;-;-;-;-;-;-
;;;;;;;;;;;;;;;;;;;;;;;;;;;;;;;;;;;;;;;;;;;;;;;;;;;;;;;;
                    Oil Revenues (4) ;-;-;-;-;-;-;-;-;-;-;-;-;-;-;-;-;-;-;-;-;-;-;-;-;-;-;-;-;-;-;-;-;-;-;-;-;-;-;-;-;-;-;-;-;-;-;-;333699;435900;611239;594424;413049;562191;857271,755811325;754561,766128312;-
;;;;;;;;;;;;;;;;;;;;;;;;;;;;;;;;;;;;;;;;;;;;;;;;;;;;;;;;
                    Non-oil Revenues (4) ;-;-;-;-;-;-;-;-;-;-;-;-;-;-;-;-;-;-;-;-;-;-;-;-;-;-;-;-;-;-;-;-;-;-;-;-;-;-;-;-;-;-;-;-;-;-;-;185749;255605;294370;332422;368785;403295;410891,39162156;457727,83454694;-
;;;;;;;;;;;;;;;;;;;;;;;;;;;;;;;;;;;;;;;;;;;;;;;;;;;;;;;;
                    Total Revenues (4) ;-;-;-;-;-;-;-;-;-;-;-;-;-;-;-;-;-;-;-;-;-;-;-;-;-;-;-;-;-;-;-;-;-;-;-;-;-;-;-;-;-;-;-;-;-;-;-;519448;691505;905609;926846;781834;965486;1268164;1212289,60067525;-
;;;;;;;;;;;;;;;;;;;;;;;;;;;;;;;;;;;;;;;;;;;;;;;;;;;;;;;;
          Expenditures;-;-;-;-;-;-;-;-;-;-;-;-;-;-;-;-;-;-;-;-;-;-;-;-;-;-;-;-;-;-;-;-;-;-;-;-;-;-;-;-;-;-;-;-;-;-;-;-;-;-;-;-;-;-;-;-
;;;;;;;;;;;;;;;;;;;;;;;;;;;;;;;;;;;;;;;;;;;;;;;;;;;;;;;;
                    Education (4) ;-;-;-;-;-;-;-;-;-;-;-;-;-;-;-;-;-;-;-;-;-;-;-;-;-;-;-;-;-;-;-;-;-;-;-;-;-;-;-;-;-;-;-;-;-;-;-;207201;207426;208993;202050,12;205028,72302497;191908,24778267;201523;209931,79684359;-
;;;;;;;;;;;;;;;;;;;;;;;;;;;;;;;;;;;;;;;;;;;;;;;;;;;;;;;;
                    Economic Resources (4) ;-;-;-;-;-;-;-;-;-;-;-;-;-;-;-;-;-;-;-;-;-;-;-;-;-;-;-;-;-;-;-;-;-;-;-;-;-;-;-;-;-;-;-;-;-;-;-;38504;47556;105085;93527,36;61463,096612345;71067,76779123;76519;85412,12406445;-
;;;;;;;;;;;;;;;;;;;;;;;;;;;;;;;;;;;;;;;;;;;;;;;;;;;;;;;;
                    Health & Social Development (4) ;-;-;-;-;-;-;-;-;-;-;-;-;-;-;-;-;-;-;-;-;-;-;-;-;-;-;-;-;-;-;-;-;-;-;-;-;-;-;-;-;-;-;-;-;-;-;-;102113;134453;175487;190324,87;190372,156194418;197199,56357517;226637;255902,810904295;-
;;;;;;;;;;;;;;;;;;;;;;;;;;;;;;;;;;;;;;;;;;;;;;;;;;;;;;;;
                    Infrastructure and Transport (4) ;-;-;-;-;-;-;-;-;-;-;-;-;-;-;-;-;-;-;-;-;-;-;-;-;-;-;-;-;-;-;-;-;-;-;-;-;-;-;-;-;-;-;-;-;-;-;-;37835;35136;48596;58595,45;59684,66232481;50993,08781484;41414;40460,07093318;-
;;;;;;;;;;;;;;;;;;;;;;;;;;;;;;;;;;;;;;;;;;;;;;;;;;;;;;;;
                    Military (4) ;-;-;-;-;-;-;-;-;-;-;-;-;-;-;-;-;-;-;-;-;-;-;-;-;-;-;-;-;-;-;-;-;-;-;-;-;-;-;-;-;-;-;-;-;-;-;-;206467;227623;242362;207593,4;204125,27454981;201891,10282916;228067;254476,910902102;-
;;;;;;;;;;;;;;;;;;;;;;;;;;;;;;;;;;;;;;;;;;;;;;;;;;;;;;;;
                    Municipality Service (4) ;-;-;-;-;-;-;-;-;-;-;-;-;-;-;-;-;-;-;-;-;-;-;-;-;-;-;-;-;-;-;-;-;-;-;-;-;-;-;-;-;-;-;-;-;-;-;-;25128;54929;45924;49898,39;47346,56873233;38562,73997091;75448;76992,39606197;-
;;;;;;;;;;;;;;;;;;;;;;;;;;;;;;;;;;;;;;;;;;;;;;;;;;;;;;;;
                    Public Administration (4) ;-;-;-;-;-;-;-;-;-;-;-;-;-;-;-;-;-;-;-;-;-;-;-;-;-;-;-;-;-;-;-;-;-;-;-;-;-;-;-;-;-;-;-;-;-;-;-;26949;29767;31132;30928,91;36217,7365764675;34165,2968000726;40867;47925,513326545;-
;;;;;;;;;;;;;;;;;;;;;;;;;;;;;;;;;;;;;;;;;;;;;;;;;;;;;;;;
                    General Items (4) ;-;-;-;-;-;-;-;-;-;-;-;-;-;-;-;-;-;-;-;-;-;-;-;-;-;-;-;-;-;-;-;-;-;-;-;-;-;-;-;-;-;-;-;-;-;-;-;85017;84710;108451;112839,83;156439,35697184;146659,31899139;159137;207750,11023371;-
;;;;;;;;;;;;;;;;;;;;;;;;;;;;;;;;;;;;;;;;;;;;;;;;;;;;;;;;
                    Security and Regional Administration (4) ;-;-;-;-;-;-;-;-;-;-;-;-;-;-;-;-;-;-;-;-;-;-;-;-;-;-;-;-;-;-;-;-;-;-;-;-;-;-;-;-;-;-;-;-;-;-;-;101299;108397;113437;113686,6;115056,775916381;106485,94953228;114696;114384,35857135;-
;;;;;;;;;;;;;;;;;;;;;;;;;;;;;;;;;;;;;;;;;;;;;;;;;;;;;;;;
                    Total Expenditure (4) ;-;-;-;-;-;-;-;-;-;-;-;-;-;-;-;-;-;-;-;-;-;-;-;-;-;-;-;-;-;-;-;-;-;-;-;-;-;-;-;-;-;-;-;-;-;-;-;830513;929997;1079467;1059444,93;1075734,35090337;1038933,07508772;1164309;1293236,09184119;-
;;;;;;;;;;;;;;;;;;;;;;;;;;;;;;;;;;;;;;;;;;;;;;;;;;;;;;;;
                    Deficit / Surplus ( Expected ) (4) ;-;-;-;-;-;-;-;-;-;-;-;-;-;-;-;-;-;-;-;-;-;-;-;-;-;-;-;-;-;-;-;-;-;-;-;-;-;-;-;-;-;-;-;-;-;-;-;-311065;-238492;-173858;-132598,93;-293900,350903371;-73447,0750877226;103855,147432885;-80946,49116594;-
;;;;;;;;;;;;;;;;;;;;;;;;;;;;;;;;;;;;;;;;;;;;;;;;;;;;;;;;
Annual Government  Revenues And Expenditures;-;-;-;-;-;-;-;-;-;-;-;-;-;-;-;-;-;-;-;-;-;-;-;-;-;-;-;-;-;-;-;-;-;-;-;-;-;-;-;-;-;-;-;-;-;-;-;-;-;-;-;-;-;-;-;-
;;;;;;;;;;;;;;;;;;;;;;;;;;;;;;;;;;;;;;;;;;;;;;;;;;;;;;;;
          Oil Revenues (5) ;5119;7122;9685;13480;39285;94190;93481;121191;114042;115078;189295;319305;328594;186006;145123;121348;88425;42464;67405;48400;75900;-;246297;128790;105976;95505;105728;135982;159985;79998;104447;214424;183915;166100;231000;330000;504540;604470;562186;983369;434420;670235;1034362;1144818;1035048;913347;446432;333699;435900;611239;594424;413049;562191;857271,755811325;754561,766128312;-
;;;;;;;;;;;;;;;;;;;;;;;;;;;;;;;;;;;;;;;;;;;;;;;;;;;;;;;;
          Non-Oil Revenues (5) ;549;818;1435;1888;2420;5913;9903;14766;16617;16427;21901;28795;39412;60176;61296;50161;45140;34034;36406;36200;38700;-;70342;40857;35469;33486;40772;43103;45515;61610;43007;43641;44244;46900;62000;62291;59795;69212;80614;117624;75385;70637;83165;101720;117564;126794;166261;185749;255605;294370;332422;368785;403295;410891,39162156;457727,83454694;-
;;;;;;;;;;;;;;;;;;;;;;;;;;;;;;;;;;;;;;;;;;;;;;;;;;;;;;;;
          Total Revenues (5) ;5668;7940;11120;15368;41705;100103;103384;135957;130659;131505;211196;348100;368006;246182;206419;171509;133565;76498;103811;84600;114600;-;316639;169647;141445;128991;146500;179085;205500;141608;147454;258065;228159;213000;293000;392291;564335;673682;642800;1100993;509805;740872;1117527;1246538;1152612;1040141;612693;519448;691505;905609;926846;781834;965486;1268164;1212289,60067525;-
;;;;;;;;;;;;;;;;;;;;;;;;;;;;;;;;;;;;;;;;;;;;;;;;;;;;;;;;
          Current Expenditures (5) ;3853;3989;4756;5654;8470;15207;37931;73621;71417;83488;102447;132661;113636;102248;124052;121696;119865;98894;134419;116283;118303;-;377205;162350;184878;161380;148776;171258;218880;171163;167195;216958;223508;203500;223530;247649;284173;322411;347199;388839;416594;483996;583895;713330;731873;821160;790979;696358;722208;891146,85147751;889996;920646,37804639;921715,754646525;1020845;1106739,73167697;-
;;;;;;;;;;;;;;;;;;;;;;;;;;;;;;;;;;;;;;;;;;;;;;;;;;;;;;;;
          Capital Expenditures (5) ;2175;2304;3374;4504;10125;19832;43304;54652;66631;64484;83277;104094;171014;142664;106134;94667;64139;38528;50500;24573;36567;-;110220;76637;3012;2396;25167;26859;2392;18897;16646;18364;31632;30000;33470;37551;62301;70911;119049;131230;179840;169890;242805;203868;262861;319443;210313;134155;207791;188320,42986037;169449;155087,58649598;117217,2743862;143464;186496,36016422;-
;;;;;;;;;;;;;;;;;;;;;;;;;;;;;;;;;;;;;;;;;;;;;;;;;;;;;;;;
          Total Expenditures (5) ;6028;6293;8130;10158;18595;35039;81235;128273;138048;147972;185724;236755;284650;244912;230186;216363;184004;137422;184919;140856;154870;-;487425;238987;187890;163776;173943;198117;221272;190060;183841;235322;255140;233500;257000;285200;346474;393322;466248;520069;596434;653886;826700;917198;994734;1140603;1001292;830513;929997;1079467;1059444,93;1075734,35090337;1038933,07508772;1164309;1293236,09184119;-
;;;;;;;;;;;;;;;;;;;;;;;;;;;;;;;;;;;;;;;;;;;;;;;;;;;;;;;;
          Deficit_Surplus (Actual) (5) ;-360;1647;2990;5210;23110;65064;22149;7684;-7389;-16467;25472;111345;83356;1270;-23767;-44854;-50439;-60924;-81108;-56256;-40270;-;-170786;-69340;-46445;-34785;-27443;-19032;-15772;-48452;-36387;22743;-26981;-20500;36000;107091;217861;280360;176552;580924;-86629;86986;290827;329340;157878;-100462;-388599;-311065;-238492;-173858;-132598,93;-293900,35090337;-73447,0750877199;103855;-80946,49116594;-
