,Public Debt,Borrowed,Internal (1),External (1),Repaid,Internal (1),External (1),Outstanding Public Debt at year end,Internal (1),External (1),Total Public Debt (1),State Annual Budget Projections-By Sectors from 1981-2017,Revenues,Oil Revenues (2),Other Revenues (2),Total Revenues (2),Expenditures,Human Resource Development  (2),Transport & Communications (2),Economic Resource Development (2),Health & Social Development (2),Infrastructure Development (2),Municipal Services (2),Defence & Security (2),Public Administration and other Government Spending (2),(4)Government Lending Institutions (2),Subsidies (2),Budget Support Provision (2),Total Expenditures (2),Deficit_Surplus (Expected) (2),State Annual Budget Projections-By Sectors from 2016,Oil Revenues (3),Non-oil Revenues  (3),Total Revenues (3),Education (3),Economic Resources (3),Health & Social Development (3),Infrastructure and Transport (3),Military (3),Municipality Service (3),Public Administration (3),General Items (3),Security and Regional Administration (3),TOTAL  (3),Deficit / Surplus ( Expected )  (3),Annual Government  Revenues And Expenditures by Sector -Actual,Revenues,Oil Revenues (4),Non-oil Revenues (4),Total Revenues (4),Expenditures,Education (4),Economic Resources (4),Health & Social Development (4),Infrastructure and Transport (4),Military (4),Municipality Service (4),Public Administration (4),General Items (4),Security and Regional Administration (4),Total Expenditure (4),Deficit / Surplus ( Expected ) (4),Annual Government  Revenues And Expenditures,Oil Revenues (5),Non-Oil Revenues (5),Total Revenues (5),Current Expenditures (5),Capital Expenditures (5),Total Expenditures (5),Deficit_Surplus (Actual) (5)
1969,,,,,,,,,,,,,,,,,,,,,,,,,,,,,,,,,,,,,,,,,,,,,,,,,,,,,,,,,,,,,,,,5119.0,549.0,5668.0,3853.0,2175.0,6028.0,-360.0
1970,,,,,,,,,,,,,,,,,,,,,,,,,,,,,,,,,,,,,,,,,,,,,,,,,,,,,,,,,,,,,,,,7122.0,818.0,7940.0,3989.0,2304.0,6293.0,1647.0
1971,,,,,,,,,,,,,,,,,,,,,,,,,,,,,,,,,,,,,,,,,,,,,,,,,,,,,,,,,,,,,,,,9685.0,1435.0,11120.0,4756.0,3374.0,8130.0,2990.0
1972,,,,,,,,,,,,,,,,,,,,,,,,,,,,,,,,,,,,,,,,,,,,,,,,,,,,,,,,,,,,,,,,13480.0,1888.0,15368.0,5654.0,4504.0,10158.0,5210.0
1973,,,,,,,,,,,,,,,,,,,,,,,,,,,,,,,,,,,,,,,,,,,,,,,,,,,,,,,,,,,,,,,,39285.0,2420.0,41705.0,8470.0,10125.0,18595.0,23110.0
1974,,,,,,,,,,,,,,,,,,,,,,,,,,,,,,,,,,,,,,,,,,,,,,,,,,,,,,,,,,,,,,,,94190.0,5913.0,100103.0,15207.0,19832.0,35039.0,65064.0
1975,,,,,,,,,,,,,,,,,,,,,,,,,,,,,,,,,,,,,,,,,,,,,,,,,,,,,,,,,,,,,,,,93481.0,9903.0,103384.0,37931.0,43304.0,81235.0,22149.0
1976,,,,,,,,,,,,,,,,,,,,,,,,,,,,,,,,,,,,,,,,,,,,,,,,,,,,,,,,,,,,,,,,121191.0,14766.0,135957.0,73621.0,54652.0,128273.0,7684.0
1977,,,,,,,,,,,,,,,,,,,,,,,,,,,,,,,,,,,,,,,,,,,,,,,,,,,,,,,,,,,,,,,,114042.0,16617.0,130659.0,71417.0,66631.0,138048.0,-7389.0
1978,,,,,,,,,,,,,,,,,,,,,,,,,,,,,,,,,,,,,,,,,,,,,,,,,,,,,,,,,,,,,,,,115078.0,16427.0,131505.0,83488.0,64484.0,147972.0,-16467.0
1979,,,,,,,,,,,,,,,,,,,,,,,,,,,,,,,,,,,,,,,,,,,,,,,,,,,,,,,,,,,,,,,,189295.0,21901.0,211196.0,102447.0,83277.0,185724.0,25472.0
1980,,,,,,,,,,,,,,,,,,,,,,,,,,,,,,,,,,,,,,,,,,,,,,,,,,,,,,,,,,,,,,,,319305.0,28795.0,348100.0,132661.0,104094.0,236755.0,111345.0
1981,,,,,,,,,,,,,,333968.0,6032.0,340000.0,,26248.0,35343.0,22679.0,13716.0,14126.0,26292.0,82533.0,43113.0,24850.0,9100.0,,298000.0,42000.0,,,,,,,,,,,,,,,,,,,,,,,,,,,,,,,,,,328594.0,39412.0,368006.0,113636.0,171014.0,284650.0,83356.0
1982,,,,,,,,,,,,,,270579.0,42821.0,313400.0,,31864.0,32533.0,22045.0,17010.0,11705.0,26224.0,92889.0,44586.0,23382.0,11162.0,,313400.0,0.0,,,,,,,,,,,,,,,,,,,,,,,,,,,,,,,,,,186006.0,60176.0,246182.0,102248.0,142664.0,244912.0,1270.0
1983,,,,,,,,,,,,,,164496.0,60504.0,225000.0,,27736.0,24950.0,13202.0,13591.0,9582.0,19070.0,75565.0,47218.0,20000.0,9086.0,,260000.0,-35000.0,,,,,,,,,,,,,,,,,,,,,,,,,,,,,,,,,,145123.0,61296.0,206419.0,124052.0,106134.0,230186.0,-23767.0
1984,,,,,,,,,,,,,,164500.0,49600.0,214100.0,,30413.0,22175.0,12533.0,16134.0,9833.0,17063.0,79892.0,43928.0,17500.0,10529.0,,260000.0,-45900.0,,,,,,,,,,,,,,,,,,,,,,,,,,,,,,,,,,121348.0,50161.0,171509.0,121696.0,94667.0,216363.0,-44854.0
1985,,,,,,,,,,,,,,154250.0,45750.0,200000.0,,24533.0,14497.0,9081.0,12892.0,6924.0,11890.0,63956.0,38584.0,9300.0,8343.0,,200000.0,0.0,,,,,,,,,,,,,,,,,,,,,,,,,,,,,,,,,,88425.0,45140.0,133565.0,119865.0,64139.0,184004.0,-50439.0
1986,,,,,,,,,,,,,,,,,,,,,,,,,,,,,,,,,,,,,,,,,,,,,,,,,,,,,,,,,,,,,,,,42464.0,34034.0,76498.0,98894.0,38528.0,137422.0,-60924.0
1987,,,,,,,,,,,,,,74183.0,32743.0,106926.0,,23689.0,10904.0,6615.0,11094.0,4299.0,8110.0,54226.0,30974.0,3590.0,6145.0,,159646.0,-52720.0,,,,,,,,,,,,,,,,,,,,,,,,,,,,,,,,,,67405.0,36406.0,103811.0,134419.0,50500.0,184919.0,-81108.0
1988,,,,,,,,,,,,,,73525.0,31775.0,105300.0,,23388.0,9493.0,5888.0,10806.0,3555.0,7017.0,50080.0,25058.0,590.0,5325.0,,141200.0,-35900.0,,,,,,,,,,,,,,,,,,,,,,,,,,,,,,,,,,48400.0,36200.0,84600.0,116283.0,24573.0,140856.0,-56256.0
1989,,,,,,,,,,,,,,,,,,24004.0,8516.0,5039.0,10634.0,2807.0,5430.0,47812.0,31345.0,,4873.0,,140460.0,,,,,,,,,,,,,,,,,,,,,,,,,,,,,,,,,,,75900.0,38700.0,114600.0,118303.0,36567.0,154870.0,-40270.0
1990,,,,,,,,,,,,,,,,,,,,,,,,,,,,,,,,,,,,,,,,,,,,,,,,,,,,,,,,,,,,,,,,,,,,,,
1991,,,,,,,,,,,,,,,,,,56392.0,17420.0,9184.0,24492.0,4912.0,11882.0,122666.0,100480.0,2123.0,10050.0,,359601.0,,,,,,,,,,,,,,,,,,,,,,,,,,,,,,,,,,,246297.0,70342.0,316639.0,377205.0,110220.0,487425.0,-170786.0
1992,,,,,,,,,,,,,,117693.0,33307.0,151000.0,,31855.0,8452.0,4615.0,13534.0,2090.0,5922.0,57601.0,49176.0,648.0,7107.0,,181000.0,-30000.0,,,,,,,,,,,,,,,,,,,,,,,,,,,,,,,,,,128790.0,40857.0,169647.0,162350.0,76637.0,238987.0,-69340.0
1993,,,,,,,,,,,,,,121703.0,47447.0,169150.0,,32121.0,8197.0,5063.0,13626.0,2078.0,6121.0,61692.0,58171.0,714.0,9167.0,,196950.0,-27800.0,,,,,,,,,,,,,,,,,,,,,,,,,,,,,,,,,,105976.0,35469.0,141445.0,184878.0,3012.0,187890.0,-46445.0
1994,,,,,,,,,,,,,,86933.0,33067.0,120000.0,,29226.0,6855.0,4284.0,11259.0,1580.0,5224.0,53549.0,40530.0,523.0,6970.0,,160000.0,-40000.0,,,,,,,,,,,,,,,,,,,,,,,,,,,,,,,,,,95505.0,33486.0,128991.0,161380.0,2396.0,163776.0,-34785.0
1995,,,,,,,,,,,,,,101461.0,33539.0,135000.0,,26912.0,6199.0,3855.0,10161.0,1395.0,4880.0,49501.0,39706.0,476.0,6915.0,,150000.0,-15000.0,,,,,,,,,,,,,,,,,,,,,,,,,,,,,,,,,,105728.0,40772.0,146500.0,148776.0,25167.0,173943.0,-27443.0
1996,,,,,,,,,,,,,,99606.0,31894.0,131500.0,,27536.0,6310.0,4544.0,10110.0,1356.0,4893.0,50025.0,37952.0,415.0,6859.0,,150000.0,-18500.0,,,,,,,,,,,,,,,,,,,,,,,,,,,,,,,,,,135982.0,43103.0,179085.0,171258.0,26859.0,198117.0,-19032.0
1997,,,,,,,,,,,,,,129444.0,34556.0,164000.0,,41595.0,6890.0,4733.0,14366.0,1588.0,5445.0,67975.0,30836.0,439.0,7133.0,,181000.0,-17000.0,,,,,,,,,,,,,,,,,,,,,,,,,,,,,,,,,,159985.0,45515.0,205500.0,218880.0,2392.0,221272.0,-15772.0
1998,,,,,,,,,,,,,,136800.0,41200.0,178000.0,,45498.0,8517.0,5820.0,16390.0,2160.0,6546.0,78231.0,25067.0,500.0,7271.0,,196000.0,-18000.0,,,,,,,,,,,,,,,,,,,,,,,,,,,,,,,,,,79998.0,61610.0,141608.0,171163.0,18897.0,190060.0,-48452.0
1999,,,,,,,,,,,,,,75881.0,45119.0,121000.0,,42792.0,5197.0,4418.0,15152.0,1707.0,5400.0,68700.0,16458.0,420.0,4756.0,,165000.0,-44000.0,,,,,,,,,,,,,,,,,,,,,,,,,,,,,,,,,,104447.0,43007.0,147454.0,167195.0,16646.0,183841.0,-36387.0
2000,,,,,,,,,,,,,,117895.0,39105.0,157000.0,,49284.0,5534.0,5955.0,16381.0,2067.0,5710.0,74866.0,19277.0,436.0,5490.0,,185000.0,-28000.0,,,,,,,,,,,,,,,,,,,,,,,,,,,,,,,,,,214424.0,43641.0,258065.0,216958.0,18364.0,235322.0,22743.0
2001,,,,,,,,,,,,,,169000.0,46000.0,215000.0,,53010.0,5732.0,5629.0,18089.0,2532.0,7224.0,78850.0,37372.0,411.0,6151.0,,215000.0,0.0,,,,,,,,,,,,,,,,,,,,,,,,,,,,,,,,,,183915.0,44244.0,228159.0,223508.0,31632.0,255140.0,-26981.0
2002,,,,,,,,,,,,,,97000.0,60000.0,157000.0,,47037.0,5464.0,4969.0,18970.0,2693.0,7965.0,69382.0,39316.0,373.0,5831.0,,202000.0,-45000.0,,,,,,,,,,,,,,,,,,,,,,,,,,,,,,,,,,166100.0,46900.0,213000.0,203500.0,30000.0,233500.0,-20500.0
2003,,,,,,,,,,,,,,110000.0,60000.0,170000.0,,49609.0,5634.0,6927.0,16767.0,2544.0,5393.0,70303.0,44848.0,375.0,6600.0,,209000.0,-39000.0,,,,,,,,,,,,,,,,,,,,,,,,,,,,,,,,,,231000.0,62000.0,293000.0,223530.0,33470.0,257000.0,36000.0
2004,,,,,,,,,,,,,,145000.0,55000.0,200000.0,,55832.0,6352.0,7020.0,17971.0,2620.0,6192.0,78414.0,49936.0,387.0,5276.0,,230000.0,-30000.0,,,,,,,,,,,,,,,,,,,,,,,,,,,,,,,,,,330000.0,62291.0,392291.0,247649.0,37551.0,285200.0,107091.0
2005,,,41445.0,,,192406.0125,,,459646.9875,,459646.9875,,,220000.0,60000.0,280000.0,,69899.0,8629.0,10516.0,23057.0,3292.0,8976.0,95146.0,51665.0,502.0,8318.0,,280000.0,0.0,,,,,,,,,,,,,,,,,,,,,,,,,,,,,,,,,,504540.0,59795.0,564335.0,284173.0,62301.0,346474.0,217861.0
2006,,,35997.0,,,131022.0,,,364622.0,,364622.0,,,320000.0,70000.0,390000.0,,87164.0,9804.0,12454.0,26798.0,4555.0,11588.0,110779.0,62814.0,575.0,8469.0,,335000.0,55000.0,,,,,,,,,,,,,,,,,,,,,,,,,,,,,,,,,,604470.0,69212.0,673682.0,322411.0,70911.0,393322.0,280360.0
2007,,,11180.0,,,109040.0,,,266762.0,,266762.0,,,330000.0,70000.0,400000.0,,96483.0,11329.0,13902.0,31010.0,5188.0,13576.0,132922.0,61756.0,1026.0,12808.0,,380000.0,20000.0,,,,,,,,,,,,,,,,,,,,,,,,,,,,,,,,,,562186.0,80614.0,642800.0,347199.0,119049.0,466248.0,176552.0
2008,,,298.0,,,32026.0,,,235034.0,,235034.0,,,370000.0,80000.0,450000.0,,104600.0,12143.0,16317.0,34426.0,6384.0,14954.0,143336.0,63031.0,479.0,14329.0,,410000.0,40000.0,,,,,,,,,,,,,,,,,,,,,,,,,,,,,,,,,,983369.0,117624.0,1100993.0,388839.0,131230.0,520069.0,580924.0
2009,,,217.0,,,10143.0,,,225108.0,,225108.0,,,320000.0,90000.0,410000.0,,121942.0,14642.0,21692.0,40426.0,7762.0,16509.0,154752.0,79148.0,524.0,17602.0,,475000.0,-65000.0,,,,,,,,,,,,,,,,,,,,,,,,,,,,,,,,,,434420.0,75385.0,509805.0,416594.0,179840.0,596434.0,-86629.0
2010,,,15.0,,,58124.0,,,166999.0,,166999.0,,,400000.0,70000.0,470000.0,,137440.0,16442.0,29288.0,46600.0,8438.0,18748.0,169667.0,92017.0,596.0,20764.0,,540000.0,-70000.0,,,,,,,,,,,,,,,,,,,,,,,,,,,,,,,,,,670235.0,70637.0,740872.0,483996.0,169890.0,653886.0,86986.0
2011,,,5422.0,,,36922.0,,,135499.0,,135499.0,,,468000.0,72000.0,540000.0,,148307.0,17334.0,32938.0,52447.0,8918.0,21201.0,181991.0,93820.0,635.0,22410.0,,580000.0,-40000.0,,,,,,,,,,,,,,,,,,,,,,,,,,,,,,,,,,1034362.0,83165.0,1117527.0,583895.0,242805.0,826700.0,290827.0
2012,,,0.0,,,51651.0,,,83848.0,,83848.0,,,621000.0,81000.0,702000.0,,167970.0,20566.0,41152.0,61284.0,10525.0,25460.0,211867.0,107551.0,10785.0,32840.0,,690000.0,12000.0,,,,,,,,,,,,,,,,,,,,,,,,,,,,,,,,,,1144818.0,101720.0,1246538.0,713330.0,203868.0,917198.0,329340.0
2013,,,0.0,,,23730.0,,,60118.0,,60118.0,,,727000.0,102000.0,829000.0,,203147.0,22063.0,46696.0,70938.0,11702.0,31729.0,251325.0,119948.0,14950.0,47502.0,,820000.0,9000.0,,,,,,,,,,,,,,,,,,,,,,,,,,,,,,,,,,1035048.0,117564.0,1152612.0,731873.0,262861.0,994734.0,157878.0
2014,,,0.0,,,15858.0,,,44260.0,,44260.0,,,735000.0,120000.0,855000.0,,209296.0,23506.0,49537.0,78166.0,13540.0,34610.0,302859.0,84558.0,15375.0,43553.0,,855000.0,0.0,,,,,,,,,,,,,,,,,,,,,,,,,,,,,,,,,,913347.0,126794.0,1040141.0,821160.0,319443.0,1140603.0,-100462.0
2015,,,98000.0,,,0.0,,,142260.0,,142260.0,,,581300.0,133700.0,715000.0,,216022.0,22348.0,48148.0,82071.0,12592.0,34192.0,306947.0,80575.0,14978.0,42127.0,,860000.0,-145000.0,,,,,,,,,,,,,,,,,,,,,,,,,,,,,,,,,,446432.0,166261.0,612693.0,790979.0,210313.0,1001292.0,-388599.0
2016,,,97020.0,103125.0,,25825.0,0.0,,213455.0,103125.0,316580.0,,,333800.0,180000.0,513800.0,,191572.0,12301.0,26025.0,79958.0,7708.0,21246.0,213207.0,68553.0,3895.0,32535.0,183000.0,840000.0,-326197.0,,333800.0,180000.0,513800.0,207145.0,36798.0,124835.0,30827.0,179099.0,34687.0,28464.0,95750.0,102395.0,840000.0,-326200.0,,,333699.0,185749.0,519448.0,,207201.0,38504.0,102113.0,37835.0,206467.0,25128.0,26949.0,85017.0,101299.0,830513.0,-311065.0,,333699.0,185749.0,519448.0,696358.0,134155.0,830513.0,-311065.0
2017,,,58455.0,80625.0,,12408.0,0.0,,259502.0,183750.0,443252.0,,,480000.0,212000.0,692000.0,,200242.0,25258.0,47051.0,95502.0,26147.0,47941.0,287541.0,127339.0,759.0,32220.0,,890000.0,-198000.0,,480000.0,212000.0,692000.0,200329.0,47261.0,120420.0,52164.0,190854.0,47942.0,26716.0,107627.0,96687.0,890000.0,-198000.0,,,435900.0,255605.0,691505.0,,207426.0,47556.0,134453.0,35136.0,227623.0,54929.0,29767.0,84710.0,108397.0,929997.0,-238492.0,,435900.0,255605.0,691505.0,722208.0,207791.0,929997.0,-238492.0
2018,,,48750.0,71250.0,,3272.0,0.0,,304980.0,255000.0,559980.0,,,,,,,,,,,,,,,,,,,,,492000.0,291343.0,783343.0,192361.0,105309.0,146549.0,54166.0,210000.0,53410.0,26202.0,89239.0,100764.0,978000.0,-194657.0,,,611239.0,294370.0,905609.0,,208993.0,105085.0,175487.0,48596.0,242362.0,45924.0,31132.0,108451.0,113437.0,1079467.0,-173858.0,,611239.0,294370.0,905609.0,891146.85147751,188320.42986037,1079467.0,-173858.0
2019,,,69839.0,50161.0,,2055.0,0.0,,372764.0,305161.0,677925.0,,,,,,,,,,,,,,,,,,,,,661875.0,313408.0,975283.0,192622.0,131340.0,172041.0,70243.0,190978.0,62238.0,27542.0,156169.0,102827.0,1106000.0,-130717.0,,,594424.0,332422.0,926846.0,,202050.12,93527.36,190324.87,58595.45,207593.4,49898.39,30928.91,112839.83,113686.6,1059444.93,-132598.93,,594424.0,332422.0,926846.0,889996.0,169449.0,1059444.93,-132598.93
2020,,,174252.5,45747.47,,44360.0,49.83,,502656.019,350859.12,853515.139,,,,,,,,,,,,,,,,,,,,,513000.0,320065.0,833065.0,193168.2,97645.1,166980.37,55705.27,181923.2,53560.04,28018.22,140652.07,102347.98,1020000.45,-186935.45,,,413049.0,368785.0,781834.0,,205028.72302497,61463.096612345,190372.156194418,59684.66232481,204125.27454981,47346.56873233,36217.7365764675,156439.35697184,115056.775916381,1075734.35090337,-293900.350903371,,413049.0,368785.0,781834.0,920646.37804639,155087.58649598,1075734.35090337,-293900.35090337
2021,,,108753.65,49143.76,,52662.68,20739.32,,558746.99,379264.0,938010.99,,,,,,,,,,,,,,,,,,,,,,,849064.0,185702.095569189,72395.0617715404,174676.861405183,45819.3104114648,175096.131059966,50799.3336160288,33571.5053029463,151122.833513813,100816.867349659,989999.99999979,-140935.99999979,,,562191.0,403295.0,965486.0,,191908.24778267,71067.76779123,197199.56357517,50993.08781484,201891.10282916,38562.73997091,34165.2968000726,146659.31899139,106485.94953228,1038933.07508772,-73447.0750877226,,562191.0,403295.0,965486.0,921715.754646525,117217.2743862,1038933.07508772,-73447.0750877199
2022,,,106649.0,18750.0,,50441.0,22886.0,,614955.0,375128.0,990083.0,,,,,,,,,,,,,,,,,,,,,,,1045090.0,185102.641974165,53591.3182462153,138236.062168257,42037.7095875936,170899.763826625,49589.3308086191,32259.8851725073,182003.094976191,101280.165411206,954999.972171379,90090.0278286207,,,857271.755811325,410891.39162156,1268164.0,,201523.0,76519.0,226637.0,41414.0,228067.0,75448.0,40867.0,159137.0,114696.0,1164309.0,103855.147432885,,857271.755811325,410891.39162156,1268164.0,1020845.0,143464.0,1164309.0,103855.0
2023,,,87982.51632691,101250.0,,58533.2,70132.0,,644405.31632691,405877.0,1050282.31632691,,,,,,,,,,,,,,,,,,,,,,,1130000.0,189010.555631235,71770.7163108311,189342.941965471,34026.5761599523,259248.781318204,63118.1227908321,36946.5532533214,165135.412495086,105400.34007503,1114000.0,16000.0,,,754561.766128312,457727.83454694,1212289.60067525,,209931.79684359,85412.12406445,255902.810904295,40460.07093318,254476.910902102,76992.39606197,47925.513326545,207750.11023371,114384.35857135,1293236.09184119,-80946.49116594,,754561.766128312,457727.83454694,1212289.60067525,1106739.73167697,186496.36016422,1293236.09184119,-80946.49116594
2024,,,,,,,,,,,,,,,,,,,,,,,,,,,,,,,,,,1172000.0,195000.0,84000.0,214000.0,38000.0,269000.0,81000.0,43000.0,216000.0,112000.0,1251000.0,-79000.0,,,,,,,,,,,,,,,,,,,,,,,,,
