Column;2007;2008;2009;2010;2011;2012;2013;2014;2015;2016 p;2017 p;2018 p;2019 p;2020 p;2021 p;2022 p;2023 p
;;;;;;;;;;;;;;;;;
Assets;1857731,95;2365560,15;2384914,5875;2653484,5575;3089529,405;3509626,3;3854670,175;4057027,709;3731100,92279783;3558160,89352119;3742778,41412625;3998834,43306668;4369996,66128474;4303552,61340613;4680979,97345017;5089341,03470244;5352001,79786026
;;;;;;;;;;;;;;;;;
          Direct investment abroad ;63928;76665;84829,5;99480;112342,195;128848;147385,35;214803,3125;236701,91875;304519,703625;346638,600607415;396504,906642604;468847,382579101;489139,112505233;580024,216587801;701505,020893948;764131,387047623
;;;;;;;;;;;;;;;;;
    Portfolio investment;393551,2;369721,75;455763,3;548130,25;593240,015;628243,5;668169,35;746214,3195;765603,14875;763393,80933698;882779,20392707;943617,445661916;1087058,4110525;1264308,74382877;1451539,7417983;1462220,26175502;1702105,57550209
;;;;;;;;;;;;;;;;;
              Equity and investment fund shares ;197472,25;188237,5;220529,05;294661,375;305640,015;345666;371093,35;416348,1245;413695,73275;426791,01107861;600605,89726591;668956,453111176;804113,998931626;1025000,17945066;1230319,88652966;1253399,25317381;1457267,78990348
;;;;;;;;;;;;;;;;;
              Debt securities ;196078,95;181484,25;235234,25;253468,875;287600;282577,5;297076;329866,195;351907,416;336602,79825837;282173,30666116;274660,99255074;282944,41212087;239308,56437811;221219,85526864;208821,00858121;244837,785598613
;;;;;;;;;;;;;;;;;
    Other Investment;254106,75;259183,15;306415,7875;336612,3075;343892,195;290381,8;317647,475;349685,077;417228,4025;481008,036575403;651772,950866653;796503,113035152;940680,311897099;848895,835233887;941777,196776515;1201175,76796408;1247359,92313162
;;;;;;;;;;;;;;;;;
              Trade Credit ;-;-;-;-;-;-;-;-;-;39079,875;48795;49457,625;48475,875;42521,625;39442,125;80955,375;104111
;;;;;;;;;;;;;;;;;
              Loans ;10208;14086;13936,9;10755;9698;9053;7073;5405,191;4717,05;4545,469;30877,056;62134,234;78638,523;95628,36283768;79018,25141739;77531,89457739;37134,7799634443
;;;;;;;;;;;;;;;;;
              Currency and deposits ;205574,75;234874,15;272849,6875;283266,3075;294270,945;259416,55;284826,725;319910,568;395446,6275;418071,747575403;527332,420866653;540446,955035152;619822,288775719;667685,374881109;770575,663989035;996996,366198437;1065393,15698063
;;;;;;;;;;;;;;;;;
              Other accounts ;38324;10223;19629,2;42591;39923,25;21912,25;25747,75;24369,318;17064,725;19310,945;44768,474;144464,299;193743,62512138;43060,472515098;52741,15637009;45692,13218825;40720,98618755
;;;;;;;;;;;;;;;;;
    Reserve Assets;1146146;1659990,25;1537906;1669262;2040055;2462153;2721468;2746325;2311567,45279783;2009239,34398381;1861587,65872511;1862208,96772701;1873410,55575605;1701208,92183824;1707638,81828756;1724439,98408939;1638404,91217892
;;;;;;;;;;;;;;;;;
              Monetary gold ;756;1624;1624;1624;1624;1624;1624;1624;1623,50262039;1623,50262039;1623,50262039;1623,50262039;1623,50247581;1623,50247581;1623,50247581;1623,50247581;1623,50247581
;;;;;;;;;;;;;;;;;
              SDR ;2704;2756,25;40980;39922;38600;36974;36172;34045;33766,73;27600,59;29312,72;30333,3881;31437,8618264398;31509,6243793474;80782,5669931112;77306,2730898782;78423,560790878
;;;;;;;;;;;;;;;;;
              Reserve position in the Fund ;2741;5190;7564;7430;18233;21111;19354;14703;11230,16;7276,93;5775,76;6189,9924;9429,72095727807;13656,9968191304;14618,9336234076;14710,1400903721;13856,0987105732
;;;;;;;;;;;;;;;;;
          Other reserve assets;1139945;1650420;1487738;1620286;1981598;2402444;2664318;2695953;2264947,06017744;1972738,32136342;1824875,67610472;1824062,08460662;1830919,47049652;1654418,79816395;1610613,81519523;1630800,06843333;1544501,75020166
;;;;;;;;;;;;;;;;;
                    Currency and deposits ;349386;496173;416196;438370;556609;737282;716614;702296;763905,57061196;613767,97195943;585222,22503598;625756,83080877;637185,24429983;545431,8529631;494048,76664738;516695,23586595;558754,40448214
;;;;;;;;;;;;;;;;;
                    Securities ;790559;1154247;1071542;1181916;1424989;1665162;1947704;1993657;1501041,48956548;1358970,34940399;1239653,45106874;1198305,25379785;1193734,22619669;1108986,94520085;1116565,04854785;1114104,83256738;985747,345719517
;;;;;;;;;;;;;;;;;
Liabilities;455905,493374686;494585,933256885;520205,031562821;533740,194365015;550575,721349769;570454,841290816;600862,065102793;625112,452522711;712688,731506115;895053,513194197;1021507,55800962;1204617,40446187;1461225,14975496;1675886,5273119;2020578,93693351;2141622,0115678;2407971,85854296
;;;;;;;;;;;;;;;;;
          Direct investment in the reporting economy ;298012,493374686;318659,933256885;320296,250562821;338592,104545015;356156,564099769;375038,042290816;387680,824002793;393339,81058018;408229,72589751;496241,469513089;501813,580920752;550077,126872764;559402,163549472;570720,131258594;658932,096006925;762017,467748332;808213,859622399
;;;;;;;;;;;;;;;;;
    Portfolio Investment;-;11998;14657;13566;23737;38144;64503,48;62693,8253425305;122182,92;185983,92;277749,737839;318422,545;525791,04;634201,676;773946,255375;819232,773625;974483,043625
;;;;;;;;;;;;;;;;;
              Equity and investment fund shares ;-;-;-;-;-;33949;56582;54994,5836337987;107178;105578;101594,767839;123580,1;235850,2;254483,2;352045,7;382950;455597
;;;;;;;;;;;;;;;;;
              Debt securities ;-;-;-;-;-;4195;7921,48;7699,24170873182;15004,92;80405,92;176154,97;194842,445;289940,84;379718,476;421900,555375;436282,773625;518886,043625
;;;;;;;;;;;;;;;;;
    Other Investment;157893;163928;185251,781;181582,08982;170682,15725;157272,799;148677,7611;169078,8166;182276,085608605;212828,123681108;241944,23924987;336117,732589105;376031,946205485;470964,720053308;587700,58555159;560371,770194473;625274,955295558
;;;;;;;;;;;;;;;;;
              Loans ;50003;54026;48991,1;50210,6;45801;42399;34542;35862,567;46256,289;83490,19;94964,451;190282,657353435;162074,220353435;271583,96967001;293980,02450421;308396,078439413;300939,775740848
;;;;;;;;;;;;;;;;;
              Currency and deposits ;103256;106143;95309,1;92578;84883;73345;72709;92888,798;96165,43662643;92933,4383581976;106544,72187335;106493,09413567;167466,52685205;159210,72553386;205151,60010738;164079,43644299;223691,85100197
;;;;;;;;;;;;;;;;;
              Other account ;4634;3759;40951,581;38793,48982;39998,15725;41528,799;41426,7611;40327,4516;39854,3599821748;36404,49532291;40435,06637652;39341,9811;46491,199;40170,0248494385;88568,96094;87896,25531207;100643,32855274
;;;;;;;;;;;;;;;;;
Net International Investment Position ;1401826,45662531;1870974,21674311;1864709,55593718;2119744,36313498;2538953,68365023;2939171,45870918;3253808,10989721;3431915,25647729;3018412,19129172;2663107,380327;2721270,85611663;2794217,02860481;2908771,51152979;2627666,08609422;2660401,03651666;2947719,02313463;2944029,9393173
