,Assets,Direct investment abroad,Portfolio investment,Equity and investment fund shares,Debt securities,Other Investment,Trade Credit,Loans,Currency and deposits,Other accounts,Reserve Assets,Monetary gold,SDR,Reserve position in the Fund,Other reserve assets,Currency and deposits,Securities,Liabilities,Direct investment in the reporting economy,Portfolio Investment,Equity and investment fund shares,Debt securities,Other Investment,Loans,Currency and deposits,Other account,Net International Investment Position
2007,1857731.95,63928.0,393551.2,197472.25,196078.95,254106.75,,10208.0,205574.75,38324.0,1146146.0,756.0,2704.0,2741.0,1139945.0,349386.0,790559.0,455905.493374686,298012.493374686,,,,157893.0,50003.0,103256.0,4634.0,1401826.45662531
2008,2365560.15,76665.0,369721.75,188237.5,181484.25,259183.15,,14086.0,234874.15,10223.0,1659990.25,1624.0,2756.25,5190.0,1650420.0,496173.0,1154247.0,494585.933256885,318659.933256885,11998.0,,,163928.0,54026.0,106143.0,3759.0,1870974.21674311
2009,2384914.5875,84829.5,455763.3,220529.05,235234.25,306415.7875,,13936.9,272849.6875,19629.2,1537906.0,1624.0,40980.0,7564.0,1487738.0,416196.0,1071542.0,520205.031562821,320296.250562821,14657.0,,,185251.781,48991.1,95309.1,40951.581,1864709.55593718
2010,2653484.5575,99480.0,548130.25,294661.375,253468.875,336612.3075,,10755.0,283266.3075,42591.0,1669262.0,1624.0,39922.0,7430.0,1620286.0,438370.0,1181916.0,533740.194365015,338592.104545015,13566.0,,,181582.08982,50210.6,92578.0,38793.48982,2119744.36313498
2011,3089529.405,112342.195,593240.015,305640.015,287600.0,343892.195,,9698.0,294270.945,39923.25,2040055.0,1624.0,38600.0,18233.0,1981598.0,556609.0,1424989.0,550575.721349769,356156.564099769,23737.0,,,170682.15725,45801.0,84883.0,39998.15725,2538953.68365023
2012,3509626.3,128848.0,628243.5,345666.0,282577.5,290381.8,,9053.0,259416.55,21912.25,2462153.0,1624.0,36974.0,21111.0,2402444.0,737282.0,1665162.0,570454.841290816,375038.042290816,38144.0,33949.0,4195.0,157272.799,42399.0,73345.0,41528.799,2939171.45870918
2013,3854670.175,147385.35,668169.35,371093.35,297076.0,317647.475,,7073.0,284826.725,25747.75,2721468.0,1624.0,36172.0,19354.0,2664318.0,716614.0,1947704.0,600862.065102793,387680.824002793,64503.48,56582.0,7921.48,148677.7611,34542.0,72709.0,41426.7611,3253808.10989721
2014,4057027.709,214803.3125,746214.3195,416348.1245,329866.195,349685.077,,5405.191,319910.568,24369.318,2746325.0,1624.0,34045.0,14703.0,2695953.0,702296.0,1993657.0,625112.452522711,393339.81058018,62693.8253425305,54994.5836337987,7699.24170873182,169078.8166,35862.567,92888.798,40327.4516,3431915.25647729
2015,3731100.92279783,236701.91875,765603.14875,413695.73275,351907.416,417228.4025,,4717.05,395446.6275,17064.725,2311567.45279783,1623.50262039,33766.73,11230.16,2264947.06017744,763905.57061196,1501041.48956548,712688.731506115,408229.72589751,122182.92,107178.0,15004.92,182276.085608605,46256.289,96165.43662643,39854.3599821748,3018412.19129172
2016 p,3558160.89352119,304519.703625,763393.80933698,426791.01107861,336602.79825837,481008.036575403,39079.875,4545.469,418071.747575403,19310.945,2009239.34398381,1623.50262039,27600.59,7276.93,1972738.32136342,613767.97195943,1358970.34940399,895053.513194197,496241.469513089,185983.92,105578.0,80405.92,212828.123681108,83490.19,92933.4383581976,36404.49532291,2663107.380327
2017 p,3742778.41412625,346638.600607415,882779.20392707,600605.89726591,282173.30666116,651772.950866653,48795.0,30877.056,527332.420866653,44768.474,1861587.65872511,1623.50262039,29312.72,5775.76,1824875.67610472,585222.22503598,1239653.45106874,1021507.55800962,501813.580920752,277749.737839,101594.767839,176154.97,241944.23924987,94964.451,106544.72187335,40435.06637652,2721270.85611663
2018 p,3998834.43306668,396504.906642604,943617.445661916,668956.453111176,274660.99255074,796503.113035152,49457.625,62134.234,540446.955035152,144464.299,1862208.96772701,1623.50262039,30333.3881,6189.9924,1824062.08460662,625756.83080877,1198305.25379785,1204617.40446187,550077.126872764,318422.545,123580.1,194842.445,336117.732589105,190282.657353435,106493.09413567,39341.9811,2794217.02860481
2019 p,4369996.66128474,468847.382579101,1087058.4110525,804113.998931626,282944.41212087,940680.311897099,48475.875,78638.523,619822.288775719,193743.62512138,1873410.55575605,1623.50247581,31437.8618264398,9429.72095727807,1830919.47049652,637185.24429983,1193734.22619669,1461225.14975496,559402.163549472,525791.04,235850.2,289940.84,376031.946205485,162074.220353435,167466.52685205,46491.199,2908771.51152979
2020 p,4303552.61340613,489139.112505233,1264308.74382877,1025000.17945066,239308.56437811,848895.835233887,42521.625,95628.36283768,667685.374881109,43060.472515098,1701208.92183824,1623.50247581,31509.6243793474,13656.9968191304,1654418.79816395,545431.8529631,1108986.94520085,1675886.5273119,570720.131258594,634201.676,254483.2,379718.476,470964.720053308,271583.96967001,159210.72553386,40170.0248494385,2627666.08609422
2021 p,4680979.97345017,580024.216587801,1451539.7417983,1230319.88652966,221219.85526864,941777.196776515,39442.125,79018.25141739,770575.663989035,52741.15637009,1707638.81828756,1623.50247581,80782.5669931112,14618.9336234076,1610613.81519523,494048.76664738,1116565.04854785,2020578.93693351,658932.096006925,773946.255375,352045.7,421900.555375,587700.58555159,293980.02450421,205151.60010738,88568.96094,2660401.03651666
2022 p,5089341.03470244,701505.020893948,1462220.26175502,1253399.25317381,208821.00858121,1201175.76796408,80955.375,77531.89457739,996996.366198437,45692.13218825,1724439.98408939,1623.50247581,77306.2730898782,14710.1400903721,1630800.06843333,516695.23586595,1114104.83256738,2141622.0115678,762017.467748332,819232.773625,382950.0,436282.773625,560371.770194473,308396.078439413,164079.43644299,87896.25531207,2947719.02313463
2023 p,5352001.79786026,764131.387047623,1702105.57550209,1457267.78990348,244837.785598613,1247359.92313162,104111.0,37134.7799634443,1065393.15698063,40720.98618755,1638404.91217892,1623.50247581,78423.560790878,13856.0987105732,1544501.75020166,558754.40448214,985747.345719517,2407971.85854296,808213.859622399,974483.043625,455597.0,518886.043625,625274.955295558,300939.775740848,223691.85100197,100643.32855274,2944029.9393173
