,Gross Fixed Capital Formation By Type Of Capital Assets At Current Prices,Residential Building Construction (1),Non- Residential Building and Other Construction (1),Other Construction (1),Transport Equip (1),Machinery and Equipment (1),Capital Goods not Classified Elsewhere (1) (1),All Capital Goods,TOTAL (1),(a) Government  (1),(b) Non-Government Non-oil (1),(c)  Non-Government oil (1),Change in Stock (1),Gross Capital Formation (2) (1),Gross Domestic Product Per Capita,GDP  ( In Million Rls ) (2),GDP  Per Capita ( Rls ) (2),GDP  Per Capita ( US$ ) (2),Government Final Consumption Expenditure At Current Prices,General Public Service (3),Defence (3),Education (3),Health (3),Social Security & Welfare Services (3),Housing & Community Amenities (3),Other Community & Social Services (3),Economic Services (3),Other Purposes (3),Total (3),Gross Domestic Product By Kind of Economic Activity at Current Prices,"Agriculture, Forestry & Fishing (4)",Mining & Quarrying (4),a) Crude Petroleum & Natural Gas (4),b) Other Mining & Quarrying (4),Manufacturing (4),a) Petroleum Refining (4),b) Manufacturing excluding petroleum refining  (4),"Electricity, Gas and Water (4)",Construction (4),"Wholesale & Retail Trade, Restaurants & hotels (4)","Transport, Storage & Communication (4)","Finance, Insurance, Real Estate & Business Services (4)",a) Real Estate (4),"b) Finance , Insurance and Business sevices (4)","Community, Social & Personal Services (4)",Government Services (4),Gross Value Added  (4),Net Taxes on Products (4),Gross Domestic Product (4),"Real Gross Domestic Product By Kind of Economic Activities (Chain-linked,2018=100,Index)","Agriculture, Forestry & Fishing (4)",Mining & Quarrying (4),a) Crude Petroleum & Natural Gas (4),b) Other Mining & Quarrying (4),Manufacturing (4),a) Petroleum Refining (4),b) Manufacturing excluding petroleum refining  (4),"Electricity, Gas and Water (4)",Construction (4),"Wholesale & Retail Trade, Restaurants & hotels (4)","Transport, Storage & Communication (4)","Finance, Insurance, Real Estate & Business Services (4)",a) Real Estate (4),"b) Finance , Insurance and Business sevices (4)","Community, Social & Personal Services (4)",Government Services (4),Gross Value Added  (4),Net Taxes on Products (4),Gross Domestic Product (4),Gross Domestic Product by Institutional Sectors At Current Prices,Oil Sectors (4),Non-Oil Sector (4),a) Government Sectors (4),b) Private Sectors (4),Gross Value Added (4),Net Taxes on Products (4),Gross Domestic Product (4),"Real Gross Domestic Product by Institutional Sectors  (Chain-linked,2018=100,Index)",Oil Sectors (4),Non-Oil Sector (4),a) Government Sectors (4),b) Private Sectors (4),Gross Value Added (4),Net Taxes on Products (4),Gross Domestic Product (4),Gross Domestic Product by Main Activity At Current Prices,Oil Activities (4),Non-Oil Activities (4),Government Activities (4),Gross Value Added (4),Net Taxes on Products (4),Gross Domestic Product (4),"Real Gross Domestic Product By Main Economic Activities  (Chain-linked,2018=100,Index)",Oil Activities (4),Non-Oil Activities (4),Government Activities (4),Gross Value Added (4),Net Taxes on Products (4),Gross Domestic Product (4),Gross Domestic Product By Expenditure Components at Current Prices,Gross Final Consumption Expenditure (4),a) Govt. Final Consumption Expenditure (4),b) Private Final Consumption Expenditure (4),Gross Fixed Capital Formation (4),Total Fixed Capital Formation (4),a) Public (4),b) Private (4),Change in Stock (4),Domestic Final Demand (4),Net Export (4),Exports of Goods & Services (4),Imports of Goods & Services (4),Expenditure on Gross Domestic Product (4),"Real Gross Domestic Product By Expenditure Components  (Chain-linked,2018=100,Index)",Gross Final Consumption Expenditure (4),a) Govt. Final Consumption Expenditure (4),b) Private Final Consumption Expenditure (4),Gross Fixed Capital Formation (4),a) Public (4),b) Private (4),Exports of Goods & Services (4),Imports of Goods & Services (4),Gross Domestic Product (4),Gross Domestic Product By Sectors,Implicit Deflators,Oil Sector (5),Non-oil Sector (5),GDP (5),Gross Domestic Product at Current Prices,Oil Sector (5),Non-Oil Sector,Government Sector  (5),Private Sector (5),Total (5),Net Taxes on Products (5),Gross Domestic Product (5),"Real Gross Domastic Product (Chain-linked, 2018=100)",Oil Sector (5),Non-Oil Sector,Government Sector  (5),Private Sector (5),Total (5),Net Taxes on Products (5),Gross Domestic Product (5),Contribution Of Services Sector To GDP,Total GDP (2) (6),Services Activity (3) (6),Share % (6),Change % (6)
1970,,,,,,,,,,,,,,,,,,,,,,,,,,,,,,,1022.56233194941,8737.42753677045,8688.43523380004,48.9923029704168,1988.47563782267,1353.13709745825,635.338540364416,2555.35190513703,818.722374385876,1071.40985625841,1080.68149069739,4184.98447612752,3687.51183336046,497.472642767064,358.759246096067,2093.33496313768,23911.7098183825,286.0,24197.7098183825,,6931.94532824491,334133.697620896,330224.593184374,633.530531999402,27770.6297758767,26270.6817453111,5151.19701038936,1139.39349332667,14249.7340540786,6318.49396619485,7028.7416936721,27875.2584778905,21539.1601991905,8254.16542506108,6181.60216315627,69942.5698245882,587415.320768561,3985.77654256514,584562.356725824,,10389.6189711823,13522.0908472002,4619.14070674734,8902.95014045287,23911.7098183825,286.0,24197.7098183825,,379125.51134757,135719.490475802,71248.4199322007,77872.0180528944,587415.320768561,3985.77654256514,584562.356725824,,10041.5723312583,11776.8025239865,2093.33496313768,23911.7098183825,286.0,24197.7098183825,,375274.777227872,83517.3382644142,69942.5698245882,587415.320768561,3985.77654256514,584562.356725824,,11703.6942965814,3836.99330161963,7866.70099496174,5419.51952180114,3068.62749661907,,,2350.89202518207,17123.2138183825,7074.496,12292.716,5218.22,24197.7098183825,,,,,,,,,,,,,2.7404167380489,9.96326378753323,4.13945741458886,,10389.6189711823,,4619.14070674734,8902.95014045287,13522.0908472002,286.0,24197.7098183825,,379125.51134757,,71248.4199322007,77872.0180528944,135719.490475802,3985.77654256514,584562.356725824,,23911.7098183825,8789.17003231707,36.7567610140545,
1971,,,,,,,,,,,,,,,,,,,,,,,,,,,,,,,1061.41308696672,15240.3924880013,15185.4006562776,54.9918317237076,2185.79050885517,1468.9618177108,716.828691144373,2722.77676137187,910.505737062962,1154.60955264176,1236.5584235537,4603.5689208814,4070.07385463028,533.495066251127,401.2492014437,2347.1798684251,31864.0445492037,373.0,32237.0445492037,,7205.25323075518,418667.59036745,413943.792615148,711.129834302101,28313.8830596065,25555.6018190429,5826.13228542874,1207.01678452381,15305.0282778487,6687.13271378466,8196.05813412009,30109.8039054925,23381.1488036006,8592.41271848992,6801.90963338514,76114.7903150035,676183.99758098,5031.14698117023,673586.230720089,,17030.7672921698,14833.2772570339,5078.00288872392,9755.27436830999,31864.0445492037,373.0,32237.0445492037,,462563.083420223,146885.991359446,78076.9424944458,83996.3879056081,676183.99758098,5031.14698117023,673586.230720089,,16654.3624739884,12862.5022067902,2347.1798684251,31864.0445492037,373.0,32237.0445492037,,458737.972898855,90273.4129262744,76114.7903150035,676183.99758098,5031.14698117023,673586.230720089,,12885.004483745,4300.25127212774,8584.7532116173,7725.06106545864,3515.38843484558,,,4209.67263061305,20610.0655492037,11626.979,17402.888,5775.909,32237.0445492037,,,,,,,,,,,,,3.68182587469868,10.0984968816633,4.78588235313853,,17030.7672921698,,5078.00288872392,9755.27436830999,14833.2772570339,373.0,32237.0445492037,,462563.083420223,,78076.9424944458,83996.3879056081,146885.991359446,5031.14698117023,673586.230720089,,31864.0445492037,9743.16596694566,30.5773046227716,10.8542209460146
1972,,,,,,,,,,,,,,,,,,,,,,,,,,,,,,,1125.41308696672,20520.3924880013,20446.4006562776,73.9918317237076,2383.2470706265,1567.9618177108,815.285252915704,2810.93450564997,1237.44290332857,1389.29053869662,1465.99417355473,5390.78936582053,4762.33082907561,628.458536744913,486.843250273131,2805.28137192054,39615.6287548386,440.0,40055.6287548386,,7614.83885825836,529147.993424209,523129.86302956,922.063463314947,29871.5045275715,25954.1160535465,6642.47856233709,1290.00392134418,19747.6074826153,8007.86152334365,9656.59297993942,33664.5022586899,26106.461317047,9705.45815001199,7910.38591451963,84472.3211860387,803913.475880418,5537.08591132536,800119.543960942,,22450.0526751156,17165.576079723,5740.2086448636,11425.3674348594,39615.6287548386,440.0,40055.6287548386,,573747.368828176,165820.386477694,87196.3582959293,95110.5204309121,803913.475880418,5537.08591132536,800119.543960942,,22014.3624739884,14795.9849089297,2805.28137192054,39615.6287548386,440.0,40055.6287548386,,569821.77227619,102188.344947405,84472.3211860387,803913.475880418,5537.08591132536,800119.543960942,,14631.2052233227,5098.13505326921,9533.07017005344,8074.75053151595,4892.01677699918,,,3182.73375451678,22705.9557548386,17349.673,24668.358,7318.685,40055.6287548386,,,,,,,,,,,,,3.9128811555106,10.3519093426019,5.00620551730879,,22450.0526751156,,5740.2086448636,11425.3674348594,17165.576079723,440.0,40055.6287548386,,573747.368828176,,87196.3582959293,95110.5204309121,165820.386477694,5537.08591132536,800119.543960942,,39615.6287548386,11538.1987002656,29.1253706249867,18.4235056593479
1973,,,,,,,,,,,,,,,,,,,,,,,,,,,,,,,1215.11459700134,30803.322390463,30686.3315012327,116.990889230289,2908.2090092509,1964.61125821589,943.59775103501,2934.20563185224,1970.46947355846,1984.90910332681,1943.45163649031,7013.11208035285,6162.02376485681,851.088315496042,574.676295929378,3573.9001316513,54921.3703498766,483.0,55404.3703498766,,8048.98460687996,667916.737390921,659974.430725485,1349.39210073874,32358.9766536581,27425.0706466344,7593.5651897633,1483.52046917714,27896.3889869993,11007.9432203273,12067.5005278973,40064.5851840379,30874.2524162628,12105.3049722673,8273.49125266894,96920.6966236276,986850.662697582,5463.601224793,980107.990433997,,33217.0767733561,21704.2935765205,6895.55631460469,14808.7372619158,54921.3703498766,483.0,55404.3703498766,,715178.692210228,199031.88787948,101568.410311776,115132.681672362,986850.662697582,5463.601224793,980107.990433997,,32650.9427594486,18696.5274587767,3573.9001316513,54921.3703498766,483.0,55404.3703498766,,710589.001145818,123720.156900259,96920.6966236276,986850.662697582,5463.601224793,980107.990433997,,19179.6764621543,7843.65041125264,11336.0260509016,-7427.11911227772,7744.8890016509,,,-15172.0081139286,11752.5573498766,43651.813,55240.15,11588.337,55404.3703498766,,,,,,,,,,,,,4.64458423260629,10.9049327762309,5.65288426281917,,33217.0767733561,,6895.55631460469,14808.7372619158,21704.2935765205,483.0,55404.3703498766,,715178.692210228,,101568.410311776,115132.681672362,199031.88787948,5463.601224793,980107.990433997,,54921.3703498766,15090.0492477506,27.4757333104026,30.7834059696281
1974,,,,,,,,,,,,,,,,,,,,,,,,,,,,,,,1337.69706274569,119368.815293389,119163.844667767,204.970625621795,7834.41447517899,6253.07422907538,1581.34024610361,2419.67182561772,4313.27906976804,3154.95733560746,2057.84845587927,14072.0736921268,12270.291030927,1801.78266119988,1154.92439792888,5060.36867005532,160774.050278297,442.0,161216.050278297,,8436.05713834305,747186.630262409,738004.546745015,1970.92509758624,35087.9830184183,27527.955017585,12063.737195172,1251.99857214049,49528.3481548725,14107.5677445264,11479.5080656045,67031.8558525193,51352.5777736745,21101.1539622976,14982.5090854126,117097.108781966,1146678.67350327,4875.62626037284,1137901.55086424,,126320.436132656,34453.6141456412,8375.84222741615,26077.771918225,160774.050278297,442.0,161216.050278297,,795058.576940689,275958.792418106,118363.049654277,166713.04400988,1146678.67350327,4875.62626037284,1137901.55086424,,125416.918896843,30296.7627113993,5060.36867005532,160774.050278297,442.0,161216.050278297,,790110.438679242,175301.302089075,117097.108781966,1146678.67350327,4875.62626037284,1137901.55086424,,31172.5988838696,13593.3045625905,17579.2943212791,49865.0493944279,14242.2065075095,,,35622.8428869183,81037.6482782975,80178.402,101462.866,21284.464,161216.050278297,,,,,,,,,,,,,15.8881923667468,12.4850575854965,14.1678381715758,,126320.436132656,,8375.84222741615,26077.771918225,34453.6141456412,442.0,161216.050278297,,795058.576940689,,118363.049654277,166713.04400988,275958.792418106,4875.62626037284,1137901.55086424,,160774.050278297,25500.1725515977,15.8608758735986,68.9866754768798
1975,,,,,,,,,,,,,,,,,,,,,,,,,,,,,,,1505.91174256197,97968.8127821649,97562.8825266779,405.930255487042,8227.14577116682,5574.05859737684,2653.08717378998,1566.94465433602,10262.3587697249,5110.49567696341,2549.62617201667,26735.7425761136,23244.0019860376,3491.74059007591,2334.06833552996,7754.66668803625,164015.773168614,514.0,164529.773168614,,9009.68914837465,612484.262472934,604186.470511631,2330.38798988634,33308.9783122139,24475.9402858049,13350.1467417964,919.148355958983,72242.1270035605,17487.4085797865,12093.2701026853,91369.8178139095,72791.1108992028,22909.9585735443,15899.1987745774,140637.677777479,1083528.33824834,4925.2544379857,1075451.61279078,,104875.830999416,59139.9421691984,11401.1536116117,47738.7885575867,164015.773168614,514.0,164529.773168614,,654123.043640432,349418.526095929,138602.896742481,214332.09841322,1083528.33824834,4925.2544379857,1075451.61279078,,103136.941124055,53124.1653565235,7754.66668803625,164015.773168614,514.0,164529.773168614,,649626.350825869,223446.90060956,140637.677777479,1083528.33824834,4925.2544379857,1075451.61279078,,51006.0104298493,23908.4568798732,27097.5535499761,28624.6777387652,28616.7175491241,,,7.96018964104587,79630.6881686144,84899.085,120655.902,35756.817,164529.773168614,,,,,,,,,,,,,16.0330433271,16.9252451579978,15.2986681326984,,104875.830999416,,11401.1536116117,47738.7885575867,59139.9421691984,514.0,164529.773168614,,654123.043640432,,138602.896742481,214332.09841322,349418.526095929,4925.2544379857,1075451.61279078,,164015.773168614,44484.5994486599,27.122147211371,74.4482291586403
1976,,,,,,,,,,,,,,,,,,,,,,,,,,,,,,,1749.84303275907,129173.039198019,128467.159680094,705.879517924687,10333.9183145452,6623.18681123431,3710.73150331087,1320.85904491559,18255.4922858072,7534.6600380925,4424.89430681702,38141.639875141,33110.2996394423,5031.34023569873,3323.85611615243,10773.6500499895,225031.852262239,908.0,225939.852262239,,9701.44046920544,759565.351173782,750559.665176124,2203.55214149241,36659.160739421,29944.5860748767,12459.7557691561,1090.01354707106,75206.1003489561,19320.1676914303,13401.1924020354,97737.5025731344,80303.9173294667,20423.0616314933,12097.1728218048,144045.954018791,1249239.50304787,4932.32003626518,1239174.15794446,,137999.114753575,87032.7375086641,15973.0325558327,71059.7049528314,225031.852262239,908.0,225939.852262239,,811465.402175388,363930.172729913,143006.915760328,223608.391849849,1249239.50304787,4932.32003626518,1239174.15794446,,135090.346491329,79167.8557209204,10773.6500499895,225031.852262239,908.0,225939.852262239,,806399.352605907,233265.753914975,144045.954018791,1249239.50304787,4932.32003626518,1239174.15794446,,76266.6086313919,38076.4605968769,38190.148034515,69514.3076308467,48358.2221731202,,,21156.0854577264,145780.916262239,80158.936,134952.686,54793.75,225939.852262239,,,,,,,,,,,,,17.0061612465085,23.9146803508525,18.2330991018266,,137999.114753575,,15973.0325558327,71059.7049528314,87032.7375086641,908.0,225939.852262239,,811465.402175388,,143006.915760328,223608.391849849,363930.172729913,4932.32003626518,1239174.15794446,,225031.852262239,64198.7003861924,28.5287170419675,44.3166875320183
1977,,,,,,,,,,,,,,,,,,,,,,,,,,,,,,,3000.82969089229,137814.695370802,136853.901148532,960.794222270327,11013.3490850224,5998.46117694517,5014.88790807727,1562.96722459392,24407.1474663164,10139.2439814435,6866.13322226972,45646.6141366461,39390.1070408641,6256.50709578195,4246.90190662697,15412.5181098699,260110.400194483,1411.0,261521.400194483,,14970.9978550439,813101.794272308,803773.560251587,2235.20139620094,39321.8571360153,31007.2870026112,13963.9120399284,1784.17069064803,73980.5666649179,21775.8900827837,14799.24133,97124.7724018219,79503.0929405402,20784.5055872435,12443.0888824255,160209.874747568,1321682.55989626,6225.23553506533,1312178.61831684,,146757.823665077,113352.576529406,22562.2302132518,90790.3463161541,260110.400194483,1411.0,261521.400194483,,867775.717923427,380050.97969125,158440.888504718,230887.787745312,1321682.55989626,6225.23553506533,1312178.61831684,,142852.362325477,101845.519759136,15412.5181098699,260110.400194483,1411.0,261521.400194483,,862333.971651936,241410.2139653,160209.874747568,1321682.55989626,6225.23553506533,1312178.61831684,,116487.373607481,47920.6326480968,68566.740959384,80021.0265870023,66767.1845796548,,,13253.8420073475,196508.400194483,65013.0,150167.0,85154.0,261521.400194483,,,,,,,,,,,,,16.9119532425113,29.8256240837723,19.9303201975614,,146757.823665077,,22562.2302132518,90790.3463161541,113352.576529406,1411.0,261521.400194483,,867775.717923427,,158440.888504718,230887.787745312,380050.97969125,6225.23553506533,1312178.61831684,,260110.400194483,82311.4113568562,31.6447982454037,28.2135165691911
1978,,,,,,,,,,,,,,,,,,,,,,,,,,,,,,,4092.12045859943,121455.839715129,120344.164561193,1111.67515393514,12099.2307325663,5612.17382742184,6487.05690514442,2028.92072369261,27859.1263202212,12718.3335784438,9306.57149439991,55099.5769029729,47307.2794965585,7792.29740641444,5346.23396041543,21038.429615426,271044.383501866,1827.0,272871.383501866,,13160.6359155956,736557.907084783,727660.261368578,2169.21694556115,42526.458666383,32875.9678736462,15368.155060872,2646.62024725444,75173.2886242878,27339.292300188,17652.9432083417,112168.07942775,91921.645397662,23839.0473576845,13986.2192917904,158147.131275987,1324751.22577626,5728.53473255548,1314439.92834053,,130551.545106406,140492.83839546,30076.1956535779,110416.642741882,271044.383501866,1827.0,272871.383501866,,791576.34712265,417094.542984238,161823.445707339,257638.796562359,1324751.22577626,5728.53473255548,1314439.92834053,,125956.338388615,124049.615497825,21038.429615426,271044.383501866,1827.0,272871.383501866,,785792.422507025,270087.390938046,158147.131275987,1324751.22577626,5728.53473255548,1314439.92834053,,152789.214226762,66216.7427872617,86572.4714395008,99019.1692751035,81836.2359009988,,,17182.9333741048,251808.383501866,21063.0,134571.0,113508.0,272871.383501866,,,,,,,,,,,,,16.4926030926715,33.6836913257744,20.7595172376089,,130551.545106406,,30076.1956535779,110416.642741882,140492.83839546,1827.0,272871.383501866,,791576.34712265,,161823.445707339,257638.796562359,417094.542984238,5728.53473255548,1314439.92834053,,271044.383501866,103509.145551658,38.1890021900953,25.753092852339
1979,,,,,,,,,,,,,,,,,,,,,,,,,,,,,,,4452.15300393109,189013.044694228,187710.51468428,1302.53000994872,18567.3499910651,10393.1876652061,8174.16232585907,2305.60082303223,32764.3766271592,16234.4208519769,11677.275557862,65716.8019087394,56137.3747986318,9579.42711010761,6779.51045935932,26267.6346643469,373778.168581701,2160.0,375938.168581701,,11443.384694135,845470.43923315,836366.596125524,2090.35852531814,46527.4137758878,35268.2325449979,17249.8011718493,2922.44041117569,81348.262855343,32939.3204947433,18543.5036250163,123671.759686372,100753.8425513,27226.2415413981,15993.5223570889,152780.206926235,1471795.40523749,5246.49514168441,1458553.95143044,,203623.145781086,170155.022800614,37211.7410440005,132943.281756614,373778.168581701,2160.0,375938.168581701,,906237.077450591,448304.714106503,159319.422392238,282863.780593952,1471795.40523749,5246.49514168441,1458553.95143044,,198103.702349486,149406.831567868,26267.6346643469,373778.168581701,2160.0,375938.168581701,,899811.316903276,296182.846901931,152780.206926235,1471795.40523749,5246.49514168441,1458553.95143044,,199644.233315597,81404.2039140819,118240.029401515,98803.9352661033,93679.5804447084,,,5124.3548213949,298448.168581701,77490.0,206226.0,128736.0,375938.168581701,,,,,,,,,,,,,22.4690813086036,37.9552160498117,25.7747180495455,,203623.145781086,,37211.7410440005,132943.281756614,170155.022800614,2160.0,375938.168581701,,906237.077450591,,159319.422392238,282863.780593952,448304.714106503,5246.49514168441,1458553.95143044,,373778.168581701,126675.643442285,33.8905944996613,22.3811120912643
1980,,,,,,,,,,,,,,,,,,,,,,,,,,,,,,,5220.05526575539,324628.976525782,323006.541550586,1622.4349751957,21811.6009510928,11815.8395828029,9995.76136828996,3101.55572852966,40295.094813665,20468.2296619106,13345.8239609498,74868.1749022011,62448.1668268109,12420.0080753902,7602.05670206844,33505.1661499837,544846.734661939,2534.0,547380.734661939,,12918.2701507985,884713.249842913,875384.783270969,2093.15768493469,48738.3542121044,34973.7265991099,19358.7643593733,3175.30645326256,90560.1100106018,39201.8862934002,18392.6796005329,131035.149107611,104101.542147252,33083.6173105563,15188.7052306452,166239.04494432,1557580.80729807,5221.85697621161,1543115.51721067,,341641.476505477,203205.258156462,46704.2515942759,156501.006562186,544846.734661939,2534.0,547380.734661939,,946801.747115179,484516.165946089,171630.180497883,305954.137968206,1557580.80729807,5221.85697621161,1543115.51721067,,334822.381133389,176519.187378566,33505.1661499837,544846.734661939,2534.0,547380.734661939,,939949.494133726,319725.208500629,166239.04494432,1557580.80729807,5221.85697621161,1543115.51721067,,224070.585989257,86981.3007579712,137089.285231286,125402.148672681,113438.270887063,,,11963.8777856183,349472.734661939,197908.0,347345.0,149437.0,547380.734661939,,,,,,,,,,,,,36.0837395522799,41.9398303789666,35.4724405630618,,341641.476505477,,46704.2515942759,156501.006562186,203205.258156462,2534.0,547380.734661939,,946801.747115179,,171630.180497883,305954.137968206,484516.165946089,5221.85697621161,1543115.51721067,,544846.734661939,149789.451377114,27.4920343369688,18.2464499936487
1981,,,,,,,,,,,,,,,,,,,,,,,,,,,,,,,6057.99662284997,357622.735624714,355690.35767037,1932.37795434389,29488.1686084612,16902.630733361,12585.5378751002,3938.44226848273,48376.2849814074,25275.6567894692,15564.8744423913,83403.9203460172,66410.8529099409,16993.0674360763,9443.69071675745,41558.5433544744,620730.313755025,2637.0,623367.313755025,,13509.579278395,875955.192342039,866293.48120447,2278.47658398946,52567.4622919261,35143.681279613,23161.2634582225,3253.82338711698,99490.3487286526,47421.7862938634,20629.5304371381,139546.091848264,107295.810681693,40494.0056923952,17963.8942885925,176804.881893744,1605089.73701632,4660.14871597517,1589143.17853596,,380798.259880481,239932.053874544,57303.2185766134,182628.835297931,620730.313755025,2637.0,623367.313755025,,937934.279713876,531707.133952082,184373.997955293,337621.032391961,1605089.73701632,4660.14871597517,1589143.17853596,,372592.988403731,206578.781996819,41558.5433544744,620730.313755025,2637.0,623367.313755025,,930828.291183296,353127.872662512,176804.881893744,1605089.73701632,4660.14871597517,1589143.17853596,,287468.857025118,121863.869030525,165604.987994593,131898.456729907,132261.671221149,,,-363.214491242077,419367.313755025,204000.0,391591.0,187591.0,623367.313755025,,,,,,,,,,,,,40.5996739981234,45.124851361533,39.2266299333279,,380798.259880481,,57303.2185766134,182628.835297931,239932.053874544,2637.0,623367.313755025,,937934.279713876,,184373.997955293,337621.032391961,531707.133952082,4660.14871597517,1589143.17853596,,620730.313755025,175246.68564911,28.2323388701573,16.9953451581207
1982,,,,,,,,,,,,,,,,,,,,,,,,,,,,,,,8154.89829851447,237819.015723801,235924.701230681,1894.31449312039,25112.4647748453,10628.0263940372,14484.4383808081,1164.10671755142,48211.8411086643,28118.1715878897,17153.3130377293,91909.5473409301,70186.1994786279,21723.3478623022,11694.7626902053,52747.7906447484,522085.911924879,3248.0,525333.911924879,,14548.7000600282,586839.064492334,578487.34228562,2563.38805395009,56957.0030130315,35856.4776636994,26290.6361772604,3712.86247925952,97324.6211214769,53609.3224772078,22236.5489086733,148747.103724617,112701.826806831,45332.4218301356,19290.3005066272,189760.033448302,1344908.06450486,4845.32018813312,1333146.43882374,,254737.018245304,267348.893679575,67177.8040982576,200171.089581317,522085.911924879,3248.0,525333.911924879,,636805.6142765,564936.361159627,198233.817255474,357478.3897735,1344908.06450486,4845.32018813312,1333146.43882374,,246552.727624718,222785.393655413,52747.7906447484,522085.911924879,3248.0,525333.911924879,,630979.354708339,374230.185643923,189760.033448302,1344908.06450486,4845.32018813312,1333146.43882374,,328507.514667625,137555.095020925,190952.4196467,135817.397257255,130766.96552521,,,5050.43173204496,464324.911924879,61009.0,266511.0,205502.0,525333.911924879,,,,,,,,,,,,,40.0023197871333,47.3237185743889,39.4055669074427,,254737.018245304,,67177.8040982576,200171.089581317,267348.893679575,3248.0,525333.911924879,,636805.6142765,,198233.817255474,357478.3897735,564936.361159627,4845.32018813312,1333146.43882374,,522085.911924879,201623.585301503,38.6188519353331,15.051297292553
1983,,,,,,,,,,,,,,,,,,,,,,,,,,,,,,,9417.83906944924,145661.123090267,143812.834044469,1848.28904579809,27406.1150777536,11552.5612876747,15853.5537900789,1657.06439130104,43935.1632438201,29339.831623808,18087.7160239156,97028.5115712091,73160.5295527306,23867.9820184786,12792.4001628459,57285.1207425138,442610.884996883,3677.0,446287.884996883,,15837.5767335842,413814.337076492,406309.092899716,2617.64498759784,61441.7692956894,38540.6187962295,28435.577323355,4078.44621344184,88520.9246650545,54944.5143361054,23651.8349632697,151620.879411628,116171.619914401,44684.4760346199,18781.0079165679,202407.774626991,1195078.32878211,5385.40364859382,1186587.36270739,,163118.355357063,279492.529639821,72126.0135523565,207366.516087464,442610.884996883,3677.0,446287.884996883,,459947.361792304,574367.255431971,210709.649760536,358613.383211442,1195078.32878211,5385.40364859382,1186587.36270739,,155365.395332143,229960.368922226,57285.1207425138,442610.884996883,3677.0,446287.884996883,,454899.772569889,375974.864121606,202407.774626991,1195078.32878211,5385.40364859382,1186587.36270739,,334079.595225102,132834.398445123,201245.196779979,153302.289771781,120238.082755282,,,33064.2070164992,487381.884996883,-41094.0,171681.0,212775.0,446287.884996883,,,,,,,,,,,,,35.464570276353,48.6609441949506,37.6110431497101,,163118.355357063,,72126.0135523565,207366.516087464,279492.529639821,3677.0,446287.884996883,,459947.361792304,,210709.649760536,358613.383211442,574367.255431971,5385.40364859382,1186587.36270739,,442610.884996883,214533.580124292,48.4700190158684,6.4030181803802
1984,,,,,,,,,,,,,,,,,,,,,,,,,,,,,,,11387.6753102801,122114.440749347,120251.174323391,1863.26642595605,31899.0090826617,13551.1478597969,18347.8612228648,885.471212411808,37472.2435151292,29403.5398363601,18579.9849450843,90997.3877141841,68359.1197848555,22638.2679293286,13365.406649588,61480.0553866357,417585.214401682,3973.0,421558.214401682,,18896.9015220963,375900.816053463,368669.754963838,2563.34157463411,68283.2840284188,40359.591703753,33099.4913785238,4526.64591177051,76203.3397953263,51029.1379847977,24591.8236083533,140838.108404121,108389.087603831,40959.840790754,19026.5291475761,215450.757717513,1146049.38302744,5771.17754892289,1139035.3069596,,140670.743779451,276914.470622232,75238.0505447107,201676.420077521,417585.214401682,3973.0,421558.214401682,,423043.500002301,562230.198394754,222335.155804472,342604.052037437,1146049.38302744,5771.17754892289,1139035.3069596,,133802.322183188,222302.836831858,61480.0553866357,417585.214401682,3973.0,421558.214401682,,418417.684232487,359913.775241752,215450.757717513,1146049.38302744,5771.17754892289,1139035.3069596,,328274.704427361,127048.449084874,201226.255342487,138392.509974321,106050.46817522,,,32342.0417991011,466667.214401682,-45109.0,145530.0,190639.0,421558.214401682,,,,,,,,,,,,,33.2520754434676,49.2528632245051,37.0101095045892,,140670.743779451,,75238.0505447107,201676.420077521,276914.470622232,3973.0,421558.214401682,,423043.500002301,,222335.155804472,342604.052037437,562230.198394754,5771.17754892289,1139035.3069596,,417585.214401682,213826.374531852,51.2054467345602,-0.329647970276015
1985,,,,,,,,,,,,,,,,,,,,21041.0,47236.0,20075.0,6872.0,359.0,4706.0,2739.0,11235.0,5788.0,120051.0,,13560.108417635,90044.2469820594,88232.9697159363,1811.2772661231,29260.0089277254,9931.1798492099,19328.8290785155,2538.7412838556,32164.6043658953,29262.4096568221,18486.5416549726,76920.2988309224,55417.1410686483,21503.1577622741,15268.3783923843,64902.8292490927,372408.167761365,3910.0,376318.167761365,,22360.6525595884,294674.968833335,287907.557927823,2468.37712856101,75017.3345525789,48065.4863342799,34970.9908308283,4544.51665078779,63012.4105521693,51131.9717131491,24541.9735317261,127858.786228414,96849.6956305335,38785.3031970602,21755.9740688685,227703.256984367,1062734.06274492,5694.02276885707,1056890.22743314,,104450.983772146,267957.183989219,79200.8822653548,188756.301723864,372408.167761365,3910.0,376318.167761365,,342697.977756516,550273.580431359,232526.799231571,327353.74996771,1062734.06274492,5694.02276885707,1056890.22743314,,98164.1495651462,209341.188947126,64902.8292490927,372408.167761365,3910.0,376318.167761365,,338548.795802385,344243.090644166,227703.256984367,1062734.06274492,5694.02276885707,1056890.22743314,,320315.395349649,120051.365031767,200264.030317881,80731.7724117164,83872.7724117165,,,-3141.00000000006,401047.167761365,-24729.0,113163.0,137892.0,376318.167761365,,,,,,,,,,,,,30.479019589184,48.6952660491473,35.6061734694364,,104450.983772146,,79200.8822653548,188756.301723864,267957.183989219,3910.0,376318.167761365,,342697.977756516,,232526.799231571,327353.74996771,550273.580431359,5694.02276885707,1056890.22743314,,372408.167761365,204840.457784194,55.0042871013113,-4.20243609673116
1986,,,,,,,,,,,,,,,,,,,,20313.0,41392.0,19453.0,6671.0,340.0,4519.0,2612.0,10576.0,5758.0,111634.0,,15594.0367577761,62957.3062137084,61200.1491602993,1757.15705340909,24173.0278679149,5580.46684911453,18592.5610188004,4476.74732696303,27928.5600237235,27771.8031466564,17672.8055281281,59732.2017005203,41113.2406969119,18618.9610036084,14549.5177873447,63919.3278253512,318775.334178086,3245.0,322020.334178086,,25716.8701693017,430027.378878799,426279.757548031,2400.31629800956,75897.7234746216,57453.5603536161,33822.2746788873,4764.30711434377,54665.9409073691,48524.4678169032,23749.7863785468,107032.951176124,79885.3611177835,33571.5257675053,20709.784066483,228318.077736108,1075578.71822993,4814.45827610679,1067545.13530276,,72666.1309962794,246109.203181807,78807.7307758208,167301.472405986,318775.334178086,3245.0,322020.334178086,,493082.247047131,515567.182391902,231225.226358196,299524.763521934,1075578.71822993,4814.45827610679,1067545.13530276,,66780.6160094138,188075.390343321,63919.3278253512,318775.334178086,3245.0,322020.334178086,,491457.801604516,315486.652935833,228318.077736108,1075578.71822993,4814.45827610679,1067545.13530276,,288606.883036742,111633.24425931,176973.638777432,62663.4511413446,72695.4511413446,,,-10032.0,351270.334178086,-29250.0,85989.0,115239.0,322020.334178086,,,,,,,,,,,,,14.7371217340408,47.7356223567252,30.1645638698695,,72666.1309962794,,78807.7307758208,167301.472405986,246109.203181807,3245.0,322020.334178086,,493082.247047131,,231225.226358196,299524.763521934,515567.182391902,4814.45827610679,1067545.13530276,,318775.334178086,183645.655988001,57.6097446377096,-10.3469802916193
1987,,,,,,,,,,,,,,,,,,,,20718.0,41739.0,19643.0,6926.0,349.0,4491.0,2725.0,9777.0,6672.0,113040.0,,18018.3932958099,65044.0492492789,63321.9763236143,1722.07292566458,28260.7414961163,9557.17561774066,18703.5658783757,5856.27593118582,27180.1975181112,26244.6603918926,17070.6988205189,52770.6896255555,33690.1932836146,19080.4963419409,14384.8536119423,62647.7419509579,317478.301891369,3453.0,320931.301891369,,29959.0871252607,375465.87879228,371117.641448936,2345.89070266379,75830.7226886709,58034.9651796122,33605.3807164665,5035.20482741783,52825.7699683131,47240.16679883,23085.2976567082,104393.572708468,76265.5148600016,34044.1042192829,20357.1374557634,227264.099304551,1040712.97097423,5200.23217643586,1034099.09745917,,78775.4042744923,238702.897616877,78216.5364609898,160486.361155887,317478.301891369,3453.0,320931.301891369,,437998.261747255,512777.921106099,229823.318368533,297986.80804933,1040712.97097423,5200.23217643586,1034099.09745917,,72879.151941355,181951.407999057,62647.7419509579,317478.301891369,3453.0,320931.301891369,,435754.402598123,313712.05766137,227264.099304551,1040712.97097423,5200.23217643586,1034099.09745917,,284193.154254124,113039.587836806,171153.566417318,56863.1476372453,71660.1476372453,,,-14797.0,341056.301891369,-20125.0,99045.0,119170.0,320931.301891369,,,,,,,,,,,,,17.9853234942629,46.5509312690331,31.0348691609839,,78775.4042744923,,78216.5364609898,160486.361155887,238702.897616877,3453.0,320931.301891369,,437998.261747255,,229823.318368533,297986.80804933,512777.921106099,5200.23217643586,1034099.09745917,,317478.301891369,173118.644400867,54.5292838501142,-5.73224099992942
1988,,,,,,,,,,,,,,,,,,,,19527.0,36474.0,18998.0,6190.0,319.0,4361.0,2356.0,9417.0,4598.0,102240.0,,20593.8796602413,63400.2847432042,61641.2355421297,1759.0492010745,29169.1897520315,9321.35127992239,19847.8384721091,6213.95401378146,26098.2372701616,25159.9343713271,17630.8542470337,52310.2676125847,31394.943341036,20915.3242715487,15225.3349201497,66481.390357787,322283.326948302,8236.0,330519.326948302,,33232.6393903526,464467.224697585,462027.251291344,2373.00778124575,78572.6443701634,60848.9902100606,34629.246563608,5353.46399544226,50031.2255775234,46673.5529125267,23313.7155091902,106416.501626231,76158.1384598201,35823.0843537723,21022.2102791221,227966.751592256,1093847.69021849,12499.0743706619,1102353.09125236,,76738.0311076813,245545.295840621,82425.0387086276,163120.257131993,322283.326948302,8236.0,330519.326948302,,530437.82126083,519171.434461801,231074.495501124,302632.568103819,1093847.69021849,12499.0743706619,1102353.09125236,,70962.5868220521,184839.349768463,66481.390357787,322283.326948302,8236.0,330519.326948302,,529465.07862242,318695.894852927,227966.751592256,1093847.69021849,12499.0743706619,1102353.09125236,,278266.695476618,102240.128573799,176026.56690282,65073.6314716838,62555.6314716838,,,2518.0,343340.326948302,-12821.0,103531.0,116352.0,330519.326948302,,,,,,,,,,,,,14.466922989254,47.2956098008677,29.9830725355708,,76738.0311076813,,82425.0387086276,163120.257131993,245545.295840621,8236.0,330519.326948302,,530437.82126083,,231074.495501124,302632.568103819,519171.434461801,12499.0743706619,1102353.09125236,,322283.326948302,176807.781508882,54.8609768873474,2.13098775165579
1989,,,,,,,,,,,,,,,,,,,,24769.0,42325.0,23582.0,7241.0,320.0,5276.0,2351.0,9460.0,4634.0,119958.0,,22339.4966890833,85586.08124139,83775.0616674038,1811.0195739862,30302.9300273387,9040.33151372792,21262.5985136108,6456.08941254208,26440.8501356523,24339.0799995635,17864.2267336217,53060.4976896465,31262.1483356932,21798.3493539533,15643.9858297212,68291.3635661852,350324.601324745,6740.0,357064.601324745,,35583.7433460561,458461.568265983,455603.457443512,2454.38610503116,78847.3379938752,56365.0662715925,36026.6647137448,5634.39451513249,49697.1250438906,46063.5068023963,23416.5340407482,107783.980434589,76130.3297236828,36984.641818646,21337.208802395,234027.127573711,1103401.59428817,10153.5690566611,1106929.92137411,,98652.1371367965,251672.464187948,84554.3643130899,167118.099874858,350324.601324745,6740.0,357064.601324745,,520074.986718617,529306.409632249,236811.893739771,307837.126895148,1103401.59428817,10153.5690566611,1106929.92137411,,92815.3931811318,189217.844577428,68291.3635661852,350324.601324745,6740.0,357064.601324745,,518841.982724718,324117.677543328,234027.127573711,1103401.59428817,10153.5690566611,1106929.92137411,,303100.192217381,119957.958629978,183142.233587402,69431.4091073641,66392.409107364,,,3039.00000000006,372531.601324745,-15467.0,120494.0,135961.0,357064.601324745,,,,,,,,,,,,,18.9688294296245,47.5475942871738,32.2572002463801,,98652.1371367965,,84554.3643130899,167118.099874858,251672.464187948,6740.0,357064.601324745,,520074.986718617,,236811.893739771,307837.126895148,529306.409632249,10153.5690566611,1106929.92137411,,350324.601324745,179199.153818738,51.1523179191813,1.35252661927427
1990,,,,,,,,,,,,,,,,,,,,54546.0,45590.0,14906.0,1108.0,473.0,166.0,3276.0,7539.0,220.0,127824.0,,24827.5301284864,140388.149732242,138577.142682822,1811.00704942025,36578.9920649203,14101.6730138095,22477.3190511109,9725.5334382686,27197.6797493115,25649.3147619825,19365.9489561028,54166.1456576703,31196.9371572947,22969.2085003756,16414.6917841839,79211.3434371367,433525.329710305,7000.0,440525.329710305,,36597.5194259431,578535.6399983,576903.516147405,2454.39904366406,82207.4105051333,64979.6049765274,35436.4026035206,8581.80165401588,49220.8764298739,46703.8158741438,24134.1878252321,106468.371624136,73761.2953998547,37528.140034931,21559.0197660881,242973.538154792,1208618.89273966,10462.1881769244,1211270.21458036,,158928.232923667,274597.096786638,98682.3492532107,175914.747533427,433525.329710305,7000.0,440525.329710305,,652248.538649538,541915.209850122,246370.656818612,312790.573166827,1208618.89273966,10462.1881769244,1211270.21458036,,152678.815696631,201635.170576537,79211.3434371367,433525.329710305,7000.0,440525.329710305,,651063.308981717,330372.504745682,242973.538154792,1208618.89273966,10462.1881769244,1211270.21458036,,331955.058919834,127824.058919834,204131.0,69092.2707904711,83250.6396997052,22304.5214305056,60946.1182691996,-14158.3689092341,401047.329710305,39478.0,177685.0,138207.0,440525.329710305,,,,,,,,,,,,,24.3662075890156,50.671598027777,36.36887330404,,158928.232923667,,98682.3492532107,175914.747533427,274597.096786638,7000.0,440525.329710305,,652248.538649538,,246370.656818612,312790.573166827,541915.209850122,10462.1881769244,1211270.21458036,,433525.329710305,194807.444597076,44.9356545619266,8.71002482195091
1991,,,,,,,,,,,,,,,,,,,,42282.0,59195.0,33826.0,10317.0,677.0,1691.0,4228.0,10148.0,6765.0,169129.0,,26568.2888124454,158751.631091601,156886.684797368,1864.94629423304,41013.2439329619,16262.0751820059,24751.1687509561,10124.4689104116,29113.6308175771,27932.6217810117,21115.8852448386,56611.0325832281,33063.8326731705,23547.1999100576,16659.8207990615,100285.476733452,488176.100706589,7000.0,495176.100706589,,37682.4054665962,726803.760479338,726480.804082775,2569.44355346348,82567.5771249414,59858.7224184056,37836.6056763541,9294.83598595732,50577.6792123786,49246.6080134747,25176.1185913489,103877.420002265,74342.595323041,35042.0915269382,21527.721678477,249267.607848305,1311511.27120831,9530.82224941317,1310845.75341547,,179816.79884485,308359.301861739,121055.391992072,187303.909869667,488176.10070659,7000.0,495176.10070659,,792777.361162978,554888.883294218,252647.854618191,320010.999682576,1311511.27120831,9530.82224941317,1310845.75341547,,173148.759979374,214741.863993763,100285.476733452,488176.100706589,7000.0,495176.100706589,,792549.94965734,338016.34974958,249267.607848305,1311511.27120831,9530.82224941317,1310845.75341547,,386717.253478417,169128.253478417,217589.0,98963.8472281721,100480.260126469,23727.0639236611,76753.1962028075,-1516.41289829649,485681.10070659,9495.0,189694.0,180199.0,495176.10070659,,,,,,,,,,,,,22.6818786274453,55.5713605273721,37.7753140990376,,179816.79884485,,121055.391992072,187303.909869667,308359.301861739,7000.0,495176.10070659,,792777.361162978,,252647.854618191,320010.999682576,554888.883294218,9530.82224941317,1310845.75341547,,488176.100706589,222604.837141592,45.599290260091,14.2691633792587
1992,,,,,,,,,,,,,,,,,,,,29730.0,56359.0,28055.0,10219.0,414.0,5549.0,3180.0,12019.0,7167.0,152692.0,,28454.785389607,176800.452229596,174865.494894787,1934.95733480841,44955.236348293,18285.1817130985,26670.0546351945,8923.7040625814,31267.5410757853,29492.4110994253,22313.5756921479,58968.6096688942,34535.0359159334,24433.5737529608,17250.6862380319,85867.0611755003,504294.062979862,9100.0,513394.062979862,,39954.630116339,748599.071361547,748539.362574672,2562.07202042539,85585.7099291385,62666.0715641146,38955.717689324,9853.69575743803,49551.2738855811,51468.1964672633,30297.7525646162,107226.257727058,73500.543184277,38574.2463562738,21776.2122483162,263679.759635141,1365634.43876204,13141.362411146,1370890.32268393,,200072.221607738,304221.841372124,106466.543267844,197755.29810428,504294.062979862,9100.0,513394.062979862,,818188.312884804,581050.13136171,270365.964807518,331783.110225931,1365634.43876204,13141.362411146,1370890.32268393,,193150.676607886,225276.325196476,85867.0611755003,504294.062979862,9100.0,513394.062979862,,817837.51704631,352605.351452694,263679.759635141,1365634.43876204,13141.362411146,1370890.32268393,,379474.062299469,152692.062299469,226782.0,117894.000680393,103954.756397337,16949.2526057188,87005.5037916186,13939.2442830552,497368.062979862,16026.0,200772.0,184746.0,513394.062979862,,,,,,,,,,,,,24.4530774220319,52.3572450898806,37.4496817495027,,200072.221607738,,106466.543267844,197755.29810428,304221.841372124,9100.0,513394.062979862,,818188.312884804,,270365.964807518,331783.110225931,581050.13136171,13141.362411146,1370890.32268393,,504294.062979862,213892.343874,42.4142101951617,-3.91388317498714
1993,,,,,,,,,,,,,,,,,,,,24984.0,51296.0,27693.0,7587.0,400.0,4687.0,2899.0,8097.0,3333.0,130976.0,,29871.4385578532,149633.204288034,147621.317514197,2011.88677383722,43890.1047592578,15350.9366296417,28539.1681296161,9271.91549146133,32968.9317664719,30437.2934238554,23189.5544991508,60837.4747733363,35721.6940222626,25115.7807510737,17742.8244610646,90845.0122282578,488687.754248743,9277.0,497964.754248743,,41353.8051507607,723574.385623749,722752.583023865,2684.67897577983,88943.8227648549,63490.456875979,41052.6688660738,10847.4526268664,50711.4165423207,52813.269040761,32650.7774439671,104659.259186175,70445.6479502579,38661.8479611433,22401.8182284531,267784.469153696,1371073.42927667,13064.8976668024,1376097.50251737,,170237.865288516,318449.888960228,112306.686382652,206143.202577576,488687.754248743,9277.0,497964.754248743,,794150.452147148,593726.263464764,276017.971159255,339163.72651021,1371073.42927667,13064.8976668024,1376097.50251737,,162972.254143839,234870.487876647,90845.0122282578,488687.754248743,9277.0,497964.754248743,,793173.906805454,361239.411295966,267784.469153696,1371073.42927667,13064.8976668024,1376097.50251737,,368724.994552841,130975.994552841,237749.0,124764.759695903,108824.208896511,15762.9256557072,93061.2832408037,15940.550799392,493489.754248743,4475.0,171065.0,166590.0,497964.754248743,,,,,,,,,,,,,21.4364752709317,53.6358097251541,36.1867348307652,,170237.865288516,,112306.686382652,206143.202577576,318449.888960228,9277.0,497964.754248743,,794150.452147148,,276017.971159255,339163.72651021,593726.263464764,13064.8976668024,1376097.50251737,,488687.754248743,223052.159385665,45.6430834303515,4.28244197326726
1994,,,,,,,,,,,,,,,,,,,,24389.0,45503.0,26476.0,7788.0,402.0,4612.0,2777.0,7450.0,3156.0,122553.0,,30808.614346038,148991.570022264,146888.930887479,2102.63913478512,45809.3897160261,15180.7438972178,30628.6458188083,9504.94582727575,34112.227941952,30580.9577832315,23798.4920100701,63406.6998100149,37120.4588939345,26286.2409160804,18564.3639678693,92363.650527188,497940.91195193,8289.0,506229.91195193,,40444.3561599506,726529.485713104,724977.454330808,2898.67184310299,93548.5316506371,63679.9861231552,44244.6639093704,11832.3844975052,53229.613819554,52525.5208632592,33080.4232437965,103964.353753668,68215.4184246768,39859.4684253699,23571.4988848161,269857.04527615,1387574.19704697,11481.8845977277,1389211.10515396,,169672.080196467,328268.831755462,114552.73560565,213716.096149812,497940.91195193,8289.0,506229.91195193,,797010.693031828,603355.270109641,278597.578098668,345752.510991324,1387574.19704697,11481.8845977277,1389211.10515396,,162069.674784697,243507.586640045,92363.650527188,497940.91195193,8289.0,506229.91195193,,795608.635621943,368373.799987258,269857.04527615,1387574.19704697,11481.8845977277,1389211.10515396,,363029.382509897,122552.382509897,240477.0,103053.529442032,93002.1729155063,12581.8896747026,80420.2832408037,10051.3565265259,466082.91195193,40147.0,172123.0,131976.0,506229.91195193,,,,,,,,,,,,,21.2885575664028,54.4072204251749,36.4400997137024,,169672.080196467,,114552.73560565,213716.096149812,328268.831755462,8289.0,506229.91195193,,797010.693031828,,278597.578098668,345752.510991324,603355.270109641,11481.8845977277,1389211.10515396,,497940.91195193,228714.164098374,45.9319888381562,2.53842183294855
1995,,,,,,,,,,,,,,,,,,,,25765.0,46018.0,27233.0,8233.0,533.0,4721.0,3018.0,7440.0,2962.0,125923.0,,31397.2550699195,165823.884559026,163710.739831719,2113.14472730758,49893.4586431129,16528.406966791,33365.0516763219,9818.01845968709,34711.7487289235,31216.1452588268,24207.150161759,64009.2771558811,37508.7625324924,26500.5146233887,18795.5234774277,99447.1699427749,529319.631457339,7500.0,536819.631457339,,41025.4050644768,727166.066253117,724734.087160764,3201.93482515492,100471.445908346,61117.2781825615,50496.6531009068,12192.0612497492,57977.7571295892,50425.78235964,27502.0003494023,102609.606491655,67619.7445411428,39100.0730128719,23723.3141742973,276742.305834674,1394687.15214858,10093.5149159961,1393540.89058463,,187963.023813032,341356.607644307,122209.241773917,219147.36587039,529319.631457339,7500.0,536819.631457339,,793829.263372077,609369.517965806,279899.22665358,350088.183801491,1394687.15214858,10093.5149159961,1393540.89058463,,180239.14679851,249633.314716054,99447.1699427749,529319.631457339,7500.0,536819.631457339,,792320.354953488,369815.773808952,276742.305834674,1394687.15214858,10093.5149159961,1393540.89058463,,376202.647342849,125922.647342849,250280.0,108899.98411449,103316.031183698,13210.7479428946,90105.2832408037,5583.95293079177,485102.631457339,51717.0,200437.0,148720.0,536819.631457339,,,,,,,,,,,,,23.6780164810996,56.0179985345873,38.5219863359824,,187963.023813032,,122209.241773917,219147.36587039,341356.607644307,7500.0,536819.631457339,,793829.263372077,,279899.22665358,350088.183801491,609369.517965806,10093.5149159961,1393540.89058463,,529319.631457339,237675.265996669,44.9020311871477,3.91803539305127
1996,,25081.0,26079.0,,14867.0,26382.0,10439.0,,102848.0,12914.0,81398.0,8536.0,7500.6,110348.6,,,,,,28651.0,52708.0,29096.0,9554.0,633.0,5505.0,3606.0,9939.0,5091.0,144783.0,,31894.9815745134,202422.452127584,200251.208844996,2171.2432825881,56378.2826031668,18350.4523006173,38027.8303025495,9667.26137376641,37241.7544516456,32664.703250389,24702.5740977955,67362.027556616,40774.7606693131,26587.2668873029,18888.5662862872,104093.0,585315.603321764,8875.0,594190.603321764,,40807.1675347866,736134.197173627,733536.070680727,3297.880227993,114815.069899366,69426.1579053475,57873.221801985,11812.7776500123,62582.1019653548,52285.8977855982,28387.500282514,106948.71786713,72988.7198182486,38712.2627910392,23806.0481932025,280050.429967861,1438251.74714865,11792.8443333992,1439593.24735298,,226729.9707278,358585.632593964,127507.049951662,231078.582642302,585315.603321764,8875.0,594190.603321764,,810844.53948179,632065.016414422,283515.935740026,367331.82122772,1438251.74714865,11792.8443333992,1439593.24735298,,218601.661145613,262620.942176151,104093.0,585315.603321764,8875.0,594190.603321764,,809347.862907728,387369.186250961,280050.429967861,1438251.74714865,11792.8443333992,1439593.24735298,,404269.0,144783.0,259486.0,110348.603321764,102848.0,12914.0,89934.0,7500.6033217638,514617.603321764,79573.0,237812.0,158239.0,594190.603321764,,,,,,,,,,,,,27.9621998654271,56.7323967126275,41.2748951423827,,226729.9707278,,127507.049951662,231078.582642302,358585.632593964,8875.0,594190.603321764,,810844.53948179,,283515.935740026,367331.82122772,632065.016414422,11792.8443333992,1439593.24735298,,585315.603321764,247710.871191088,42.3209068381719,4.22240200398423
1997,,25675.0,28099.0,,16015.0,28955.0,10497.0,,109241.0,16102.0,83846.0,9293.0,7467.66,116708.66,,,,,,31703.0,59618.0,32270.0,10830.0,823.0,6077.0,4104.0,10744.0,5627.0,161796.0,,33264.2301593388,203114.048453822,200800.31747475,2313.73097907245,60730.6728300762,19336.3728901602,41394.2999399159,10713.2442680187,37265.8533568058,34504.9975259178,25752.4784656389,69837.2990432542,41723.2004954443,28114.09854781,19610.8384367431,117640.0,612433.662539616,9100.0,621533.662539616,,42233.8140003703,728337.156343322,725214.315405643,3493.84275134146,119997.638906202,66833.4286837396,63007.3965794213,13031.0074606071,62274.0413773188,55436.6159923299,29930.1363208629,110655.657295521,75351.8384281073,40186.0319226725,24717.7056272585,298392.796813478,1476765.08756005,11868.0536785428,1477703.93847001,,228517.779510561,383915.883029055,142010.60045852,241905.282570535,612433.662539616,9100.0,621533.662539616,,800152.238409253,664281.85203153,301726.586414005,383612.454519265,1476765.08756005,11868.0536785428,1477703.93847001,,220136.69036491,274656.972174706,117640.0,612433.662539616,9100.0,621533.662539616,,798272.204242745,404750.826385224,298392.796813478,1476765.08756005,11868.0536785428,1477703.93847001,,423223.0,161795.0,261428.0,116708.662539616,109241.0,16102.0,93139.0,7467.66253961599,539931.662539616,81602.0,243384.0,161782.0,621533.662539616,,,,,,,,,,,,,28.5592876631661,57.7941248665683,42.0607705209977,,228517.779510561,,142010.60045852,241905.282570535,383915.883029055,9100.0,621533.662539616,,800152.238409253,,301726.586414005,383612.454519265,664281.85203153,11868.0536785428,1477703.93847001,,612433.662539616,267345.613471554,43.6529913073255,7.92647580869383
1998,,25455.0,28644.0,,16288.0,29287.0,13286.0,,112959.0,12437.0,89056.0,11466.0,13355.86,126314.86,,,,,,31830.0,55747.0,30723.0,10637.0,825.0,5790.0,4054.0,10193.0,5392.0,155191.0,,33798.7980651142,131677.619687543,129296.00877521,2381.610912333,56021.5114044646,14999.1021177735,41022.409286691,11509.2629833301,38439.7024838305,37864.370599311,26547.5342595631,68784.7670326897,39962.5674005526,28822.199632137,19833.2913314477,115918.0,540394.857847294,10013.0,550407.857847294,,42685.0964496876,751544.124802573,748221.212429422,3631.66727709071,121972.95630786,67440.5633929726,64216.2294853271,14442.1128880557,63350.2740224119,61812.0876095462,31253.8829451876,110034.447247092,72582.9054744787,41835.1927440628,24933.1434684691,303739.870532601,1515931.04059988,13257.8364387982,1519135.68856132,,153106.821779,387288.036068294,141063.142637942,246224.893430352,540394.857847294,10013.0,550407.857847294,,823916.698624727,681119.831114191,308074.434603048,394162.020885649,1515931.04059988,13257.8364387982,1519135.68856132,,144295.110892984,280181.74695431,115918.0,540394.857847294,10013.0,550407.857847294,,821680.502421391,416357.295891404,303739.870532601,1515931.04059988,13257.8364387982,1519135.68856132,,406610.0,155192.0,251418.0,126314.857847294,112959.0,12437.0,100522.0,13355.8578472943,532924.857847294,17483.0,163099.0,145616.0,550407.857847294,,,,,,,,,,,,,18.5828035813043,56.8604845104509,36.2316455331618,,153106.821779,,141063.142637942,246224.893430352,387288.036068294,10013.0,550407.857847294,,823916.698624727,,308074.434603048,394162.020885649,681119.831114191,13257.8364387982,1519135.68856132,,540394.857847294,268947.963223011,49.7687865303506,0.59935516825973
1999,,25712.0,24820.0,,20640.0,34167.0,12857.0,,118196.0,12958.0,92091.0,13147.0,12270.9,130466.9,,,,,,30546.0,42285.0,45362.0,16921.0,583.0,7210.0,4439.0,5203.0,1545.0,154094.0,,34290.1175068982,175377.325701648,172915.973671477,2461.35203017019,60309.2600527053,17306.2607549332,43002.9992977722,10871.5026615618,37405.500835873,41906.1300745022,27173.7778640358,72342.4490332295,41417.7880824759,30924.6609507537,20339.8362695466,116789.0,596804.9,9634.0,606438.9,,43592.963048658,689190.819205401,685242.95719145,3669.15202073508,126794.422918746,66891.3873948577,68071.3225992449,15659.0867597679,61485.2596164349,68230.0225539335,31460.8320505313,115970.700805024,75364.0764222841,44999.5034767181,25889.4336225592,306525.874524438,1507060.40200324,12789.4164394817,1509513.46432096,,199198.7504,397606.1496,141935.0012,255671.1484,596804.9,9634.0,606438.9,,760669.795794419,702752.770075281,311496.591253986,410744.254010041,1507060.40200324,12789.4164394817,1509513.46432096,,190222.234426411,289793.665573589,116789.0,596804.9,9634.0,606438.9,,757803.835224213,433500.010803911,306525.874524438,1507060.40200324,12789.4164394817,1509513.46432096,,406311.0,154095.0,252216.0,130466.9,118196.0,12958.0,105238.0,12270.9,536777.9,69661.0,210231.0,140570.0,606438.9,,,,,,,,,,,,,26.1872827738563,56.5783824028765,40.1744611316071,,199198.7504,,141935.0012,255671.1484,397606.1496,9634.0,606438.9,,760669.795794419,,311496.591253986,410744.254010041,702752.770075281,12789.4164394817,1509513.46432096,,596804.9,278551.193241314,46.6737443411262,3.57066471269003
2000,,28052.0,28522.0,,19929.0,37494.0,9327.0,,123324.0,16353.0,92953.0,14018.0,13958.24,137282.24,,,,,,33010.0,51357.0,49649.0,21566.0,864.0,9691.0,5536.0,8571.0,3560.0,183804.0,,34829.5480312373,262314.905016029,259763.757740633,2551.147275396,65575.3720612825,20245.8735273106,45329.498533972,12463.3713190626,39507.1513948098,43446.764064329,28399.7567889173,74519.9056592277,42294.32028347,32225.5853757577,20851.1390001046,119123.0,701030.913335,9650.0,710680.913335,,45330.1843549519,738815.650619849,734935.783887352,3750.31680498992,132986.203757833,69203.7158342975,71837.8660865834,19110.7736450292,65757.4709701262,67549.9356366531,27509.6560101947,128729.944040186,87615.4505858411,47153.4911712445,27282.2517275345,315712.280771211,1584413.75287597,10410.6930815217,1580735.01958366,,287519.071177802,413511.842157197,144262.235134622,269249.607022576,701030.913335,9650.0,710680.913335,,813810.986172804,730307.053436326,316900.180724746,431262.842099874,1584413.75287597,10410.6930815217,1580735.01958366,,280009.631267944,301898.282067056,119123.0,701030.913335,9650.0,710680.913335,,810608.718082199,452253.437536238,315712.280771211,1584413.75287597,10410.6930815217,1580735.01958366,,440898.672853214,183804.0,257094.672853214,137282.240481786,123324.0,16353.0,106971.0,13958.2404817861,578180.913335,132500.0,308473.0,175973.0,710680.913335,,750130.788276111,367344.628924119,388850.917718459,165318.122180895,,,807521.578465234,258390.616829322,1580735.01958366,,,35.3299569633421,56.6216415700071,44.958889664011,,287519.071177802,,144262.235134622,269249.607022576,413511.842157197,9650.0,710680.913335,,813810.986172804,,316900.180724746,431262.842099874,730307.053436326,10410.6930815217,1580735.01958366,,701030.913335,286340.565512579,40.8456403370825,2.79638804652917
2001,,28302.0,29607.0,,21004.0,37472.0,9710.0,,126095.0,17508.0,94347.0,14240.0,9405.57,135500.57,,,,,,34705.0,51696.0,49904.0,22349.0,860.0,10319.0,5663.0,9317.0,3881.0,188694.0,,35457.355109611,230108.798044061,227467.349778866,2641.44826519517,66316.3935891293,18547.933612174,47768.4599769553,13005.219144647,41222.6696317665,45086.7304578533,29396.7092031845,77251.1399074531,43098.0610322349,34153.0788752182,21948.8853805289,123589.0,683382.900468235,7132.791,690515.691468235,,45457.849184648,708435.81981265,704279.178725827,3798.76747434326,138652.8335284,68703.0445177686,76388.1447452528,19811.9051577435,66875.7090543579,70672.6826587944,29459.1146943639,133156.059668052,89269.818755615,49729.4785929488,28728.5842064915,323023.325988086,1594914.34573501,8018.44159754762,1586181.96947336,,253805.927192744,429576.973275491,149889.403421467,279687.569854024,683382.900468235,7132.791,690515.691468235,,782405.930431808,755401.862347186,325702.830386517,447445.267588401,1594914.34573501,8018.44159754762,1586181.96947336,,246015.28339104,313778.617077195,123589.0,683382.900468235,7132.791,690515.691468235,,778834.845737983,469830.064722007,323023.325988086,1594914.34573501,8018.44159754762,1586181.96947336,,446556.88228645,188695.0,257861.88228645,135500.809181785,126095.24,17508.0,108587.24,9405.56918178534,582057.691468235,108458.0,273677.0,165219.0,690515.691468235,,760334.263920019,371650.414222929,394677.09810947,167853.154250878,,,784784.137442372,245740.064504229,1586181.96947336,,,32.4391619900771,56.8673436865391,43.5331951035541,,253805.927192744,,149889.403421467,279687.569854024,429576.973275491,7132.791,690515.691468235,,782405.930431808,,325702.830386517,447445.267588401,755401.862347186,8018.44159754762,1586181.96947336,,683382.900468235,297272.46494902,43.5001321726571,3.81779627237657
2002,,29071.0,31186.0,,21593.0,35407.0,10810.0,,128066.0,18121.0,97459.0,12486.0,11958.1,140024.1,,,,,,37352.0,48652.0,48351.0,21849.0,856.0,8813.0,5830.0,9132.0,3682.0,184517.0,,35818.2190848004,236845.946861086,234127.143609805,2718.80325128135,70260.2432948174,19673.7135913705,50586.5297034469,13136.2690706193,42397.2092114619,47024.8389732585,30420.61935873,80206.7725045812,44113.7988753088,36092.9736292724,23039.6535425793,124486.0,703635.771901934,7386.429,711022.200901934,,46005.0000398672,654955.831943898,650433.344252841,3859.25259943447,143588.557382098,67062.8832269308,81027.2993595818,20669.9978851682,68049.910805657,73601.9538621365,30740.6581000666,138518.232401158,91422.411848841,52749.1839857468,30040.0046360341,330806.960366844,1583567.11915284,8143.3718635337,1575262.56649242,,261715.76944295,441920.002458984,151564.560276091,290355.442182893,703635.771901934,7386.429,711022.200901934,,726273.757204041,781124.913171545,334426.165812547,464205.306706129,1583567.11915284,8143.3718635337,1575262.56649242,,253800.857201175,325348.914700759,124486.0,703635.771901934,7386.429,711022.200901934,,722304.935152485,487654.945593173,330806.960366844,1583567.11915284,8143.3718635337,1575262.56649242,,447957.097906871,184517.0,263440.097906871,140024.102995062,128066.0,18121.0,109945.0,11958.1029950625,587981.200901934,123041.0,291155.0,168114.0,711022.200901934,,767879.230359775,368792.047144332,403611.616859893,170935.179383338,,,704154.243236489,244734.800685653,1575262.56649242,,,36.035415963601,56.5748185734709,45.136742028038,,261715.76944295,,151564.560276091,290355.442182893,441920.002458984,7386.429,711022.200901934,,726273.757204041,,334426.165812547,464205.306706129,781124.913171545,8143.3718635337,1575262.56649242,,703635.771901934,305177.884379149,43.3715704297197,2.6593177513043
2003,,28894.0,36284.0,,23962.0,45990.0,12968.0,,148098.0,23291.0,103676.0,21131.0,9650.59,157748.59,,,,,,36150.0,51773.0,57847.0,23306.0,962.0,10528.0,6379.0,6869.0,4336.0,198150.0,,36189.9581609364,294043.539333741,291259.185830818,2784.35350292263,83505.7592118972,28780.4745429862,54725.2846689111,14310.8350636642,44858.9583162392,48471.4818606033,31895.2643708794,83790.5432317344,45159.6714038153,38630.8718279191,24196.3676168952,139929.0,801191.70716659,8087.0,809278.70716659,,46413.1814658303,771606.039540333,767539.960641313,3879.42493605763,154725.619803096,73809.2009391474,86361.401069419,22418.6530103959,71493.0874382028,75560.1900107983,33105.2866194753,143020.818087713,93599.1044223174,55010.0359448512,31505.7517192739,339430.803745914,1723177.43502098,8490.75030298409,1713393.50547544,,328538.153694392,472653.553472199,168690.367492139,303963.18598006,801191.70716659,8087.0,809278.70716659,,850897.290133312,811103.267313791,344735.878440689,483769.240712816,1723177.43502098,8490.75030298409,1713393.50547544,,320039.660373804,341223.046792786,139929.0,801191.70716659,8087.0,809278.70716659,,846854.259844111,508966.141759731,339430.803745914,1723177.43502098,8490.75030298409,1713393.50547544,,474483.288993672,198148.0,276335.288993672,157748.418172918,148097.82457,23291.0,124806.82457,9650.59360291774,632231.70716659,177047.0,371088.0,194041.0,809278.70716659,,800754.756781424,383414.113419848,421812.355252153,196311.197629004,,,851445.787999474,277997.138573245,1713393.50547544,,,38.6107885762475,58.2729194320141,47.2325069857217,,328538.153694392,,168690.367492139,303963.18598006,472653.553472199,8087.0,809278.70716659,,850897.290133312,,344735.878440689,483769.240712816,811103.267313791,8490.75030298409,1713393.50547544,,801191.70716659,328282.657080112,40.974295433122,7.57091974340389
2004,,29444.0,45317.0,,25642.0,42999.0,12945.0,,185872.0,30386.0,138565.0,16921.0,6870.74,192742.74,,,,,,42320.0,58669.0,60856.0,24857.0,1150.0,10527.0,6087.0,6641.0,10691.0,221798.0,,37533.6224320768,384816.039987808,381477.515396574,3338.52459123401,98021.4882631501,31712.5705784501,66308.9176847,15779.4656126871,51587.9400883671,61366.040890398,37848.4008837299,93507.3156501596,48887.0350656694,44620.2805844903,25627.1725504035,155371.0,961458.48635878,8825.0,970283.48635878,,48022.6465044376,825281.05021073,820262.421251226,4576.21130031093,176158.284596194,80615.2998580741,100359.247257042,24458.2725306043,78666.5040374868,93716.2631706308,39874.9168668306,159034.486088928,100978.03523237,63299.2259674836,33100.9247290783,346837.275620477,1872167.74537824,9084.41052168509,1861276.10294786,,416733.590756665,544724.895602116,177529.585744264,367195.309857852,961458.48635878,8825.0,970283.48635878,,911065.239174047,891225.016084753,358085.941370128,546703.806591947,1872167.74537824,9084.41052168509,1861276.10294786,,413190.085975025,392897.400383756,155371.0,961458.48635878,8825.0,970283.48635878,,906523.226746671,576456.722403386,346837.275620477,1872167.74537824,9084.41052168509,1861276.10294786,,516652.290925559,221798.0,294854.290925559,192743.195433222,185872.452396473,30386.0,155486.452396473,6870.74303674896,709395.48635878,260888.0,494702.0,233814.0,970283.48635878,,859058.952874071,413940.37943028,450389.552174568,241379.386923318,,,917300.493793773,319528.566159782,1861276.10294786,,,45.7413555953981,61.1209162412374,52.1300136407522,,416733.590756665,,177529.585744264,367195.309857852,544724.895602116,8825.0,970283.48635878,,911065.239174047,,358085.941370128,546703.806591947,891225.016084753,9084.41052168509,1861276.10294786,,961458.48635878,373719.929974691,38.8701057068035,13.8408995768212
2005,,31973.0,61647.0,,28804.0,55922.0,17286.0,,237691.0,54940.0,160520.0,22231.0,10615.25,248306.25,,,,,,55871.0,63949.0,69429.0,30503.0,1149.0,12215.0,7461.0,5461.0,16613.0,262651.0,,39205.3922244939,571744.503913193,567845.551849902,3898.95206329184,115232.345246196,38702.6905275278,76529.6547186685,16543.7966945908,56323.4253749603,71737.3494248787,42643.9863950621,103977.236561064,51650.6902315873,52326.546329477,26898.3065004403,176350.0,1220656.34233488,10115.0,1230771.34233488,,48404.1803073806,861307.671101455,855535.709657994,5253.79809511248,188880.134899472,83227.0349443059,109747.790568331,25584.8642086923,85015.3895638969,107580.645407982,45427.7604755882,175743.187344431,107010.098098265,73033.0774527915,34563.6161565887,358429.796878957,1982795.44681763,10034.0560836867,1971926.99497323,,610391.779971609,610264.562363271,201262.586969012,409001.97539426,1220656.34233488,10115.0,1230771.34233488,,949781.350311996,959110.094831149,374030.182235772,597177.778939003,1982795.44681763,10034.0560836867,1971926.99497323,,606548.242377429,437758.099957451,176350.0,1220656.34233488,10115.0,1230771.34233488,,944886.618641543,630898.093074133,358429.796878957,1982795.44681763,10034.0560836867,1971926.99497323,,586804.054902032,262650.0,324154.054902032,248306.287432848,237691.035141299,54940.0,182751.035141299,10615.2522915492,835110.34233488,395661.0,702164.0,306503.0,1230771.34233488,,940327.662549953,450082.615754347,495689.905138731,296738.857375675,,,978771.55059485,410859.239736451,1971926.99497323,,,64.2665577473278,63.6282076116306,62.414650515578,,610391.779971609,,201262.586969012,409001.97539426,610264.562363271,10115.0,1230771.34233488,,949781.350311996,,374030.182235772,597177.778939003,959110.094831149,10034.0560836867,1971926.99497323,,1220656.34233488,421606.878881445,34.5393592167794,12.813592496926
2006,,34360.0,70095.0,,31711.0,76849.0,20051.0,,288680.0,58741.0,185559.0,44380.0,24884.69,313564.69,,,,,,62909.0,75206.0,83273.0,37283.0,1252.0,14530.0,8084.0,7659.0,20888.0,311084.0,,41214.7348138934,669719.750009318,665170.122112702,4549.62789661656,133239.096526969,42989.7934121647,90249.3031148043,17357.1688029296,62387.7801699915,84578.6732659473,49404.4090521328,117888.795162947,55371.297935331,62517.4972276159,28289.6004700032,196386.0,1400466.00827413,11025.0,1411491.00827413,,48944.9049992898,849377.473198296,842869.576772054,6035.13209596971,205315.02892606,82677.7257984799,124903.891808832,26814.9241236745,92421.584438095,124997.571536771,54143.5014172346,196650.753679403,113446.670225953,85944.7691448077,35953.2521007498,365194.638083731,2047885.62019904,10774.263219386,2037267.12993137,,712219.265904899,688246.742369233,224881.35057518,463365.391794053,1400466.00827413,11025.0,1411491.00827413,,936602.204230497,1041507.11935251,387514.67511917,663899.598445483,2047885.62019904,10774.263219386,2037267.12993137,,708159.915524866,495920.092749266,196386.0,1400466.00827413,11025.0,1411491.00827413,,931364.631713899,703463.044239085,365194.638083731,2047885.62019904,10774.263219386,2037267.12993137,,678441.91054015,311082.0,367359.91054015,313565.097733982,288680.412292283,58741.0,229939.412292283,24884.6854416989,992007.008274132,419484.0,844522.0,425038.0,1411491.00827413,,1030520.76743226,486030.846231043,550157.538003353,356410.923740694,,,1000262.30429112,554585.015596758,2037267.12993137,,,76.0428774017301,66.0818087155377,69.2835508675624,,712219.265904899,,224881.35057518,463365.391794053,688246.742369233,11025.0,1411491.00827413,,936602.204230497,,387514.67511917,663899.598445483,1041507.11935251,10774.263219386,2037267.12993137,,1400466.00827413,476547.47795103,34.0277789775352,13.0312387727987
2007,,34821.0,87380.0,,43443.0,100812.0,28944.0,,368687.0,84042.0,219691.0,64954.0,43980.06,412667.06,,,,,,68902.0,80157.0,81279.0,39086.0,1465.0,15685.0,9406.0,7319.0,18788.0,322087.0,,42755.2446685126,734563.067240039,729170.091959566,5392.9752804734,152270.957951108,45881.1552300203,106389.802721087,18270.9929990227,72176.5742565158,104059.989841794,60002.6708085927,133023.873729393,60422.3287218612,72601.5450075321,29596.9035193939,200306.0,1547026.27501437,11801.0,1558827.27501437,,49891.4653410302,815708.502587517,808400.51419559,7042.10067513416,222510.401222179,80236.2669782002,142540.141982404,28154.3323614138,103753.002859432,145583.795631215,66933.7430998791,213208.489895263,116545.444494134,97682.6812900774,38276.1294004378,372225.310692065,2092661.92871415,11410.2105142632,2082364.42447327,,779672.460908144,767353.814106228,234303.760570323,533050.053535905,1547026.27501437,11801.0,1558827.27501437,,899472.545836518,1138134.17581606,403501.28734303,741513.807050553,2092661.92871415,11410.2105142632,2082364.42447327,,775051.247189586,571669.027824786,200306.0,1547026.27501437,11801.0,1558827.27501437,,893896.272391958,788735.682657582,372225.310692065,2092661.92871415,11410.2105142632,2082364.42447327,,756273.01,322086.0,434187.01,412667.265014372,368687.204592322,84042.21,284644.994592323,43980.0604220494,1168940.27501437,389887.0,934321.0,544434.0,1558827.27501437,,1112758.17418026,494741.678756677,622115.263208074,429993.660195099,,,1002152.39177314,682928.524887688,2082364.42447327,,,86.6810737600714,67.4220869921618,74.8585241225811,,779672.460908144,,234303.760570323,533050.053535905,767353.814106228,11801.0,1558827.27501437,,899472.545836518,,403501.28734303,741513.807050553,1138134.17581606,11410.2105142632,2082364.42447327,,1547026.27501437,526989.437899174,34.0646727473506,10.5848760683876
2008,,75007.0,126825.0,,61168.0,137469.0,44029.0,,444499.0,109882.0,268416.0,66201.0,87560.51,532059.51,,,,,,63840.0,97754.0,87684.0,36829.0,1301.0,18712.0,7224.0,7747.0,24006.0,345097.0,,44689.9398579204,1027870.27102876,1021532.14988609,6338.12114266252,171693.623816582,45080.9754206086,126612.648395973,17955.707226668,77345.9272973891,125744.150494839,76150.6690551765,151936.118985247,68624.3124249891,83311.8065602575,31633.3621041553,209278.0,1934297.76986673,14940.0,1949237.76986673,,50515.4707042661,852584.672238719,844468.836864727,8098.45787659663,243614.660649718,83174.3903873834,159244.398156944,29173.8849972031,107627.756186462,163142.058231846,85310.3733530924,232993.9637528,121508.197185817,111157.599625999,39154.6344535468,381120.892839218,2220948.41805839,13955.9047324484,2212262.73472096,,1070421.91230653,863875.857560207,249969.920336105,613905.937224102,1934297.76986673,14940.0,1949237.76986673,,939425.336853004,1232596.95333108,424586.763706027,812725.893292051,2220948.41805839,13955.9047324484,2212262.73472096,,1066613.1253067,658406.64456003,209278.0,1934297.76986673,14940.0,1949237.76986673,,933474.726691471,870176.303336887,381120.892839218,2220948.41805839,13955.9047324484,2212262.73472096,,869045.0,345098.0,523947.0,532059.769866733,444499.255731401,109882.0,334617.255731401,87560.5141353323,1401104.76986673,548133.0,1210701.0,662568.0,1949237.76986673,,1208911.03470917,512974.309163125,697840.196864932,481944.667063246,,,990255.495450859,754693.642514366,2212262.73472096,,,113.944330679046,70.0858342401051,88.1105909923757,,1070421.91230653,,249969.920336105,613905.937224102,863875.857560207,14940.0,1949237.76986673,,939425.336853004,,424586.763706027,812725.893292051,1232596.95333108,13955.9047324484,2212262.73472096,,1934297.76986673,594742.300639418,30.7471946617813,12.8565883616831
2009,,79237.0,128066.0,,48370.0,113129.0,45649.0,,414451.0,112088.0,247303.0,55060.0,95884.1,510335.1,,,,,,67542.0,85632.0,100563.0,44866.0,1391.0,14539.0,7255.0,8977.0,26249.0,357014.0,,45545.169262411,608550.267591838,601363.648384961,7186.61920687701,171329.808514878,45996.1313946089,125333.67712027,20992.4882580909,78429.315150824,140462.03205926,87195.8936454069,169472.513387698,77913.2420531027,91559.2713345951,33197.6239258965,241047.0105,1596222.1222963,12895.0,1609117.1222963,,51151.312570252,768371.771653156,759291.250863988,9062.66518218461,248505.557085713,80427.5313899178,165782.513963385,31770.6258017746,109940.311738303,177239.174253997,97090.3495980921,247063.852050586,126688.04906673,119603.556240846,39995.8570183974,400278.74545579,2199241.17834035,12420.1737062595,2188664.30690469,,651555.323735043,944666.798561261,287295.051981889,657371.746579371,1596222.1222963,12895.0,1609117.1222963,,849761.984728606,1305853.04215313,450517.396033696,860446.740738924,2199241.17834035,12420.1737062595,2188664.30690469,,647359.77977957,707815.332016733,241047.0105,1596222.1222963,12895.0,1609117.1222963,,843524.321892031,924706.49687413,400278.74545579,2199241.17834035,12420.1737062595,2188664.30690469,,948828.7349,357014.7349,591814.0,510336.387396304,414452.290512154,112087.8261,302364.464412154,95884.0968841491,1459165.1222963,149952.0,757711.0,607759.0,1609117.1222963,,1276979.58159864,516056.319315975,760056.654663473,459219.190356773,,,884091.108956951,706782.074586587,2188664.30690469,,,76.6750378864188,72.3409731468455,73.5205082487953,,651555.323735043,,287295.051981889,657371.746579371,944666.798561261,12895.0,1609117.1222963,,849761.984728606,,450517.396033696,860446.740738924,1305853.04215313,12420.1737062595,2188664.30690469,,1596222.1222963,671375.073518261,42.0602536539484,12.8850382420175
2010,,84151.1390088173,179837.21051421,,57122.502130161,123027.752755136,39782.3042531174,,483920.908661442,161190.656661442,263978.0,58752.252,128660.482404536,612581.391065978,,1980777.36948702,82606.4367400252,22028.3831306734,,71772.0,86528.0,122383.0,54495.0,2210.0,17739.0,7913.0,8991.0,28141.0,400172.0,,51877.9247185295,820990.258108039,812911.348074003,8078.91003403534,214486.161847226,62693.9274323708,151792.234414855,25493.8021693518,88504.3434262072,167096.482139647,99446.2068303031,181041.535820352,87440.1774136852,93601.3584066664,36308.9544273624,280863.0,1966108.66948702,14668.7,1980777.36948702,,56282.897,768165.314,758322.108,10084.0,268578.194,79440.886,186426.33,36740.594,121608.866,207004.096,110203.656,253146.588,131507.524,121085.616,43258.542,427617.535,2308908.203,13991.145,2298961.888,,880392.574173341,1085716.09531368,332671.126793058,753044.968520618,1966108.66948702,14668.7,1980777.36948702,,848476.232,1430665.917,484122.797,950891.855,2308908.203,13991.145,2298961.888,,875605.275506374,809640.393980643,280863.0,1966108.66948702,14668.7,1980777.36948702,,841776.983,1022235.963,427617.535,2308908.203,13991.145,2298961.888,,1039590.39115314,400173.0,639417.39115314,612581.978333877,483921.000000002,161191.000000003,322729.999999999,128660.978333875,1652172.36948702,328605.0,981866.0,653261.0,1980777.36948702,,1312864.532,522142.193,789378.166,507913.064,168375.571,340123.767,922582.592,753183.015,2298961.888,,,103.761607098658,75.8888628304186,86.1596436124573,,880392.574173341,,332671.126793058,753044.968520618,1085716.09531368,14668.7,1980777.36948702,,848476.232,,484122.797,950891.855,1430665.917,13991.145,2298961.888,,1966108.66948702,764756.179217665,38.8969435457094,13.9089324853916
2011,,85866.944791915,196282.37872651,,69376.699002609,150073.425989636,67193.585489327,,568793.034,217944.0,284694.802,66154.232,110102.616405857,678895.650405857,,2537379.66477392,101123.589758144,26966.2906021717,,92075.4083485352,107527.390418632,141859.066822304,62662.8844820965,2039.18647410546,24661.5837981174,9316.68162235039,14154.406068043,33765.2020695915,488061.810103776,,54684.6562958769,1215517.22391065,1206751.00003364,8766.22387701082,252051.907182349,64215.9777428362,187835.929439512,28282.6675798471,107019.226803492,197948.627998076,115273.564145412,195052.673967995,96712.5571484975,98340.1168194972,41956.1168902272,312308.0,2520094.66477392,17285.0,2537379.66477392,,59227.832,869869.59,859396.297,10518.417,297574.282,79237.99,215062.73,39949.324,137043.534,233243.931,127633.677,259991.114,135908.538,123632.392,47969.733,461231.826,2562410.96,15799.847,2551704.279,,1276416.40223797,1243678.26253595,371169.464845783,872508.797690163,2520094.66477392,17285.0,2537379.66477392,,953210.832,1571913.714,525881.115,1050011.79,2562410.96,15799.847,2551704.279,,1270966.97777647,936819.686997448,312308.0,2520094.66477392,17285.0,2537379.66477392,,945787.227,1130309.557,461231.826,2562410.96,15799.847,2551704.279,,1170131.31504267,488062.0,682069.315042675,698822.349731246,568828.301265911,217944.000000003,350884.301265907,129994.048465335,1868953.66477392,668426.0,1410841.0,742415.0,2537379.66477392,,1410895.168,608668.046,803342.532,587321.579,225425.794,362299.457,1016374.811,794378.326,2551704.279,,,133.907039176195,79.1187360641571,99.4386256141055,,1276416.40223797,,371169.464845783,872508.797690163,1243678.26253595,17285.0,2537379.66477392,,953210.832,,525881.115,1050011.79,1571913.714,15799.847,2551704.279,,2520094.66477392,862538.98300171,34.2264516908173,12.7861410527047
2012,,93614.079187534,230990.917553221,,78184.556934552,159068.512558424,53047.95806427,,614906.024297999,246930.999999999,316985.847298,50989.177,117616.10186189,732522.126159889,,2781937.44353721,106307.165739357,28348.5775304952,,108392.881809585,91317.6399049903,167094.898162155,73096.6101920402,3467.08979753913,29100.6045046158,11638.3072830191,34504.132071583,32566.4791684039,551178.642893931,,57611.9015709004,1311444.11358753,1302080.80621684,9363.30737068503,270597.442665374,68582.5955845217,202014.847080852,30058.404301647,118496.388535398,219342.541148583,124289.449712894,232426.113323099,124368.192870981,108057.920452119,46528.0886917835,349649.0,2760443.44353721,21494.0,2781937.44353721,,61096.64,914630.053,903685.215,10946.143,310106.256,82466.232,224220.756,42283.443,143565.656,247515.33,133943.8,279825.265,152112.064,127843.615,51357.638,486109.64,2698794.902,18645.439,2689723.822,,1376577.12036889,1383866.32316832,413473.060971922,970393.262196396,2760443.44353721,21494.0,2781937.44353721,,1001813.546,1659186.604,553789.07,1109403.513,2698794.902,18645.439,2689723.822,,1370663.40180137,1040131.04173584,349649.0,2760443.44353721,21494.0,2781937.44353721,,994012.501,1193629.235,486109.64,2698794.902,18645.439,2689723.822,,1338724.03489984,551179.0,787545.034899836,752412.547512372,615175.031385101,246930.999999999,368244.031385102,137237.51612727,2091136.58241221,690800.861125,1497823.5,807022.638875,2781937.44353721,,1554355.501,657976.069,896909.017,616613.873,248039.623,369017.805,1050275.831,856072.101,2689723.822,,,137.408515373468,83.4063100456614,103.428367655555,,1376577.12036889,,413473.060971922,970393.262196396,1383866.32316832,21494.0,2781937.44353721,,1001813.546,,553789.07,1109403.513,1659186.604,18645.439,2689723.822,,2760443.44353721,972235.192876359,35.2202540194247,12.7178263286022
2013,,97119.289109139,236087.096803079,,94501.88615228,174519.408093423,60227.551355948,,662455.231513867,249677.89,342693.399513867,70083.942,78677.9632646972,741133.194778564,,2826992.03786343,102338.243140402,27290.1981707739,,110908.771378293,118013.725508981,186604.741517311,94479.4029946433,4300.21249019929,39619.9972701984,12710.8479841654,24135.1662564122,37749.3217745031,628522.187174707,,61345.6588546106,1232804.42014711,1222898.04981375,9906.37033336104,279866.973734769,61535.5771021601,218331.396632609,30552.4361207542,134512.654907335,242462.397617701,134305.309083009,269740.106290634,153347.646980286,116392.459310348,52158.0811075046,368070.0,2805818.03786343,21174.0,2826992.03786343,,63837.327,901527.909,890450.464,11276.8,322415.875,78597.466,239713.895,42899.399,154654.437,264452.37,142582.964,306304.257,173290.911,133377.865,56643.821,509718.483,2768130.477,18295.449,2757902.357,,1290793.8322325,1515024.20563092,436992.111958326,1078032.0936726,2805818.03786343,21174.0,2826992.03786343,,985806.11,1770587.03,581658.457,1191839.931,2768130.477,18295.449,2757902.357,,1284433.62691591,1153314.41094752,368070.0,2805818.03786343,21174.0,2826992.03786343,,977849.98,1281103.034,509718.483,2768130.477,18295.449,2757902.357,,1475276.24325748,628522.0,846754.243257482,760179.253517711,663414.579141101,249677.889999999,413736.689141102,96764.6743766102,2235455.49677519,591536.541088235,1453664.7715,862128.230411765,2826992.03786343,,1661159.03,731076.936,931930.555,652395.411,247610.599,405218.863,1049076.378,887413.308,2757902.357,,,130.937901392445,85.5662093961526,102.505153262155,,1290793.8322325,,436992.111958326,1078032.0936726,1515024.20563092,21174.0,2826992.03786343,,985806.11,,581658.457,1191839.931,1770587.03,18295.449,2757902.357,,2805818.03786343,1066735.89409885,38.0187125360112,9.71994244961536
2014,,100119.918107159,245852.762206345,,101706.246527095,211136.675325496,55437.757179218,,714253.359345312,264461.992472793,359477.459872519,90313.907,101203.500382009,815456.859727321,,2874772.3002016,101548.785806036,27079.6762149429,,121688.974270439,169744.275781211,199370.105397944,105825.903207324,5220.75610851014,42531.1268647589,15550.8756717093,25331.551787268,53893.3169016655,739156.88599083,,65792.6598962579,1130001.73670132,1119489.45084471,10512.2858566106,311389.474051362,71001.4431769459,240388.030874416,32278.7404477522,152735.803046807,269227.177551657,144848.495602536,292796.284329146,168612.916643457,124183.367685688,60555.9285747624,391626.0,2851252.3002016,23520.0,2874772.3002016,,67105.673,910018.389,898715.015,11573.108,356176.747,93983.852,258663.354,44872.069,165506.134,280742.995,151910.138,316079.241,179196.252,137253.867,64772.415,526567.883,2873576.552,19044.51,2863017.676,,1197428.46315077,1653823.83705083,465787.449533927,1188036.3875169,2851252.3002016,23520.0,2874772.3002016,,1003947.739,1867638.65,602983.352,1265937.762,2873576.552,19044.51,2863017.676,,1190490.89402165,1269135.40617994,391626.0,2851252.3002016,23520.0,2874772.3002016,,995661.869,1360323.435,526567.883,2873576.552,19044.51,2863017.676,,1668727.07929511,739156.0,929571.079295107,834201.3040943,716600.834828029,264461.992472793,452138.842355236,117600.469266271,2502928.38338941,371843.916812188,1329530.3631,957686.446287812,2874772.3002016,,1817007.558,818985.188,1001083.604,703230.859,261446.258,442184.732,1027779.14,944497.91,2863017.676,,,119.271991622143,88.5515962657354,100.410567643369,,1197428.46315077,,465787.449533927,1188036.3875169,1653823.83705083,23520.0,2874772.3002016,,1003947.739,,602983.352,1265937.762,1867638.65,19044.51,2863017.676,,2851252.3002016,1159053.8860581,40.6506953445035,8.65425007913892
2015,,103708.975982607,247206.459825393,,113493.500436869,201988.258515474,66035.6131005202,,732432.807860859,270350.0,380975.80786086,81106.999999999,105996.348349352,838429.156210211,,2510566.42998334,84200.9077420371,22453.5753978766,,128032.168474799,159635.212866112,211715.723186663,101058.863467301,4215.87063948961,38092.754810121,14722.3536960492,22376.7964965777,56289.3273628864,736139.070999999,,69616.1256270284,600398.376112388,589294.832803276,11103.543309112,322196.891801007,62919.6178976618,259277.273903345,35622.8510293271,162486.276726124,283406.463615763,155580.786500147,309982.630993052,180827.965232119,129154.665760933,70214.5255785004,475066.502,2484571.42998334,25995.0,2510566.42998334,,70189.986,952765.231,941039.68,11967.558,384087.704,105857.886,275267.374,46899.885,171276.731,289362.522,160962.227,323811.81,184998.97,139136.072,73380.332,538486.18,3002842.195,20148.781,2992112.834,,659699.399481072,1824872.03050226,554394.580324575,1270477.45017769,2484571.42998334,25995.0,2510566.42998334,,1055934.022,1946084.148,619245.639,1326571.539,3002842.195,20148.781,2992112.834,,652214.450700937,1357290.4772824,475066.502,2484571.42998334,25995.0,2510566.42998334,,1047258.011,1422174.575,538486.18,3002842.195,20148.781,2992112.834,,1761225.82551537,736139.186279754,1025086.63923562,859203.819759466,737002.343241364,270349.511000001,466652.832241363,122201.476518103,2620429.64527484,-109863.2152915,817538.9802085,927402.1955,2510566.42998334,,1888806.763,804715.449,1085965.888,732856.828,270772.45,462483.244,1034950.801,934170.01,2992112.834,,,62.4754374550375,93.7714863140779,83.9061415550661,,659699.399481072,,554394.580324575,1270477.45017769,1824872.03050226,25995.0,2510566.42998334,,1055934.022,,619245.639,1326571.539,1946084.148,20148.781,2992112.834,,2484571.42998334,1294250.90868746,52.0915153844517,11.6644294329715
2016,,102833.300174935,176925.823107534,,103075.535609303,191868.523654859,57134.4805882224,,631837.663134853,193866.687644668,367112.407447559,70858.5680426257,116270.133495154,748107.796630007,,2497499.54885322,80683.7104567601,21515.6561218027,,114616.167302526,126655.853615999,189416.433069041,81573.1372720913,3021.6801194299,30219.0111995413,11144.3255174486,18207.0400843746,49778.7489841149,624632.397164567,,73602.0904475675,533461.297842778,522507.068313556,10954.2295292219,329626.72724909,65333.4122130467,264293.315036043,37638.9683548487,158810.06240348,284628.939435796,161069.411608445,324115.845600056,190255.874555857,133859.971044198,81169.0358035596,487515.170107598,2471637.54885322,25862.0,2497499.54885322,,73899.485,978687.266,967602.738,11645.185,397806.135,119871.333,278641.999,49388.497,165092.345,288170.574,165498.457,332567.441,190149.929,142741.604,84099.719,536528.293,3060460.687,19867.824,3048498.983,,595540.82489923,1876096.72395399,569764.951785302,1306331.77216869,2471637.54885322,25862.0,2497499.54885322,,1095993.281,1973152.793,622550.138,1349985.851,3060460.687,19867.824,3048498.983,,587840.480526603,1396281.89821902,487515.170107598,2471637.54885322,25862.0,2497499.54885322,,1087341.83,1447780.496,536528.293,3060460.687,19867.824,3048498.983,,1715521.13865815,624632.170107598,1090888.96855055,771666.452898257,639552.611423523,193866.999999999,445685.611423524,132113.841474734,2487187.59155641,10311.95729681,753225.28303982,742913.32574301,2497499.54885322,,1780248.284,663537.862,1115544.994,635632.639,191906.177,443622.221,1106166.014,763997.666,3048498.983,,,54.3379996231227,95.0811680985716,81.9255496813535,,595540.82489923,,569764.951785302,1306331.77216869,1876096.72395399,25862.0,2497499.54885322,,1095993.281,,622550.138,1349985.851,1973152.793,19867.824,3048498.983,,2471637.54885322,1338498.40255545,54.1543157562275,3.41877247842652
2017,,101751.24281237,173113.284707805,,96369.2648860411,215847.184531163,55015.1097044447,,745321.732641824,175509.925153846,466586.161487978,103225.646,129994.375457899,772090.462099723,,2681230.10621869,86554.5204301236,23081.205448033,,114675.011594523,128069.848284574,193419.393651816,81512.0223045755,3240.06623794686,30642.7039195318,11922.6861085491,16935.4375207236,50560.766041734,630977.935663974,,76883.3238569552,655514.413572584,643994.163480247,11520.2500923371,356432.894224326,83471.2275784275,272961.666645899,39553.748988451,153604.051001178,286313.842900016,165833.904681906,341640.31461361,200092.269504487,141548.045109123,90998.2736586561,491077.338721008,2657852.10621869,23378.0,2681230.10621869,,77135.024,945117.25,932996.653,12058.778,410041.89,122303.739,287933.413,49836.094,158679.436,292600.014,169519.769,350487.639,200576.87,150240.218,93337.593,538104.664,3091833.712,17883.104,3076272.292,,735363.055153558,1922489.05106513,576257.093677754,1346231.95738738,2657852.10621869,23378.0,2681230.10621869,,1064152.841,2018264.6,626604.861,1390477.112,3091833.712,17883.104,3076272.292,,727465.391058675,1439309.37643901,491077.338721008,2657852.10621869,23378.0,2681230.10621869,,1055227.669,1490568.699,538104.664,3091833.712,17883.104,3076272.292,,1766573.4140941,630978.138721008,1135595.27537309,772090.536945877,642096.561607984,175510.000000006,466586.561607978,129993.975337893,2538663.95103998,142566.155178715,899975.030452,757408.875273285,2681230.10621869,,1855206.84,685401.958,1168363.45,642236.389,174838.56,467398.116,1087003.066,765974.985,3076272.292,,,69.1031425958067,95.2545593409868,87.1584129009439,,735363.055153558,,576257.093677754,1346231.95738738,1922489.05106513,23378.0,2681230.10621869,,1064152.841,,626604.861,1390477.112,2018264.6,17883.104,3076272.292,,2657852.10621869,1375863.6745752,51.7659982418145,2.79158136822606
2018,,102820.250185382,165148.236543621,,131855.309276,221945.130140297,36057.7709406607,,657826.69708596,179135.59993698,364001.09714898,114690.0,171499.212955119,657826.697085961,,3174689.21909583,105135.106508508,28036.0284022688,,133042.900627758,151184.870151906,225691.495885035,95282.6143553155,4262.08866691912,35222.0460052175,14567.2347508093,21037.3043771765,55942.7593266231,736233.31414676,,78783.7758624049,972050.357776506,959813.48924144,12236.8685350657,399044.488564543,118345.045242237,280699.443322306,43964.7978141316,144791.888456457,284178.044657931,166778.539784461,346388.31214814,203764.1589,142624.15324814,94614.0608683995,559357.716480237,3089951.98241321,84737.23668262,3174689.21909583,,78783.776,972050.357,959813.489,12236.868,399044.489,118345.045,280699.444,43964.797,144791.888,284178.044,166778.539,346388.312,203764.16,142624.153,94614.061,559357.717,3089951.983,84737.237,3174689.219,,1086260.60206616,2003691.38034705,645503.60057777,1358187.77976929,3089951.98241321,84737.23668262,3174689.21909583,,1086260.603,2003691.38,645503.6,1358187.78,3089951.983,84737.237,3174689.219,,1078158.53448368,1452435.7314493,559357.716480237,3089951.98241321,84737.23668262,3174689.21909583,,1078158.534,1452435.732,559357.717,3089951.983,84737.237,3174689.219,,1950386.35232506,749244.512756047,1201141.83956902,829325.909733161,657826.697085961,179135.599937057,478691.097148903,171499.2126472,2779712.26205822,394976.957037608,1180937.1831729,785960.226135292,3174689.21909583,,1950386.352,749244.513,1201141.839,657826.697,179135.6,478691.096,1180937.183,785960.225,3174689.219,,,99.9999999140317,100.000000017321,100.000000003019,,1086260.60206616,,645503.60057777,1358187.77976929,2003691.38034705,84737.23668262,3174689.21909583,,1086260.603,,645503.6,1358187.78,2003691.38,84737.237,3174689.219,,3089951.98241321,1451316.67393917,46.9689070315491,5.4840461855546
2019,,118625.269836949,174577.283423998,,126135.260004311,221500.343202608,63116.3846081016,,703954.541075969,162483.2657065,412759.275369469,128712.0,185832.753085148,703954.541075969,,3144617.64468188,104598.146251639,27892.8390004371,,132904.848032203,144756.427104174,225905.357716317,91645.1560173336,3874.99460920312,33077.0521297918,13946.8805075977,19936.5858155332,55235.5148542828,721282.816786436,,80487.5937167582,855259.017141191,842078.703067415,13180.3140737764,392735.055752006,107709.512111946,285025.54364006,44985.5135244948,155048.177267018,306297.04222468,177127.525890209,357941.469694429,206392.66427356,151548.805420869,99033.7452796333,583758.078089365,3052673.21857978,91944.4261021,3144617.64468188,,80467.421,940582.059,927455.227,13126.833,399606.011,115144.417,284461.593,45108.33,149072.142,303114.176,175876.971,358528.142,209982.189,148545.954,96500.143,569052.627,3117908.025,91630.831,3209538.854,,958288.366462531,2094384.85211725,674981.966502879,1419402.88561437,3052673.21857978,91944.4261021,3144617.64468188,,1051003.934,2071259.24,659705.327,1411553.915,3117908.025,91630.831,3209538.854,,949788.215179361,1519126.92531106,583758.078089365,3052673.21857978,91944.4261021,3144617.64468188,,1042599.644,1506255.752,569052.627,3117908.025,91630.831,3209538.854,,2003883.81790508,735968.761776485,1267915.05612859,889787.293986226,703954.541075969,162483.26570656,541471.275369409,185832.752910257,2893671.11189131,250946.532790579,1071974.709666,821028.176875421,3144617.64468188,,2005865.139,726983.878,1278881.261,689869.284,159098.764,530770.521,1123257.688,860417.059,3209538.854,,,91.1783805428202,101.116500130483,97.9772418321963,,958288.366462531,,674981.966502879,1419402.88561437,2094384.85211725,91944.4261021,3144617.64468188,,1051003.934,,659705.327,1411553.915,2071259.24,91630.831,3209538.854,,3052673.21857978,1524157.86117832,49.9286281905868,5.01897267130833
2020,,96198.7336085361,155925.034494712,,117955.186563921,211403.184459286,82063.5441774964,,663545.683303952,154372.83399356,332239.849310392,176933.0,98944.4871253185,663545.683303952,,2753516.93979371,87268.0,23271.4666666667,,136988.219922812,156992.482400244,232580.75793267,99216.4508426506,4265.25891559111,36885.32298232,14801.2450775476,20219.167858815,59173.1891245592,761122.095057209,,81511.3161049407,535613.693452019,522225.679223553,13388.0142284658,347986.381424102,81974.2104298433,266012.170994259,42778.7556193599,160448.963036357,277761.146425462,164222.584440762,362224.289726431,206331.808381781,155892.481344651,86727.8659383879,576971.913436301,2636246.90960412,117270.03018959,2753516.93979371,,79174.766,884438.046,871172.383,13177.357,365933.759,99823.882,265736.721,43713.037,152159.997,283316.296,162920.903,372722.979,211891.877,160596.911,89790.61,565677.855,3002649.352,91851.657,3094588.101,,612500.0258432,2023746.88376092,663347.432813898,1360399.45094703,2636246.90960412,117270.03018959,2753516.93979371,,979131.173,2015825.047,652780.209,1362857.058,3002649.352,91851.657,3094588.101,,604199.889653396,1455075.10651443,576971.913436301,2636246.90960412,117270.03018959,2753516.93979371,,970772.624,1462676.007,565677.855,3002649.352,91851.657,3094588.101,,1988535.72991306,769833.611799261,1218702.1181138,762490.17042927,663545.683303952,154372.833993183,509172.849310769,98944.4871253185,2751025.90034233,2491.03945138599,685679.94411914,683188.904667754,2753516.93979371,,1928473.267,750966.691,1176407.922,618958.901,142616.667,476342.373,990928.887,689219.278,3094588.101,,,62.5554616922814,100.39298235592,88.9784633665439,,612500.0258432,,663347.432813898,1360399.45094703,2023746.88376092,117270.03018959,2753516.93979371,,979131.173,,652780.209,1362857.058,2015825.047,91851.657,3094588.101,,2636246.90960412,1467907.79996734,55.6817267236845,-3.6905666167339
2021,,137722.995359775,166482.007094432,,144261.190450101,254819.041762217,93218.3737949825,,796503.608461508,108334.810585255,523924.797876253,164244.0,37707.5945178777,796503.608461944,,3278085.43462496,106485.0,28396.0,,,,,,,,,,,,,87694.2328825868,801274.796603194,787082.757758251,14192.0388449431,432942.65067672,132845.365457479,300097.285219242,43932.6047211466,169897.886383693,319014.773432116,170492.757988667,379982.016321097,210960.689666515,169021.326654581,97366.0690854373,577633.095981194,3080230.88407585,197854.55054911,3278085.43462496,,80899.236,873697.424,860788.772,12901.736,397647.532,116400.491,282265.427,45663.241,154204.883,318130.464,168395.103,399474.546,223765.706,175468.327,110339.742,572112.191,3141096.061,106100.107,3251641.862,,928650.936725313,2151579.94735054,667942.596846723,1483637.35050382,3080230.88407585,197854.55054911,3278085.43462496,,991595.94,2137763.99,663581.839,1474500.036,3141096.061,106100.107,3251641.862,,919928.12321573,1582669.66487893,577633.095981194,3080230.88407585,197854.55054911,3278085.43462496,,982643.055,1570839.797,572112.191,3141096.061,106100.107,3251641.862,,2168302.60096104,780327.551461044,1387975.0495,834211.202979297,796503.608461944,108334.810585691,688168.797876253,37707.594517353,3002513.80394034,275571.630684621,1074381.0339929,798809.403308282,3278085.43462496,,2046978.813,757074.406,1288319.72,683755.737,92672.968,591902.851,1046445.352,746707.767,3251641.862,,,93.6521519768741,100.646280759484,100.813237550358,,928650.936725313,,667942.596846723,1483637.35050382,2151579.94735054,197854.55054911,3278085.43462496,,991595.94,,663581.839,1474500.036,2137763.99,106100.107,3251641.862,,3080230.88407585,1544488.71280851,50.141978667677,5.21701109857655
2022,,198813.146226477,243691.579050079,,183657.358380516,294573.504898667,103528.033013001,,1024263.62156874,152042.22178829,728816.39978045,143405.0,74361.4720853176,1024263.62156874,,4157143.18982018,129203.0,34454.1333333333,,,,,,,,,,,,,99976.0762988123,1371837.27771307,1357278.67017909,14558.6075339788,600120.263973655,251150.019454403,348970.244519252,44806.264439813,192200.908195298,348344.667644632,180693.137777605,416562.105565048,216528.874530816,200033.231034232,108380.135909755,603158.608726538,3966079.44624422,191063.74357596,4157143.18982018,,84153.399,1010862.019,999212.624,12195.907,428688.781,126096.212,303645.695,46248.059,167921.671,336021.988,171482.563,423567.103,226604.796,196480.685,114190.292,598699.067,3399115.132,102012.538,3495059.261,,1617919.34311025,2348160.10313398,700710.953435172,1647449.1496988,3966079.44624422,191063.74357596,4157143.18982018,,1139041.55,2251161.083,693467.727,1558030.083,3399115.132,102012.538,3495059.261,,1608428.68963349,1754492.14788419,603158.608726538,3966079.44624422,191063.74357596,4157143.18982018,,1129662.93,1658717.313,598699.067,3399115.132,102012.538,3495059.261,,2354760.38820459,865916.69507013,1488843.69313446,1098625.09365406,1024263.62156874,152042.22178829,872221.39978045,74361.4720853184,3453385.48185865,703757.70796153,1672055.97120042,968298.263238893,4157143.18982018,,2179912.003,827829.891,1351329.151,829229.546,123644.881,706517.626,1260957.106,839497.05,3495059.261,,,142.042170727683,104.308844039038,118.943424971591,,1617919.34311025,,700710.953435172,1647449.1496988,2348160.10313398,191063.74357596,4157143.18982018,,1139041.55,,693467.727,1558030.083,2251161.083,102012.538,3495059.261,,3966079.44624422,1657138.65562358,41.7827902361575,7.29367213116263
2023,,,,,,,,,,,,,,,,4003436.19855087,118216.0,31524.2666666667,,,,,,,,,,,,,108690.910203404,1031778.31338232,1016090.63994072,15687.6734415967,592033.485305418,239149.582157872,352883.903147546,46614.2953520528,210135.115069989,386496.745793418,199256.785466989,461656.875019475,236615.351917495,225041.52310198,120488.142643698,628533.22377019,3785683.89200695,217752.306543916,4003436.19855087,,87631.03,917828.288,905656.76,12887.598,413866.501,116825.385,301657.77,47465.953,175187.07,359512.214,183997.43,439940.365,229213.332,209848.905,126518.396,611257.144,3351648.066,114827.43,3468674.541,,1265524.94459928,2520158.94740768,736245.641989579,1783913.3054181,3785683.89200695,217752.306543916,4003436.19855087,,1036907.575,2337228.654,712593.479,1624656.784,3351648.066,114827.43,3468674.541,,1255240.2220986,1901910.44613817,628533.22377019,3785683.89200695,217752.306543916,4003436.19855087,,1027439.912,1731996.523,611257.144,3351648.066,114827.43,3468674.541,,2533633.74288935,934040.64217905,1599593.1007103,1174693.42572631,1116729.04349658,157387.33809393,959341.705402647,57964.3822297314,3708327.16861565,295109.029935217,1391162.39805471,1096053.36811949,4003436.19855087,,2299230.863,875326.801,1423220.464,873283.883,124133.59,750108.847,1178832.977,922228.928,3468674.541,,,122.047998790951,107.826803470624,115.416887667896,,1265524.94459928,,736245.641989579,1783913.3054181,2520158.94740768,217752.306543916,4003436.19855087,,1036907.575,,712593.479,1624656.784,2337228.654,114827.43,3468674.541,,3785683.89200695,1796431.77269377,47.4532957304421,8.4056404452032
