Year,Remittances_paid_1000SAR
1971,777274.93275
1972,1004281.768875
1973,1466982.193125
1974,1943662.033125
1975,2078824.768125
1976,3707507.171625
1977,5648832.09375
1978,10666816.40625
1979,14114788.515
1980,15352860.71625
1981,20055382.69125
1982,20050779.42
1983,19635955.81125
1984,19815195.9225
1985,19494713.745
1986,18000000.0
1987,18480000.0
1988,24380000.61
1989,31990001.22
1990,42079999.99999987
1991,51480000.0
1992,50172000.0
1993,58860000.0
1994,67792000.00000012
1995,62227000.00000013
1996,58096999.99999987
1997,56304000.0
1998,56002999.99999987
1999,52342999.99999987
2000,57712999.99999987
2001,56698999.99999987
2002,59451000.0
2003,55437300.0
2004,50831500.00000013
2005,53637999.99999975
2006,59785720.00000013
2007,61634419.99999987
2008,81360600.0
2009,99261499.99999988
2010,101508769.99999988
2011,106780969.99999988
2012,110597149.99999988
2013,131190699.99999976
2014,138465899.99999964
2015,145452629.99999964
2016,141912677.99999964
2017,135446106.19999987
2018,127055669.23305
2019,116988931.99999988
2020,129734427.98006776
2021,152731833.10809565
2022,147560177.2561699
2023,144849607.57618988
2024,174618370.75222987
