year;WW treatment Capacity (Mm3/day);WW collected (Mm3/day);WW treated (Mm3/day);cap_ex;op_ex
2009;3;2,4;2,4;3555,54;350,4
2010;3,5;2,696;2,696;4148,13;393,616
2011;4,3;3,092;3,092;5096,274;451,432
2012;4,3;3,444;3,44;5096,274;502,24
2013;4,7;3,626;3,626;5570,346;529,396
2014;4,7;4;4;5570,346;584
2015;4,7;4,022;4,02245;5570,346;587,2777
2016;4,98395;4,395;4,395;5906,877861;641,67
2017;5,3;4,26;4,26;6281,454;621,96
2018;5,3;4,561;4,561;6281,454;665,906
2019;5,3;5,020493151;4,936;6281,454;720,656
2020;5,3;5,217808219;5,105479452;6281,454;745,4
2021;7,76416;6,987744;5,274958904;9201,927149;770,144
2022;7,925474;7,1329266;7,1329266;9393,113275;1041,407284
2023;8,086788;7,2781092;7,2781092;9584,299402;1062,603943