date;Capacity (Mm3/d);Cumulative Capacity (Mm3/d);CapEx (M SAR);OpEx (M SAR/year)
1979;0,001763;0,001763;10,578;0,9652425
1982;0,003;0,004763;18;2,6077425
1984;0,002;0,006763;12;3,7027425
1985;0,0006;0,007363;3,6;4,0312425
1993;0,0045;0,011863;27;6,4949925
1994;0,012834;0,024697;77,004;13,5216075
1996;0,150351;0,175048;902,106;95,83878
1997;0,42278;0,597828;2536,68;327,31083
1998;0,222287;0,820115;1333,722;449,0129625
1999;0,082896;0,903011;497,376;494,3985225
2000;0,077697;0,980708;466,182;536,93763
2001;0,088487;1,069195;530,922;585,3842625
2002;0,647226;1,716421;3883,356;939,7404975
2003;0,16576;1,882181;994,56;1030,494098
2004;0,327521;2,209702;1965,126;1209,811845
2005;0,07388;2,283582;443,28;1250,261145
2006;0,191669;2,475251;1150,014;1355,199923
2007;0,332105;2,807356;1992,63;1537,02741
2008;0,49053;3,297886;2943,18;1805,592585
2009;1,23893;4,536816;7433,58;2483,90676
2010;1,532039;6,068855;9192,234;3322,698113
2011;0,204331;6,273186;1225,986;3434,569335
2012;0,269225;6,542411;1615,35;3581,970023
2013;0,831496;7,373907;4988,976;4037,214083
2014;0,535766;7,909673;3214,596;4330,545968
2015;0,219705;8,129378;1318,23;4450,834455
2016;1,074596;9,203974;6447,576;5039,175765
2017;0,66292;9,866894;3977,52;5402,124465
2018;0,213082;10,079976;1278,492;5518,78686
2019;0,692563;10,772539;4155,378;5897,965103
2020;0,64356;11,416099;3861,36;6250,314203
2021;0,335;11,751099;2010;6433,726703
2022;1,05;12,801099;6300;7008,601703
2023;1,23;14,031099;7380;7682,026703
