year;capacity_change;capacity_cum;cap_ex;op_ex
1979;0,643495;0,643495;10578;965,2425
1982;1,095;1,738495;18000;2607,7425
1984;0,73;2,468495;12000;3702,7425
1985;0,219;2,687495;3600;4031,2425
1993;1,6425;4,329995;27000;6494,9925
1994;4,68441;9,014405;77004;13521,6075
1996;54,878115;63,89252;902106;95838,78
1997;154,3147;218,20722;2536680;327310,83
1998;81,134755;299,341975;1333722;449012,9625
1999;30,25704;329,599015;497376;494398,5225
2000;28,359405;357,95842;466182;536937,63
2001;32,297755;390,256175;530922;585384,2625
2002;236,23749;626,493665;3883356;939740,4975
2003;60,5024;686,996065;994560;1030494,098
2004;119,545165;806,54123;1965126;1209811,845
2005;26,9662;833,50743;443280;1250261,145
2006;69,959185;903,466615;1150014;1355199,923
2007;121,218325;1024,68494;1992630;1537027,41
2008;179,04345;1203,72839;2943180;1805592,585
2009;452,20945;1655,93784;7433580;2483906,76
2010;559,194235;2215,132075;9192234;3322698,113
2011;74,580815;2289,71289;1225986;3434569,335
2012;98,267125;2387,980015;1615350;3581970,023
2013;303,49604;2691,476055;4988976;4037214,083
2014;195,55459;2887,030645;3214596;4330545,968
2015;80,192325;2967,22297;1318230;4450834,455
2016;392,22754;3359,45051;6447576;5039175,765
2017;241,9658;3601,41631;3977520;5402124,465
2018;77,77493;3679,19124;1278492;5518786,86
2019;252,785495;3931,976735;4155378;5897965,103
2020;234,8994;4166,876135;3861360;6250314,203
2021;122,275;4289,151135;2010000;6433726,703
2022;383,25;4672,401135;6300000;7008601,703
2023;448,95;5121,351135;7380000;7682026,703
