year,capacity_change,capacity_cum,cap_ex,op_ex
1979,0.643495,0.643495,0.010578,0.0009652424999999999
1982,1.095,1.738495,0.018,0.0026077425
1984,0.73,2.468495,0.012,0.0037027425
1985,0.219,2.687495,0.0036,0.0040312425
1993,1.6425,4.329995,0.027,0.0064949925
1994,4.68441,9.014405,0.077004,0.0135216075
1996,54.878115,63.89252,0.902106,0.09583878
1997,154.3147,218.20722,2.53668,0.32731083
1998,81.134755,299.341975,1.333722,0.4490129625
1999,30.25704,329.599015,0.497376,0.49439852250000005
2000,28.359405,357.95842,0.466182,0.53693763
2001,32.297755,390.256175,0.530922,0.5853842625
2002,236.23749,626.493665,3.883356,0.9397404975000001
2003,60.5024,686.996065,0.99456,1.030494098
2004,119.545165,806.54123,1.965126,1.209811845
2005,26.9662,833.50743,0.44328,1.250261145
2006,69.959185,903.466615,1.150014,1.355199923
2007,121.218325,1024.68494,1.99263,1.5370274099999999
2008,179.04345,1203.72839,2.94318,1.8055925849999999
2009,452.20945,1655.93784,7.43358,2.48390676
2010,559.194235,2215.132075,9.192234,3.322698113
2011,74.580815,2289.71289,1.225986,3.434569335
2012,98.267125,2387.980015,1.61535,3.5819700230000002
2013,303.49604,2691.476055,4.988976,4.037214083
2014,195.55459,2887.030645,3.214596,4.330545968
2015,80.192325,2967.22297,1.31823,4.450834455
2016,392.22754,3359.45051,6.447576,5.0391757649999995
2017,241.9658,3601.41631,3.97752,5.402124465
2018,77.77493,3679.19124,1.278492,5.5187868600000005
2019,252.785495,3931.976735,4.155378,5.897965103
2020,234.8994,4166.876135,3.86136,6.250314202999999
2021,122.275,4289.151135,2.01,6.433726703
2022,383.25,4672.401135,6.3,7.008601703
2023,448.95,5121.351135,7.38,7.682026703
