,Sector,WU_intensity_21
1,Agriculture,0.067356994
2,Mining of coal and lignite,1.764590578
3,Extraction of crude petroleum and natural gas,1.16E-07
4,Mining of metal ores,6.91E-06
5,Other mining and quarrying,6.48E-05
6,Mining support services,0.000261411
7,Manufacture of food products,0.000724512
8,Manufacture of beverages,0.000813295
9,Manufacture of tobacco products,0.000406027
10,Manufacture of textiles,0.000272049
11,Manufacture of wearing apparel,0.000785467
12,Manufacture of leather and related products,0.000114634
13,"Manufacture of wood and of products of wood and cork, except furniture;
manufacture of articles of straw and plaiting materials",0.000157983
14,Manufacture of paper and paper products,6.42E-05
15,Printing and reproduction of recorded media,8.15E-05
16,Manufacture of coke and refined petroleum products,0.000110542
17,Manufacture of chemicals and chemical products,0.001212229
18,"Manufacture of pharmaceuticals, medicinal chemical and botanical products",9.47E-05
19,Manufacture of rubber and plastics products,7.31E-05
20,Manufacture of other non-metallic mineral products,0.000402406
21,Manufacture of basic metals,0.000518594
22,"Manufacture of fabricated metal products, except machinery and equipment",0.000582011
23,"Manufacture of computer, electronic and optical products",5.85E-05
24,Manufacture of electrical equipment,4.21E-05
25,Manufacture of machinery and equipment n.e.c,6.31E-05
26,"Manufacture of motor vehicles, trailers and semi-trailers",4.73E-05
27,Manufacture of other transport equipment,4.51E-05
28,Manufacture of furniture,0.000836564
29,Other manufacturing industries,0.000350248
30,Repair and installation of machinery and equipment,0.00192241
31,"Supplies of electricity, gas, steam and air conditioning",0.000169187
32,"Water collection, treatment and supply",0.003554674
33,Sewage,6.30E-07
34,"Waste collection, treatment & disposal activities; materials recovery",0.000112266
35,Services,0.000576098
